worker_id,worker_name,archetype,site,date,status
1,Jyoti Baria,moderate,Site_4,2026-04-25,present
1,Jyoti Baria,moderate,Site_4,2026-04-27,present
1,Jyoti Baria,moderate,Site_4,2026-04-28,present
1,Jyoti Baria,moderate,Site_4,2026-04-29,present
1,Jyoti Baria,moderate,Site_4,2026-04-30,present
1,Jyoti Baria,moderate,Site_4,2026-05-01,present
1,Jyoti Baria,moderate,Site_4,2026-05-02,present
1,Jyoti Baria,moderate,Site_4,2026-05-04,absent
1,Jyoti Baria,moderate,Site_4,2026-05-05,absent
1,Jyoti Baria,moderate,Site_4,2026-05-06,present
1,Jyoti Baria,moderate,Site_4,2026-05-07,present
1,Jyoti Baria,moderate,Site_4,2026-05-08,absent
1,Jyoti Baria,moderate,Site_4,2026-05-09,present
1,Jyoti Baria,moderate,Site_4,2026-05-11,present
1,Jyoti Baria,moderate,Site_4,2026-05-12,present
1,Jyoti Baria,moderate,Site_4,2026-05-13,absent
1,Jyoti Baria,moderate,Site_4,2026-05-14,absent
1,Jyoti Baria,moderate,Site_4,2026-05-15,present
1,Jyoti Baria,moderate,Site_4,2026-05-16,absent
1,Jyoti Baria,moderate,Site_4,2026-05-18,present
1,Jyoti Baria,moderate,Site_4,2026-05-19,present
1,Jyoti Baria,moderate,Site_4,2026-05-20,absent
1,Jyoti Baria,moderate,Site_4,2026-05-21,absent
1,Jyoti Baria,moderate,Site_4,2026-05-22,present
1,Jyoti Baria,moderate,Site_4,2026-05-23,present
1,Jyoti Baria,moderate,Site_4,2026-05-25,present
1,Jyoti Baria,moderate,Site_4,2026-05-26,present
1,Jyoti Baria,moderate,Site_4,2026-05-27,present
1,Jyoti Baria,moderate,Site_4,2026-05-28,present
1,Jyoti Baria,moderate,Site_4,2026-05-29,present
1,Jyoti Baria,moderate,Site_4,2026-05-30,present
1,Jyoti Baria,moderate,Site_4,2026-06-01,present
1,Jyoti Baria,moderate,Site_4,2026-06-02,present
1,Jyoti Baria,moderate,Site_4,2026-06-03,present
1,Jyoti Baria,moderate,Site_4,2026-06-04,absent
1,Jyoti Baria,moderate,Site_4,2026-06-05,present
1,Jyoti Baria,moderate,Site_4,2026-06-06,absent
1,Jyoti Baria,moderate,Site_4,2026-06-08,present
1,Jyoti Baria,moderate,Site_4,2026-06-09,present
1,Jyoti Baria,moderate,Site_4,2026-06-10,present
1,Jyoti Baria,moderate,Site_4,2026-06-11,present
1,Jyoti Baria,moderate,Site_4,2026-06-12,absent
1,Jyoti Baria,moderate,Site_4,2026-06-13,absent
1,Jyoti Baria,moderate,Site_4,2026-06-15,present
1,Jyoti Baria,moderate,Site_4,2026-06-16,present
1,Jyoti Baria,moderate,Site_4,2026-06-17,absent
1,Jyoti Baria,moderate,Site_4,2026-06-18,present
1,Jyoti Baria,moderate,Site_4,2026-06-19,absent
1,Jyoti Baria,moderate,Site_4,2026-06-20,present
1,Jyoti Baria,moderate,Site_4,2026-06-22,present
1,Jyoti Baria,moderate,Site_4,2026-06-23,present
1,Jyoti Baria,moderate,Site_4,2026-06-24,present
1,Jyoti Baria,moderate,Site_4,2026-06-25,present
1,Jyoti Baria,moderate,Site_4,2026-06-26,absent
1,Jyoti Baria,moderate,Site_4,2026-06-27,present
1,Jyoti Baria,moderate,Site_4,2026-06-29,present
1,Jyoti Baria,moderate,Site_4,2026-06-30,absent
1,Jyoti Baria,moderate,Site_4,2026-07-01,absent
1,Jyoti Baria,moderate,Site_4,2026-07-02,present
1,Jyoti Baria,moderate,Site_4,2026-07-03,absent
1,Jyoti Baria,moderate,Site_4,2026-07-04,absent
1,Jyoti Baria,moderate,Site_4,2026-07-06,present
1,Jyoti Baria,moderate,Site_4,2026-07-07,present
1,Jyoti Baria,moderate,Site_4,2026-07-08,present
1,Jyoti Baria,moderate,Site_4,2026-07-09,present
1,Jyoti Baria,moderate,Site_4,2026-07-10,absent
2,Chakrika Menon,reliable,Site_2,2026-02-05,present
2,Chakrika Menon,reliable,Site_8,2026-02-06,present
2,Chakrika Menon,reliable,Site_2,2026-02-07,absent
2,Chakrika Menon,reliable,Site_8,2026-02-09,present
2,Chakrika Menon,reliable,Site_2,2026-02-10,absent
2,Chakrika Menon,reliable,Site_8,2026-02-11,present
2,Chakrika Menon,reliable,Site_8,2026-02-12,absent
2,Chakrika Menon,reliable,Site_8,2026-02-13,present
2,Chakrika Menon,reliable,Site_2,2026-02-14,present
2,Chakrika Menon,reliable,Site_2,2026-02-16,present
2,Chakrika Menon,reliable,Site_2,2026-02-17,present
2,Chakrika Menon,reliable,Site_2,2026-02-18,present
2,Chakrika Menon,reliable,Site_2,2026-02-19,present
2,Chakrika Menon,reliable,Site_2,2026-02-20,present
2,Chakrika Menon,reliable,Site_2,2026-02-21,present
2,Chakrika Menon,reliable,Site_8,2026-02-23,present
2,Chakrika Menon,reliable,Site_2,2026-02-24,present
2,Chakrika Menon,reliable,Site_8,2026-02-25,present
2,Chakrika Menon,reliable,Site_8,2026-02-26,present
2,Chakrika Menon,reliable,Site_2,2026-02-27,present
2,Chakrika Menon,reliable,Site_8,2026-02-28,present
2,Chakrika Menon,reliable,Site_8,2026-03-02,present
2,Chakrika Menon,reliable,Site_2,2026-03-03,present
2,Chakrika Menon,reliable,Site_2,2026-03-04,present
2,Chakrika Menon,reliable,Site_8,2026-03-05,present
2,Chakrika Menon,reliable,Site_2,2026-03-06,present
2,Chakrika Menon,reliable,Site_2,2026-03-07,present
2,Chakrika Menon,reliable,Site_2,2026-03-09,present
2,Chakrika Menon,reliable,Site_8,2026-03-10,present
2,Chakrika Menon,reliable,Site_2,2026-03-11,present
2,Chakrika Menon,reliable,Site_2,2026-03-12,present
2,Chakrika Menon,reliable,Site_2,2026-03-13,present
2,Chakrika Menon,reliable,Site_2,2026-03-14,absent
2,Chakrika Menon,reliable,Site_8,2026-03-16,present
2,Chakrika Menon,reliable,Site_8,2026-03-17,present
2,Chakrika Menon,reliable,Site_2,2026-03-18,present
2,Chakrika Menon,reliable,Site_8,2026-03-19,present
2,Chakrika Menon,reliable,Site_8,2026-03-20,present
2,Chakrika Menon,reliable,Site_8,2026-03-21,present
2,Chakrika Menon,reliable,Site_8,2026-03-23,present
2,Chakrika Menon,reliable,Site_2,2026-03-24,present
2,Chakrika Menon,reliable,Site_2,2026-03-25,present
2,Chakrika Menon,reliable,Site_2,2026-03-26,present
2,Chakrika Menon,reliable,Site_8,2026-03-27,present
2,Chakrika Menon,reliable,Site_2,2026-03-28,present
2,Chakrika Menon,reliable,Site_2,2026-03-30,present
2,Chakrika Menon,reliable,Site_2,2026-03-31,present
2,Chakrika Menon,reliable,Site_2,2026-04-01,present
2,Chakrika Menon,reliable,Site_2,2026-04-02,present
2,Chakrika Menon,reliable,Site_2,2026-04-03,present
2,Chakrika Menon,reliable,Site_8,2026-04-04,present
2,Chakrika Menon,reliable,Site_8,2026-04-06,present
2,Chakrika Menon,reliable,Site_2,2026-04-07,absent
2,Chakrika Menon,reliable,Site_8,2026-04-08,present
2,Chakrika Menon,reliable,Site_8,2026-04-09,present
2,Chakrika Menon,reliable,Site_8,2026-04-10,present
2,Chakrika Menon,reliable,Site_2,2026-04-11,present
2,Chakrika Menon,reliable,Site_2,2026-04-13,present
2,Chakrika Menon,reliable,Site_2,2026-04-14,present
2,Chakrika Menon,reliable,Site_2,2026-04-15,present
2,Chakrika Menon,reliable,Site_2,2026-04-16,absent
2,Chakrika Menon,reliable,Site_8,2026-04-17,present
2,Chakrika Menon,reliable,Site_8,2026-04-18,present
2,Chakrika Menon,reliable,Site_8,2026-04-20,present
2,Chakrika Menon,reliable,Site_2,2026-04-21,present
2,Chakrika Menon,reliable,Site_8,2026-04-22,present
2,Chakrika Menon,reliable,Site_2,2026-04-23,absent
2,Chakrika Menon,reliable,Site_2,2026-04-24,absent
2,Chakrika Menon,reliable,Site_2,2026-04-25,present
2,Chakrika Menon,reliable,Site_2,2026-04-27,present
2,Chakrika Menon,reliable,Site_2,2026-04-28,present
2,Chakrika Menon,reliable,Site_2,2026-04-29,present
2,Chakrika Menon,reliable,Site_8,2026-04-30,present
2,Chakrika Menon,reliable,Site_8,2026-05-01,present
2,Chakrika Menon,reliable,Site_2,2026-05-02,present
2,Chakrika Menon,reliable,Site_8,2026-05-04,present
2,Chakrika Menon,reliable,Site_2,2026-05-05,present
2,Chakrika Menon,reliable,Site_2,2026-05-06,present
2,Chakrika Menon,reliable,Site_8,2026-05-07,present
2,Chakrika Menon,reliable,Site_8,2026-05-08,present
2,Chakrika Menon,reliable,Site_8,2026-05-09,present
2,Chakrika Menon,reliable,Site_2,2026-05-11,present
2,Chakrika Menon,reliable,Site_2,2026-05-12,present
2,Chakrika Menon,reliable,Site_8,2026-05-13,present
2,Chakrika Menon,reliable,Site_2,2026-05-14,present
2,Chakrika Menon,reliable,Site_2,2026-05-15,present
2,Chakrika Menon,reliable,Site_2,2026-05-16,present
2,Chakrika Menon,reliable,Site_2,2026-05-18,present
2,Chakrika Menon,reliable,Site_2,2026-05-19,present
2,Chakrika Menon,reliable,Site_8,2026-05-20,present
2,Chakrika Menon,reliable,Site_2,2026-05-21,absent
2,Chakrika Menon,reliable,Site_2,2026-05-22,absent
2,Chakrika Menon,reliable,Site_2,2026-05-23,present
2,Chakrika Menon,reliable,Site_2,2026-05-25,present
2,Chakrika Menon,reliable,Site_8,2026-05-26,present
2,Chakrika Menon,reliable,Site_8,2026-05-27,present
2,Chakrika Menon,reliable,Site_2,2026-05-28,present
2,Chakrika Menon,reliable,Site_2,2026-05-29,present
2,Chakrika Menon,reliable,Site_2,2026-05-30,present
2,Chakrika Menon,reliable,Site_2,2026-06-01,present
2,Chakrika Menon,reliable,Site_8,2026-06-02,present
2,Chakrika Menon,reliable,Site_2,2026-06-03,present
2,Chakrika Menon,reliable,Site_2,2026-06-04,present
2,Chakrika Menon,reliable,Site_8,2026-06-05,present
2,Chakrika Menon,reliable,Site_8,2026-06-06,present
2,Chakrika Menon,reliable,Site_8,2026-06-08,present
2,Chakrika Menon,reliable,Site_8,2026-06-09,present
2,Chakrika Menon,reliable,Site_2,2026-06-10,absent
2,Chakrika Menon,reliable,Site_8,2026-06-11,present
2,Chakrika Menon,reliable,Site_8,2026-06-12,present
2,Chakrika Menon,reliable,Site_8,2026-06-13,present
2,Chakrika Menon,reliable,Site_8,2026-06-15,present
2,Chakrika Menon,reliable,Site_2,2026-06-16,present
2,Chakrika Menon,reliable,Site_2,2026-06-17,present
2,Chakrika Menon,reliable,Site_8,2026-06-18,present
2,Chakrika Menon,reliable,Site_2,2026-06-19,present
2,Chakrika Menon,reliable,Site_2,2026-06-20,present
2,Chakrika Menon,reliable,Site_8,2026-06-22,absent
2,Chakrika Menon,reliable,Site_2,2026-06-23,present
2,Chakrika Menon,reliable,Site_8,2026-06-24,present
2,Chakrika Menon,reliable,Site_8,2026-06-25,present
2,Chakrika Menon,reliable,Site_8,2026-06-26,present
2,Chakrika Menon,reliable,Site_2,2026-06-27,present
2,Chakrika Menon,reliable,Site_8,2026-06-29,present
2,Chakrika Menon,reliable,Site_2,2026-06-30,present
2,Chakrika Menon,reliable,Site_8,2026-07-01,present
2,Chakrika Menon,reliable,Site_2,2026-07-02,present
2,Chakrika Menon,reliable,Site_2,2026-07-03,present
2,Chakrika Menon,reliable,Site_8,2026-07-04,present
2,Chakrika Menon,reliable,Site_8,2026-07-06,present
2,Chakrika Menon,reliable,Site_8,2026-07-07,present
2,Chakrika Menon,reliable,Site_2,2026-07-08,present
2,Chakrika Menon,reliable,Site_8,2026-07-09,present
2,Chakrika Menon,reliable,Site_8,2026-07-10,present
3,Ikshita Sama,reliable,Site_4,2026-02-26,present
3,Ikshita Sama,reliable,Site_5,2026-02-27,absent
3,Ikshita Sama,reliable,Site_4,2026-02-28,present
3,Ikshita Sama,reliable,Site_2,2026-03-02,present
3,Ikshita Sama,reliable,Site_4,2026-03-03,present
3,Ikshita Sama,reliable,Site_5,2026-03-04,present
3,Ikshita Sama,reliable,Site_5,2026-03-05,present
3,Ikshita Sama,reliable,Site_4,2026-03-06,present
3,Ikshita Sama,reliable,Site_2,2026-03-07,present
3,Ikshita Sama,reliable,Site_4,2026-03-09,present
3,Ikshita Sama,reliable,Site_5,2026-03-10,present
3,Ikshita Sama,reliable,Site_2,2026-03-11,present
3,Ikshita Sama,reliable,Site_9,2026-03-12,present
3,Ikshita Sama,reliable,Site_2,2026-03-13,present
3,Ikshita Sama,reliable,Site_2,2026-03-14,present
3,Ikshita Sama,reliable,Site_2,2026-03-16,present
3,Ikshita Sama,reliable,Site_2,2026-03-17,present
3,Ikshita Sama,reliable,Site_4,2026-03-18,present
3,Ikshita Sama,reliable,Site_9,2026-03-19,present
3,Ikshita Sama,reliable,Site_2,2026-03-20,present
3,Ikshita Sama,reliable,Site_9,2026-03-21,present
3,Ikshita Sama,reliable,Site_9,2026-03-23,present
3,Ikshita Sama,reliable,Site_9,2026-03-24,present
3,Ikshita Sama,reliable,Site_5,2026-03-25,present
3,Ikshita Sama,reliable,Site_4,2026-03-26,present
3,Ikshita Sama,reliable,Site_4,2026-03-27,present
3,Ikshita Sama,reliable,Site_5,2026-03-28,present
3,Ikshita Sama,reliable,Site_9,2026-03-30,present
3,Ikshita Sama,reliable,Site_2,2026-03-31,present
3,Ikshita Sama,reliable,Site_2,2026-04-01,present
3,Ikshita Sama,reliable,Site_5,2026-04-02,present
3,Ikshita Sama,reliable,Site_2,2026-04-03,present
3,Ikshita Sama,reliable,Site_9,2026-04-04,present
3,Ikshita Sama,reliable,Site_2,2026-04-06,present
3,Ikshita Sama,reliable,Site_2,2026-04-07,present
3,Ikshita Sama,reliable,Site_4,2026-04-08,present
3,Ikshita Sama,reliable,Site_9,2026-04-09,present
3,Ikshita Sama,reliable,Site_5,2026-04-10,present
3,Ikshita Sama,reliable,Site_2,2026-04-11,present
3,Ikshita Sama,reliable,Site_2,2026-04-13,present
3,Ikshita Sama,reliable,Site_5,2026-04-14,present
3,Ikshita Sama,reliable,Site_5,2026-04-15,present
3,Ikshita Sama,reliable,Site_2,2026-04-16,present
3,Ikshita Sama,reliable,Site_2,2026-04-17,present
3,Ikshita Sama,reliable,Site_9,2026-04-18,present
3,Ikshita Sama,reliable,Site_4,2026-04-20,present
3,Ikshita Sama,reliable,Site_9,2026-04-21,present
3,Ikshita Sama,reliable,Site_2,2026-04-22,present
3,Ikshita Sama,reliable,Site_2,2026-04-23,present
3,Ikshita Sama,reliable,Site_5,2026-04-24,present
3,Ikshita Sama,reliable,Site_5,2026-04-25,present
3,Ikshita Sama,reliable,Site_9,2026-04-27,absent
3,Ikshita Sama,reliable,Site_5,2026-04-28,present
3,Ikshita Sama,reliable,Site_5,2026-04-29,present
3,Ikshita Sama,reliable,Site_4,2026-04-30,present
3,Ikshita Sama,reliable,Site_5,2026-05-01,present
3,Ikshita Sama,reliable,Site_4,2026-05-02,present
3,Ikshita Sama,reliable,Site_5,2026-05-04,present
3,Ikshita Sama,reliable,Site_4,2026-05-05,present
3,Ikshita Sama,reliable,Site_9,2026-05-06,present
3,Ikshita Sama,reliable,Site_4,2026-05-07,present
3,Ikshita Sama,reliable,Site_5,2026-05-08,present
3,Ikshita Sama,reliable,Site_4,2026-05-09,present
3,Ikshita Sama,reliable,Site_5,2026-05-11,present
3,Ikshita Sama,reliable,Site_9,2026-05-12,present
3,Ikshita Sama,reliable,Site_2,2026-05-13,present
3,Ikshita Sama,reliable,Site_4,2026-05-14,present
3,Ikshita Sama,reliable,Site_4,2026-05-15,present
3,Ikshita Sama,reliable,Site_9,2026-05-16,present
3,Ikshita Sama,reliable,Site_5,2026-05-18,present
3,Ikshita Sama,reliable,Site_5,2026-05-19,present
3,Ikshita Sama,reliable,Site_2,2026-05-20,present
3,Ikshita Sama,reliable,Site_5,2026-05-21,present
3,Ikshita Sama,reliable,Site_9,2026-05-22,present
3,Ikshita Sama,reliable,Site_2,2026-05-23,present
3,Ikshita Sama,reliable,Site_5,2026-05-25,present
3,Ikshita Sama,reliable,Site_9,2026-05-26,present
3,Ikshita Sama,reliable,Site_2,2026-05-27,present
3,Ikshita Sama,reliable,Site_2,2026-05-28,present
3,Ikshita Sama,reliable,Site_9,2026-05-29,present
3,Ikshita Sama,reliable,Site_2,2026-05-30,present
3,Ikshita Sama,reliable,Site_9,2026-06-01,present
3,Ikshita Sama,reliable,Site_4,2026-06-02,present
3,Ikshita Sama,reliable,Site_5,2026-06-03,present
3,Ikshita Sama,reliable,Site_2,2026-06-04,present
3,Ikshita Sama,reliable,Site_2,2026-06-05,present
3,Ikshita Sama,reliable,Site_2,2026-06-06,present
3,Ikshita Sama,reliable,Site_2,2026-06-08,present
3,Ikshita Sama,reliable,Site_4,2026-06-09,present
3,Ikshita Sama,reliable,Site_9,2026-06-10,present
3,Ikshita Sama,reliable,Site_9,2026-06-11,present
3,Ikshita Sama,reliable,Site_9,2026-06-12,present
3,Ikshita Sama,reliable,Site_4,2026-06-13,present
3,Ikshita Sama,reliable,Site_2,2026-06-15,present
3,Ikshita Sama,reliable,Site_4,2026-06-16,present
3,Ikshita Sama,reliable,Site_2,2026-06-17,present
3,Ikshita Sama,reliable,Site_5,2026-06-18,present
3,Ikshita Sama,reliable,Site_4,2026-06-19,present
3,Ikshita Sama,reliable,Site_4,2026-06-20,present
3,Ikshita Sama,reliable,Site_9,2026-06-22,present
3,Ikshita Sama,reliable,Site_9,2026-06-23,present
3,Ikshita Sama,reliable,Site_9,2026-06-24,present
3,Ikshita Sama,reliable,Site_2,2026-06-25,present
3,Ikshita Sama,reliable,Site_9,2026-06-26,present
3,Ikshita Sama,reliable,Site_4,2026-06-27,present
3,Ikshita Sama,reliable,Site_4,2026-06-29,present
3,Ikshita Sama,reliable,Site_2,2026-06-30,present
3,Ikshita Sama,reliable,Site_9,2026-07-01,present
3,Ikshita Sama,reliable,Site_4,2026-07-02,absent
3,Ikshita Sama,reliable,Site_9,2026-07-03,present
3,Ikshita Sama,reliable,Site_5,2026-07-04,present
3,Ikshita Sama,reliable,Site_4,2026-07-06,present
3,Ikshita Sama,reliable,Site_5,2026-07-07,present
3,Ikshita Sama,reliable,Site_4,2026-07-08,present
3,Ikshita Sama,reliable,Site_2,2026-07-09,present
3,Ikshita Sama,reliable,Site_5,2026-07-10,present
4,Warjas Chandra,moderate,Site_1,2026-04-14,present
4,Warjas Chandra,moderate,Site_3,2026-04-15,present
4,Warjas Chandra,moderate,Site_3,2026-04-16,present
4,Warjas Chandra,moderate,Site_3,2026-04-17,present
4,Warjas Chandra,moderate,Site_1,2026-04-18,present
4,Warjas Chandra,moderate,Site_3,2026-04-20,present
4,Warjas Chandra,moderate,Site_1,2026-04-21,present
4,Warjas Chandra,moderate,Site_3,2026-04-22,present
4,Warjas Chandra,moderate,Site_1,2026-04-23,absent
4,Warjas Chandra,moderate,Site_1,2026-04-24,present
4,Warjas Chandra,moderate,Site_1,2026-04-25,present
4,Warjas Chandra,moderate,Site_3,2026-04-27,present
4,Warjas Chandra,moderate,Site_3,2026-04-28,present
4,Warjas Chandra,moderate,Site_3,2026-04-29,absent
4,Warjas Chandra,moderate,Site_1,2026-04-30,present
4,Warjas Chandra,moderate,Site_3,2026-05-01,present
4,Warjas Chandra,moderate,Site_3,2026-05-02,present
4,Warjas Chandra,moderate,Site_1,2026-05-04,present
4,Warjas Chandra,moderate,Site_1,2026-05-05,present
4,Warjas Chandra,moderate,Site_3,2026-05-06,present
4,Warjas Chandra,moderate,Site_1,2026-05-07,present
4,Warjas Chandra,moderate,Site_1,2026-05-08,present
4,Warjas Chandra,moderate,Site_3,2026-05-09,present
4,Warjas Chandra,moderate,Site_3,2026-05-11,absent
4,Warjas Chandra,moderate,Site_3,2026-05-12,present
4,Warjas Chandra,moderate,Site_1,2026-05-13,present
4,Warjas Chandra,moderate,Site_3,2026-05-14,absent
4,Warjas Chandra,moderate,Site_1,2026-05-15,present
4,Warjas Chandra,moderate,Site_1,2026-05-16,present
4,Warjas Chandra,moderate,Site_1,2026-05-18,present
4,Warjas Chandra,moderate,Site_1,2026-05-19,present
4,Warjas Chandra,moderate,Site_1,2026-05-20,absent
4,Warjas Chandra,moderate,Site_3,2026-05-21,present
4,Warjas Chandra,moderate,Site_1,2026-05-22,absent
4,Warjas Chandra,moderate,Site_3,2026-05-23,present
4,Warjas Chandra,moderate,Site_3,2026-05-25,present
4,Warjas Chandra,moderate,Site_1,2026-05-26,absent
4,Warjas Chandra,moderate,Site_3,2026-05-27,present
4,Warjas Chandra,moderate,Site_1,2026-05-28,present
4,Warjas Chandra,moderate,Site_3,2026-05-29,absent
4,Warjas Chandra,moderate,Site_1,2026-05-30,absent
4,Warjas Chandra,moderate,Site_1,2026-06-01,present
4,Warjas Chandra,moderate,Site_1,2026-06-02,absent
4,Warjas Chandra,moderate,Site_1,2026-06-03,present
4,Warjas Chandra,moderate,Site_3,2026-06-04,present
4,Warjas Chandra,moderate,Site_1,2026-06-05,absent
4,Warjas Chandra,moderate,Site_1,2026-06-06,present
4,Warjas Chandra,moderate,Site_1,2026-06-08,present
4,Warjas Chandra,moderate,Site_3,2026-06-09,absent
4,Warjas Chandra,moderate,Site_1,2026-06-10,present
4,Warjas Chandra,moderate,Site_3,2026-06-11,present
4,Warjas Chandra,moderate,Site_1,2026-06-12,absent
4,Warjas Chandra,moderate,Site_3,2026-06-13,absent
4,Warjas Chandra,moderate,Site_1,2026-06-15,present
4,Warjas Chandra,moderate,Site_3,2026-06-16,present
4,Warjas Chandra,moderate,Site_1,2026-06-17,present
4,Warjas Chandra,moderate,Site_3,2026-06-18,present
4,Warjas Chandra,moderate,Site_3,2026-06-19,present
4,Warjas Chandra,moderate,Site_1,2026-06-20,absent
4,Warjas Chandra,moderate,Site_1,2026-06-22,absent
4,Warjas Chandra,moderate,Site_3,2026-06-23,present
4,Warjas Chandra,moderate,Site_1,2026-06-24,present
4,Warjas Chandra,moderate,Site_1,2026-06-25,present
4,Warjas Chandra,moderate,Site_3,2026-06-26,present
4,Warjas Chandra,moderate,Site_3,2026-06-27,present
4,Warjas Chandra,moderate,Site_3,2026-06-29,present
4,Warjas Chandra,moderate,Site_1,2026-06-30,present
4,Warjas Chandra,moderate,Site_1,2026-07-01,present
4,Warjas Chandra,moderate,Site_1,2026-07-02,present
4,Warjas Chandra,moderate,Site_3,2026-07-03,absent
4,Warjas Chandra,moderate,Site_3,2026-07-04,present
4,Warjas Chandra,moderate,Site_3,2026-07-06,present
4,Warjas Chandra,moderate,Site_1,2026-07-07,absent
4,Warjas Chandra,moderate,Site_1,2026-07-08,absent
4,Warjas Chandra,moderate,Site_1,2026-07-09,present
4,Warjas Chandra,moderate,Site_1,2026-07-10,absent
5,Rayaan Gade,unreliable,Site_8,2026-05-27,present
5,Rayaan Gade,unreliable,Site_8,2026-05-28,present
5,Rayaan Gade,unreliable,Site_8,2026-05-29,present
5,Rayaan Gade,unreliable,Site_8,2026-05-30,absent
5,Rayaan Gade,unreliable,Site_8,2026-06-01,present
5,Rayaan Gade,unreliable,Site_8,2026-06-02,absent
5,Rayaan Gade,unreliable,Site_8,2026-06-03,present
5,Rayaan Gade,unreliable,Site_8,2026-06-04,absent
5,Rayaan Gade,unreliable,Site_8,2026-06-05,present
5,Rayaan Gade,unreliable,Site_8,2026-06-06,present
5,Rayaan Gade,unreliable,Site_8,2026-06-08,present
5,Rayaan Gade,unreliable,Site_8,2026-06-09,absent
5,Rayaan Gade,unreliable,Site_8,2026-06-10,present
5,Rayaan Gade,unreliable,Site_8,2026-06-11,present
5,Rayaan Gade,unreliable,Site_8,2026-06-12,present
5,Rayaan Gade,unreliable,Site_8,2026-06-13,present
5,Rayaan Gade,unreliable,Site_8,2026-06-15,present
5,Rayaan Gade,unreliable,Site_8,2026-06-16,absent
5,Rayaan Gade,unreliable,Site_8,2026-06-17,absent
5,Rayaan Gade,unreliable,Site_8,2026-06-18,absent
5,Rayaan Gade,unreliable,Site_8,2026-06-19,absent
5,Rayaan Gade,unreliable,Site_8,2026-06-20,absent
5,Rayaan Gade,unreliable,Site_8,2026-06-22,absent
5,Rayaan Gade,unreliable,Site_8,2026-06-23,absent
5,Rayaan Gade,unreliable,Site_8,2026-06-24,present
5,Rayaan Gade,unreliable,Site_8,2026-06-25,absent
5,Rayaan Gade,unreliable,Site_8,2026-06-26,present
5,Rayaan Gade,unreliable,Site_8,2026-06-27,absent
5,Rayaan Gade,unreliable,Site_8,2026-06-29,present
5,Rayaan Gade,unreliable,Site_8,2026-06-30,present
5,Rayaan Gade,unreliable,Site_8,2026-07-01,present
5,Rayaan Gade,unreliable,Site_8,2026-07-02,present
5,Rayaan Gade,unreliable,Site_8,2026-07-03,present
5,Rayaan Gade,unreliable,Site_8,2026-07-04,absent
5,Rayaan Gade,unreliable,Site_8,2026-07-06,absent
5,Rayaan Gade,unreliable,Site_8,2026-07-07,present
5,Rayaan Gade,unreliable,Site_8,2026-07-08,present
5,Rayaan Gade,unreliable,Site_8,2026-07-09,present
5,Rayaan Gade,unreliable,Site_8,2026-07-10,absent
6,Abeer Misra,new,Site_8,2026-07-06,absent
6,Abeer Misra,new,Site_8,2026-07-07,present
6,Abeer Misra,new,Site_8,2026-07-08,present
6,Abeer Misra,new,Site_8,2026-07-09,present
6,Abeer Misra,new,Site_8,2026-07-10,absent
7,George Kanda,reliable,Site_1,2026-02-19,present
7,George Kanda,reliable,Site_5,2026-02-20,present
7,George Kanda,reliable,Site_7,2026-02-21,present
7,George Kanda,reliable,Site_1,2026-02-23,present
7,George Kanda,reliable,Site_10,2026-02-24,present
7,George Kanda,reliable,Site_1,2026-02-25,present
7,George Kanda,reliable,Site_10,2026-02-26,present
7,George Kanda,reliable,Site_10,2026-02-27,present
7,George Kanda,reliable,Site_5,2026-02-28,present
7,George Kanda,reliable,Site_7,2026-03-02,present
7,George Kanda,reliable,Site_1,2026-03-03,present
7,George Kanda,reliable,Site_5,2026-03-04,present
7,George Kanda,reliable,Site_1,2026-03-05,present
7,George Kanda,reliable,Site_10,2026-03-06,present
7,George Kanda,reliable,Site_1,2026-03-07,present
7,George Kanda,reliable,Site_1,2026-03-09,present
7,George Kanda,reliable,Site_1,2026-03-10,present
7,George Kanda,reliable,Site_7,2026-03-11,present
7,George Kanda,reliable,Site_1,2026-03-12,absent
7,George Kanda,reliable,Site_1,2026-03-13,present
7,George Kanda,reliable,Site_7,2026-03-14,present
7,George Kanda,reliable,Site_10,2026-03-16,absent
7,George Kanda,reliable,Site_10,2026-03-17,present
7,George Kanda,reliable,Site_7,2026-03-18,present
7,George Kanda,reliable,Site_1,2026-03-19,absent
7,George Kanda,reliable,Site_7,2026-03-20,present
7,George Kanda,reliable,Site_5,2026-03-21,present
7,George Kanda,reliable,Site_1,2026-03-23,present
7,George Kanda,reliable,Site_1,2026-03-24,present
7,George Kanda,reliable,Site_10,2026-03-25,present
7,George Kanda,reliable,Site_1,2026-03-26,present
7,George Kanda,reliable,Site_10,2026-03-27,present
7,George Kanda,reliable,Site_7,2026-03-28,present
7,George Kanda,reliable,Site_1,2026-03-30,present
7,George Kanda,reliable,Site_5,2026-03-31,present
7,George Kanda,reliable,Site_5,2026-04-01,present
7,George Kanda,reliable,Site_7,2026-04-02,present
7,George Kanda,reliable,Site_10,2026-04-03,present
7,George Kanda,reliable,Site_10,2026-04-04,present
7,George Kanda,reliable,Site_1,2026-04-06,present
7,George Kanda,reliable,Site_7,2026-04-07,present
7,George Kanda,reliable,Site_10,2026-04-08,present
7,George Kanda,reliable,Site_5,2026-04-09,present
7,George Kanda,reliable,Site_7,2026-04-10,present
7,George Kanda,reliable,Site_1,2026-04-11,absent
7,George Kanda,reliable,Site_1,2026-04-13,present
7,George Kanda,reliable,Site_7,2026-04-14,present
7,George Kanda,reliable,Site_1,2026-04-15,absent
7,George Kanda,reliable,Site_1,2026-04-16,present
7,George Kanda,reliable,Site_1,2026-04-17,present
7,George Kanda,reliable,Site_1,2026-04-18,present
7,George Kanda,reliable,Site_5,2026-04-20,present
7,George Kanda,reliable,Site_7,2026-04-21,absent
7,George Kanda,reliable,Site_10,2026-04-22,present
7,George Kanda,reliable,Site_5,2026-04-23,present
7,George Kanda,reliable,Site_1,2026-04-24,present
7,George Kanda,reliable,Site_10,2026-04-25,present
7,George Kanda,reliable,Site_10,2026-04-27,present
7,George Kanda,reliable,Site_10,2026-04-28,present
7,George Kanda,reliable,Site_10,2026-04-29,present
7,George Kanda,reliable,Site_10,2026-04-30,present
7,George Kanda,reliable,Site_5,2026-05-01,present
7,George Kanda,reliable,Site_10,2026-05-02,present
7,George Kanda,reliable,Site_1,2026-05-04,absent
7,George Kanda,reliable,Site_5,2026-05-05,present
7,George Kanda,reliable,Site_5,2026-05-06,present
7,George Kanda,reliable,Site_1,2026-05-07,present
7,George Kanda,reliable,Site_10,2026-05-08,present
7,George Kanda,reliable,Site_5,2026-05-09,present
7,George Kanda,reliable,Site_5,2026-05-11,present
7,George Kanda,reliable,Site_7,2026-05-12,present
7,George Kanda,reliable,Site_5,2026-05-13,present
7,George Kanda,reliable,Site_1,2026-05-14,present
7,George Kanda,reliable,Site_5,2026-05-15,present
7,George Kanda,reliable,Site_10,2026-05-16,present
7,George Kanda,reliable,Site_5,2026-05-18,absent
7,George Kanda,reliable,Site_1,2026-05-19,present
7,George Kanda,reliable,Site_5,2026-05-20,present
7,George Kanda,reliable,Site_7,2026-05-21,present
7,George Kanda,reliable,Site_7,2026-05-22,present
7,George Kanda,reliable,Site_7,2026-05-23,present
7,George Kanda,reliable,Site_7,2026-05-25,present
7,George Kanda,reliable,Site_5,2026-05-26,present
7,George Kanda,reliable,Site_10,2026-05-27,present
7,George Kanda,reliable,Site_1,2026-05-28,present
7,George Kanda,reliable,Site_1,2026-05-29,present
7,George Kanda,reliable,Site_1,2026-05-30,present
7,George Kanda,reliable,Site_7,2026-06-01,present
7,George Kanda,reliable,Site_5,2026-06-02,present
7,George Kanda,reliable,Site_10,2026-06-03,present
7,George Kanda,reliable,Site_10,2026-06-04,present
7,George Kanda,reliable,Site_7,2026-06-05,present
7,George Kanda,reliable,Site_5,2026-06-06,present
7,George Kanda,reliable,Site_1,2026-06-08,present
7,George Kanda,reliable,Site_1,2026-06-09,present
7,George Kanda,reliable,Site_7,2026-06-10,absent
7,George Kanda,reliable,Site_5,2026-06-11,present
7,George Kanda,reliable,Site_5,2026-06-12,present
7,George Kanda,reliable,Site_1,2026-06-13,present
7,George Kanda,reliable,Site_5,2026-06-15,present
7,George Kanda,reliable,Site_1,2026-06-16,present
7,George Kanda,reliable,Site_7,2026-06-17,present
7,George Kanda,reliable,Site_7,2026-06-18,present
7,George Kanda,reliable,Site_5,2026-06-19,present
7,George Kanda,reliable,Site_1,2026-06-20,absent
7,George Kanda,reliable,Site_10,2026-06-22,present
7,George Kanda,reliable,Site_7,2026-06-23,present
7,George Kanda,reliable,Site_5,2026-06-24,present
7,George Kanda,reliable,Site_1,2026-06-25,present
7,George Kanda,reliable,Site_1,2026-06-26,present
7,George Kanda,reliable,Site_7,2026-06-27,present
7,George Kanda,reliable,Site_5,2026-06-29,present
7,George Kanda,reliable,Site_1,2026-06-30,present
7,George Kanda,reliable,Site_1,2026-07-01,present
7,George Kanda,reliable,Site_1,2026-07-02,present
7,George Kanda,reliable,Site_1,2026-07-03,present
7,George Kanda,reliable,Site_10,2026-07-04,present
7,George Kanda,reliable,Site_7,2026-07-06,present
7,George Kanda,reliable,Site_5,2026-07-07,present
7,George Kanda,reliable,Site_10,2026-07-08,present
7,George Kanda,reliable,Site_7,2026-07-09,present
7,George Kanda,reliable,Site_1,2026-07-10,present
8,Chanakya Jani,moderate,Site_1,2026-03-13,present
8,Chanakya Jani,moderate,Site_1,2026-03-14,present
8,Chanakya Jani,moderate,Site_1,2026-03-16,present
8,Chanakya Jani,moderate,Site_1,2026-03-17,present
8,Chanakya Jani,moderate,Site_1,2026-03-18,present
8,Chanakya Jani,moderate,Site_1,2026-03-19,absent
8,Chanakya Jani,moderate,Site_1,2026-03-20,present
8,Chanakya Jani,moderate,Site_1,2026-03-21,present
8,Chanakya Jani,moderate,Site_1,2026-03-23,present
8,Chanakya Jani,moderate,Site_1,2026-03-24,present
8,Chanakya Jani,moderate,Site_1,2026-03-25,absent
8,Chanakya Jani,moderate,Site_1,2026-03-26,present
8,Chanakya Jani,moderate,Site_1,2026-03-27,absent
8,Chanakya Jani,moderate,Site_1,2026-03-28,absent
8,Chanakya Jani,moderate,Site_1,2026-03-30,present
8,Chanakya Jani,moderate,Site_1,2026-03-31,present
8,Chanakya Jani,moderate,Site_1,2026-04-01,present
8,Chanakya Jani,moderate,Site_1,2026-04-02,present
8,Chanakya Jani,moderate,Site_1,2026-04-03,present
8,Chanakya Jani,moderate,Site_1,2026-04-04,present
8,Chanakya Jani,moderate,Site_1,2026-04-06,present
8,Chanakya Jani,moderate,Site_1,2026-04-07,absent
8,Chanakya Jani,moderate,Site_1,2026-04-08,present
8,Chanakya Jani,moderate,Site_1,2026-04-09,present
8,Chanakya Jani,moderate,Site_1,2026-04-10,present
8,Chanakya Jani,moderate,Site_1,2026-04-11,present
8,Chanakya Jani,moderate,Site_1,2026-04-13,present
8,Chanakya Jani,moderate,Site_1,2026-04-14,absent
8,Chanakya Jani,moderate,Site_1,2026-04-15,present
8,Chanakya Jani,moderate,Site_1,2026-04-16,present
8,Chanakya Jani,moderate,Site_1,2026-04-17,present
8,Chanakya Jani,moderate,Site_1,2026-04-18,absent
8,Chanakya Jani,moderate,Site_1,2026-04-20,present
8,Chanakya Jani,moderate,Site_1,2026-04-21,present
8,Chanakya Jani,moderate,Site_1,2026-04-22,present
8,Chanakya Jani,moderate,Site_1,2026-04-23,absent
8,Chanakya Jani,moderate,Site_1,2026-04-24,present
8,Chanakya Jani,moderate,Site_1,2026-04-25,present
8,Chanakya Jani,moderate,Site_1,2026-04-27,present
8,Chanakya Jani,moderate,Site_1,2026-04-28,present
8,Chanakya Jani,moderate,Site_1,2026-04-29,present
8,Chanakya Jani,moderate,Site_1,2026-04-30,present
8,Chanakya Jani,moderate,Site_1,2026-05-01,present
8,Chanakya Jani,moderate,Site_1,2026-05-02,absent
8,Chanakya Jani,moderate,Site_1,2026-05-04,present
8,Chanakya Jani,moderate,Site_1,2026-05-05,present
8,Chanakya Jani,moderate,Site_1,2026-05-06,absent
8,Chanakya Jani,moderate,Site_1,2026-05-07,present
8,Chanakya Jani,moderate,Site_1,2026-05-08,present
8,Chanakya Jani,moderate,Site_1,2026-05-09,present
8,Chanakya Jani,moderate,Site_1,2026-05-11,absent
8,Chanakya Jani,moderate,Site_1,2026-05-12,present
8,Chanakya Jani,moderate,Site_1,2026-05-13,present
8,Chanakya Jani,moderate,Site_1,2026-05-14,present
8,Chanakya Jani,moderate,Site_1,2026-05-15,present
8,Chanakya Jani,moderate,Site_1,2026-05-16,present
8,Chanakya Jani,moderate,Site_1,2026-05-18,present
8,Chanakya Jani,moderate,Site_1,2026-05-19,present
8,Chanakya Jani,moderate,Site_1,2026-05-20,absent
8,Chanakya Jani,moderate,Site_1,2026-05-21,present
8,Chanakya Jani,moderate,Site_1,2026-05-22,present
8,Chanakya Jani,moderate,Site_1,2026-05-23,absent
8,Chanakya Jani,moderate,Site_1,2026-05-25,present
8,Chanakya Jani,moderate,Site_1,2026-05-26,present
8,Chanakya Jani,moderate,Site_1,2026-05-27,present
8,Chanakya Jani,moderate,Site_1,2026-05-28,absent
8,Chanakya Jani,moderate,Site_1,2026-05-29,present
8,Chanakya Jani,moderate,Site_1,2026-05-30,present
8,Chanakya Jani,moderate,Site_1,2026-06-01,present
8,Chanakya Jani,moderate,Site_1,2026-06-02,present
8,Chanakya Jani,moderate,Site_1,2026-06-03,absent
8,Chanakya Jani,moderate,Site_1,2026-06-04,absent
8,Chanakya Jani,moderate,Site_1,2026-06-05,present
8,Chanakya Jani,moderate,Site_1,2026-06-06,present
8,Chanakya Jani,moderate,Site_1,2026-06-08,present
8,Chanakya Jani,moderate,Site_1,2026-06-09,absent
8,Chanakya Jani,moderate,Site_1,2026-06-10,present
8,Chanakya Jani,moderate,Site_1,2026-06-11,present
8,Chanakya Jani,moderate,Site_1,2026-06-12,present
8,Chanakya Jani,moderate,Site_1,2026-06-13,absent
8,Chanakya Jani,moderate,Site_1,2026-06-15,absent
8,Chanakya Jani,moderate,Site_1,2026-06-16,present
8,Chanakya Jani,moderate,Site_1,2026-06-17,present
8,Chanakya Jani,moderate,Site_1,2026-06-18,absent
8,Chanakya Jani,moderate,Site_1,2026-06-19,present
8,Chanakya Jani,moderate,Site_1,2026-06-20,present
8,Chanakya Jani,moderate,Site_1,2026-06-22,present
8,Chanakya Jani,moderate,Site_1,2026-06-23,present
8,Chanakya Jani,moderate,Site_1,2026-06-24,present
8,Chanakya Jani,moderate,Site_1,2026-06-25,present
8,Chanakya Jani,moderate,Site_1,2026-06-26,absent
8,Chanakya Jani,moderate,Site_1,2026-06-27,absent
8,Chanakya Jani,moderate,Site_1,2026-06-29,present
8,Chanakya Jani,moderate,Site_1,2026-06-30,present
8,Chanakya Jani,moderate,Site_1,2026-07-01,absent
8,Chanakya Jani,moderate,Site_1,2026-07-02,present
8,Chanakya Jani,moderate,Site_1,2026-07-03,present
8,Chanakya Jani,moderate,Site_1,2026-07-04,absent
8,Chanakya Jani,moderate,Site_1,2026-07-06,absent
8,Chanakya Jani,moderate,Site_1,2026-07-07,absent
8,Chanakya Jani,moderate,Site_1,2026-07-08,absent
8,Chanakya Jani,moderate,Site_1,2026-07-09,present
8,Chanakya Jani,moderate,Site_1,2026-07-10,present
9,Bimala Dass,unreliable,Site_2,2026-06-20,absent
9,Bimala Dass,unreliable,Site_2,2026-06-22,present
9,Bimala Dass,unreliable,Site_2,2026-06-23,absent
9,Bimala Dass,unreliable,Site_2,2026-06-24,absent
9,Bimala Dass,unreliable,Site_2,2026-06-25,absent
9,Bimala Dass,unreliable,Site_2,2026-06-26,absent
9,Bimala Dass,unreliable,Site_2,2026-06-27,present
9,Bimala Dass,unreliable,Site_2,2026-06-29,present
9,Bimala Dass,unreliable,Site_2,2026-06-30,present
9,Bimala Dass,unreliable,Site_2,2026-07-01,present
9,Bimala Dass,unreliable,Site_2,2026-07-02,absent
9,Bimala Dass,unreliable,Site_2,2026-07-03,absent
9,Bimala Dass,unreliable,Site_2,2026-07-04,present
9,Bimala Dass,unreliable,Site_2,2026-07-06,absent
9,Bimala Dass,unreliable,Site_2,2026-07-07,absent
9,Bimala Dass,unreliable,Site_2,2026-07-08,present
9,Bimala Dass,unreliable,Site_2,2026-07-09,absent
9,Bimala Dass,unreliable,Site_2,2026-07-10,present
10,Manan Grover,moderate,Site_2,2026-04-09,present
10,Manan Grover,moderate,Site_5,2026-04-10,present
10,Manan Grover,moderate,Site_5,2026-04-11,present
10,Manan Grover,moderate,Site_5,2026-04-13,present
10,Manan Grover,moderate,Site_2,2026-04-14,present
10,Manan Grover,moderate,Site_2,2026-04-15,present
10,Manan Grover,moderate,Site_5,2026-04-16,present
10,Manan Grover,moderate,Site_5,2026-04-17,present
10,Manan Grover,moderate,Site_5,2026-04-18,present
10,Manan Grover,moderate,Site_2,2026-04-20,present
10,Manan Grover,moderate,Site_5,2026-04-21,present
10,Manan Grover,moderate,Site_2,2026-04-22,present
10,Manan Grover,moderate,Site_5,2026-04-23,present
10,Manan Grover,moderate,Site_5,2026-04-24,present
10,Manan Grover,moderate,Site_5,2026-04-25,absent
10,Manan Grover,moderate,Site_5,2026-04-27,present
10,Manan Grover,moderate,Site_5,2026-04-28,present
10,Manan Grover,moderate,Site_2,2026-04-29,present
10,Manan Grover,moderate,Site_5,2026-04-30,present
10,Manan Grover,moderate,Site_5,2026-05-01,present
10,Manan Grover,moderate,Site_2,2026-05-02,present
10,Manan Grover,moderate,Site_5,2026-05-04,absent
10,Manan Grover,moderate,Site_5,2026-05-05,absent
10,Manan Grover,moderate,Site_2,2026-05-06,present
10,Manan Grover,moderate,Site_5,2026-05-07,present
10,Manan Grover,moderate,Site_2,2026-05-08,present
10,Manan Grover,moderate,Site_2,2026-05-09,present
10,Manan Grover,moderate,Site_5,2026-05-11,absent
10,Manan Grover,moderate,Site_5,2026-05-12,absent
10,Manan Grover,moderate,Site_5,2026-05-13,absent
10,Manan Grover,moderate,Site_2,2026-05-14,present
10,Manan Grover,moderate,Site_2,2026-05-15,present
10,Manan Grover,moderate,Site_5,2026-05-16,absent
10,Manan Grover,moderate,Site_5,2026-05-18,present
10,Manan Grover,moderate,Site_5,2026-05-19,present
10,Manan Grover,moderate,Site_5,2026-05-20,present
10,Manan Grover,moderate,Site_2,2026-05-21,present
10,Manan Grover,moderate,Site_5,2026-05-22,present
10,Manan Grover,moderate,Site_5,2026-05-23,present
10,Manan Grover,moderate,Site_5,2026-05-25,present
10,Manan Grover,moderate,Site_2,2026-05-26,present
10,Manan Grover,moderate,Site_5,2026-05-27,present
10,Manan Grover,moderate,Site_5,2026-05-28,present
10,Manan Grover,moderate,Site_5,2026-05-29,present
10,Manan Grover,moderate,Site_5,2026-05-30,present
10,Manan Grover,moderate,Site_5,2026-06-01,present
10,Manan Grover,moderate,Site_2,2026-06-02,present
10,Manan Grover,moderate,Site_5,2026-06-03,present
10,Manan Grover,moderate,Site_5,2026-06-04,present
10,Manan Grover,moderate,Site_2,2026-06-05,present
10,Manan Grover,moderate,Site_5,2026-06-06,present
10,Manan Grover,moderate,Site_2,2026-06-08,present
10,Manan Grover,moderate,Site_2,2026-06-09,absent
10,Manan Grover,moderate,Site_5,2026-06-10,absent
10,Manan Grover,moderate,Site_2,2026-06-11,present
10,Manan Grover,moderate,Site_5,2026-06-12,present
10,Manan Grover,moderate,Site_2,2026-06-13,present
10,Manan Grover,moderate,Site_5,2026-06-15,present
10,Manan Grover,moderate,Site_5,2026-06-16,absent
10,Manan Grover,moderate,Site_2,2026-06-17,present
10,Manan Grover,moderate,Site_5,2026-06-18,present
10,Manan Grover,moderate,Site_5,2026-06-19,present
10,Manan Grover,moderate,Site_2,2026-06-20,present
10,Manan Grover,moderate,Site_2,2026-06-22,present
10,Manan Grover,moderate,Site_5,2026-06-23,present
10,Manan Grover,moderate,Site_2,2026-06-24,absent
10,Manan Grover,moderate,Site_5,2026-06-25,present
10,Manan Grover,moderate,Site_2,2026-06-26,present
10,Manan Grover,moderate,Site_5,2026-06-27,absent
10,Manan Grover,moderate,Site_5,2026-06-29,present
10,Manan Grover,moderate,Site_2,2026-06-30,present
10,Manan Grover,moderate,Site_5,2026-07-01,absent
10,Manan Grover,moderate,Site_5,2026-07-02,present
10,Manan Grover,moderate,Site_5,2026-07-03,absent
10,Manan Grover,moderate,Site_2,2026-07-04,present
10,Manan Grover,moderate,Site_5,2026-07-06,present
10,Manan Grover,moderate,Site_2,2026-07-07,absent
10,Manan Grover,moderate,Site_2,2026-07-08,present
10,Manan Grover,moderate,Site_2,2026-07-09,present
10,Manan Grover,moderate,Site_2,2026-07-10,present
11,Brijesh Sant,unreliable,Site_6,2026-05-27,absent
11,Brijesh Sant,unreliable,Site_6,2026-05-28,absent
11,Brijesh Sant,unreliable,Site_6,2026-05-29,absent
11,Brijesh Sant,unreliable,Site_6,2026-05-30,present
11,Brijesh Sant,unreliable,Site_6,2026-06-01,absent
11,Brijesh Sant,unreliable,Site_6,2026-06-02,absent
11,Brijesh Sant,unreliable,Site_6,2026-06-03,absent
11,Brijesh Sant,unreliable,Site_6,2026-06-04,present
11,Brijesh Sant,unreliable,Site_6,2026-06-05,absent
11,Brijesh Sant,unreliable,Site_6,2026-06-06,absent
11,Brijesh Sant,unreliable,Site_6,2026-06-08,present
11,Brijesh Sant,unreliable,Site_6,2026-06-09,absent
11,Brijesh Sant,unreliable,Site_6,2026-06-10,present
11,Brijesh Sant,unreliable,Site_6,2026-06-11,absent
11,Brijesh Sant,unreliable,Site_6,2026-06-12,present
11,Brijesh Sant,unreliable,Site_6,2026-06-13,present
11,Brijesh Sant,unreliable,Site_6,2026-06-15,present
11,Brijesh Sant,unreliable,Site_6,2026-06-16,absent
11,Brijesh Sant,unreliable,Site_6,2026-06-17,present
11,Brijesh Sant,unreliable,Site_6,2026-06-18,present
11,Brijesh Sant,unreliable,Site_6,2026-06-19,absent
11,Brijesh Sant,unreliable,Site_6,2026-06-20,absent
11,Brijesh Sant,unreliable,Site_6,2026-06-22,absent
11,Brijesh Sant,unreliable,Site_6,2026-06-23,present
11,Brijesh Sant,unreliable,Site_6,2026-06-24,absent
11,Brijesh Sant,unreliable,Site_6,2026-06-25,absent
11,Brijesh Sant,unreliable,Site_6,2026-06-26,present
11,Brijesh Sant,unreliable,Site_6,2026-06-27,absent
11,Brijesh Sant,unreliable,Site_6,2026-06-29,absent
11,Brijesh Sant,unreliable,Site_6,2026-06-30,absent
11,Brijesh Sant,unreliable,Site_6,2026-07-01,absent
11,Brijesh Sant,unreliable,Site_6,2026-07-02,absent
11,Brijesh Sant,unreliable,Site_6,2026-07-03,present
11,Brijesh Sant,unreliable,Site_6,2026-07-04,absent
11,Brijesh Sant,unreliable,Site_6,2026-07-06,present
11,Brijesh Sant,unreliable,Site_6,2026-07-07,absent
11,Brijesh Sant,unreliable,Site_6,2026-07-08,absent
11,Brijesh Sant,unreliable,Site_6,2026-07-09,absent
11,Brijesh Sant,unreliable,Site_6,2026-07-10,absent
12,Chaaya Dutt,new,Site_6,2026-07-03,present
12,Chaaya Dutt,new,Site_6,2026-07-04,present
12,Chaaya Dutt,new,Site_6,2026-07-06,present
12,Chaaya Dutt,new,Site_6,2026-07-07,present
12,Chaaya Dutt,new,Site_6,2026-07-08,absent
12,Chaaya Dutt,new,Site_6,2026-07-09,present
12,Chaaya Dutt,new,Site_6,2026-07-10,absent
13,Vedika Sanghvi,reliable,Site_5,2026-02-09,present
13,Vedika Sanghvi,reliable,Site_8,2026-02-10,present
13,Vedika Sanghvi,reliable,Site_5,2026-02-11,present
13,Vedika Sanghvi,reliable,Site_5,2026-02-12,present
13,Vedika Sanghvi,reliable,Site_10,2026-02-13,present
13,Vedika Sanghvi,reliable,Site_5,2026-02-14,present
13,Vedika Sanghvi,reliable,Site_8,2026-02-16,present
13,Vedika Sanghvi,reliable,Site_5,2026-02-17,present
13,Vedika Sanghvi,reliable,Site_5,2026-02-18,present
13,Vedika Sanghvi,reliable,Site_5,2026-02-19,present
13,Vedika Sanghvi,reliable,Site_10,2026-02-20,present
13,Vedika Sanghvi,reliable,Site_10,2026-02-21,present
13,Vedika Sanghvi,reliable,Site_5,2026-02-23,present
13,Vedika Sanghvi,reliable,Site_10,2026-02-24,present
13,Vedika Sanghvi,reliable,Site_10,2026-02-25,present
13,Vedika Sanghvi,reliable,Site_8,2026-02-26,present
13,Vedika Sanghvi,reliable,Site_8,2026-02-27,present
13,Vedika Sanghvi,reliable,Site_5,2026-02-28,present
13,Vedika Sanghvi,reliable,Site_5,2026-03-02,present
13,Vedika Sanghvi,reliable,Site_8,2026-03-03,present
13,Vedika Sanghvi,reliable,Site_5,2026-03-04,present
13,Vedika Sanghvi,reliable,Site_8,2026-03-05,present
13,Vedika Sanghvi,reliable,Site_10,2026-03-06,present
13,Vedika Sanghvi,reliable,Site_5,2026-03-07,present
13,Vedika Sanghvi,reliable,Site_8,2026-03-09,present
13,Vedika Sanghvi,reliable,Site_10,2026-03-10,present
13,Vedika Sanghvi,reliable,Site_10,2026-03-11,present
13,Vedika Sanghvi,reliable,Site_5,2026-03-12,present
13,Vedika Sanghvi,reliable,Site_10,2026-03-13,absent
13,Vedika Sanghvi,reliable,Site_10,2026-03-14,present
13,Vedika Sanghvi,reliable,Site_10,2026-03-16,present
13,Vedika Sanghvi,reliable,Site_10,2026-03-17,present
13,Vedika Sanghvi,reliable,Site_5,2026-03-18,present
13,Vedika Sanghvi,reliable,Site_5,2026-03-19,present
13,Vedika Sanghvi,reliable,Site_8,2026-03-20,present
13,Vedika Sanghvi,reliable,Site_10,2026-03-21,absent
13,Vedika Sanghvi,reliable,Site_10,2026-03-23,present
13,Vedika Sanghvi,reliable,Site_10,2026-03-24,present
13,Vedika Sanghvi,reliable,Site_5,2026-03-25,present
13,Vedika Sanghvi,reliable,Site_10,2026-03-26,present
13,Vedika Sanghvi,reliable,Site_10,2026-03-27,present
13,Vedika Sanghvi,reliable,Site_10,2026-03-28,present
13,Vedika Sanghvi,reliable,Site_5,2026-03-30,present
13,Vedika Sanghvi,reliable,Site_10,2026-03-31,present
13,Vedika Sanghvi,reliable,Site_5,2026-04-01,present
13,Vedika Sanghvi,reliable,Site_10,2026-04-02,present
13,Vedika Sanghvi,reliable,Site_10,2026-04-03,present
13,Vedika Sanghvi,reliable,Site_8,2026-04-04,absent
13,Vedika Sanghvi,reliable,Site_5,2026-04-06,present
13,Vedika Sanghvi,reliable,Site_8,2026-04-07,present
13,Vedika Sanghvi,reliable,Site_8,2026-04-08,present
13,Vedika Sanghvi,reliable,Site_10,2026-04-09,present
13,Vedika Sanghvi,reliable,Site_10,2026-04-10,absent
13,Vedika Sanghvi,reliable,Site_10,2026-04-11,present
13,Vedika Sanghvi,reliable,Site_8,2026-04-13,present
13,Vedika Sanghvi,reliable,Site_10,2026-04-14,present
13,Vedika Sanghvi,reliable,Site_5,2026-04-15,present
13,Vedika Sanghvi,reliable,Site_8,2026-04-16,present
13,Vedika Sanghvi,reliable,Site_10,2026-04-17,present
13,Vedika Sanghvi,reliable,Site_5,2026-04-18,present
13,Vedika Sanghvi,reliable,Site_10,2026-04-20,present
13,Vedika Sanghvi,reliable,Site_10,2026-04-21,present
13,Vedika Sanghvi,reliable,Site_5,2026-04-22,present
13,Vedika Sanghvi,reliable,Site_8,2026-04-23,present
13,Vedika Sanghvi,reliable,Site_5,2026-04-24,present
13,Vedika Sanghvi,reliable,Site_5,2026-04-25,present
13,Vedika Sanghvi,reliable,Site_10,2026-04-27,present
13,Vedika Sanghvi,reliable,Site_10,2026-04-28,present
13,Vedika Sanghvi,reliable,Site_5,2026-04-29,present
13,Vedika Sanghvi,reliable,Site_10,2026-04-30,present
13,Vedika Sanghvi,reliable,Site_8,2026-05-01,present
13,Vedika Sanghvi,reliable,Site_10,2026-05-02,present
13,Vedika Sanghvi,reliable,Site_5,2026-05-04,present
13,Vedika Sanghvi,reliable,Site_8,2026-05-05,present
13,Vedika Sanghvi,reliable,Site_5,2026-05-06,present
13,Vedika Sanghvi,reliable,Site_8,2026-05-07,absent
13,Vedika Sanghvi,reliable,Site_5,2026-05-08,present
13,Vedika Sanghvi,reliable,Site_10,2026-05-09,present
13,Vedika Sanghvi,reliable,Site_8,2026-05-11,present
13,Vedika Sanghvi,reliable,Site_5,2026-05-12,present
13,Vedika Sanghvi,reliable,Site_10,2026-05-13,absent
13,Vedika Sanghvi,reliable,Site_8,2026-05-14,present
13,Vedika Sanghvi,reliable,Site_10,2026-05-15,present
13,Vedika Sanghvi,reliable,Site_8,2026-05-16,present
13,Vedika Sanghvi,reliable,Site_10,2026-05-18,present
13,Vedika Sanghvi,reliable,Site_8,2026-05-19,present
13,Vedika Sanghvi,reliable,Site_5,2026-05-20,present
13,Vedika Sanghvi,reliable,Site_5,2026-05-21,present
13,Vedika Sanghvi,reliable,Site_8,2026-05-22,present
13,Vedika Sanghvi,reliable,Site_10,2026-05-23,present
13,Vedika Sanghvi,reliable,Site_8,2026-05-25,absent
13,Vedika Sanghvi,reliable,Site_5,2026-05-26,present
13,Vedika Sanghvi,reliable,Site_8,2026-05-27,present
13,Vedika Sanghvi,reliable,Site_5,2026-05-28,present
13,Vedika Sanghvi,reliable,Site_10,2026-05-29,present
13,Vedika Sanghvi,reliable,Site_8,2026-05-30,present
13,Vedika Sanghvi,reliable,Site_8,2026-06-01,present
13,Vedika Sanghvi,reliable,Site_10,2026-06-02,present
13,Vedika Sanghvi,reliable,Site_8,2026-06-03,present
13,Vedika Sanghvi,reliable,Site_8,2026-06-04,absent
13,Vedika Sanghvi,reliable,Site_8,2026-06-05,present
13,Vedika Sanghvi,reliable,Site_8,2026-06-06,absent
13,Vedika Sanghvi,reliable,Site_5,2026-06-08,absent
13,Vedika Sanghvi,reliable,Site_8,2026-06-09,present
13,Vedika Sanghvi,reliable,Site_5,2026-06-10,absent
13,Vedika Sanghvi,reliable,Site_8,2026-06-11,present
13,Vedika Sanghvi,reliable,Site_10,2026-06-12,present
13,Vedika Sanghvi,reliable,Site_5,2026-06-13,present
13,Vedika Sanghvi,reliable,Site_10,2026-06-15,present
13,Vedika Sanghvi,reliable,Site_5,2026-06-16,present
13,Vedika Sanghvi,reliable,Site_8,2026-06-17,present
13,Vedika Sanghvi,reliable,Site_5,2026-06-18,present
13,Vedika Sanghvi,reliable,Site_8,2026-06-19,present
13,Vedika Sanghvi,reliable,Site_10,2026-06-20,present
13,Vedika Sanghvi,reliable,Site_5,2026-06-22,present
13,Vedika Sanghvi,reliable,Site_8,2026-06-23,present
13,Vedika Sanghvi,reliable,Site_5,2026-06-24,present
13,Vedika Sanghvi,reliable,Site_8,2026-06-25,present
13,Vedika Sanghvi,reliable,Site_10,2026-06-26,present
13,Vedika Sanghvi,reliable,Site_5,2026-06-27,present
13,Vedika Sanghvi,reliable,Site_8,2026-06-29,present
13,Vedika Sanghvi,reliable,Site_8,2026-06-30,present
13,Vedika Sanghvi,reliable,Site_8,2026-07-01,present
13,Vedika Sanghvi,reliable,Site_8,2026-07-02,present
13,Vedika Sanghvi,reliable,Site_5,2026-07-03,present
13,Vedika Sanghvi,reliable,Site_5,2026-07-04,present
13,Vedika Sanghvi,reliable,Site_5,2026-07-06,absent
13,Vedika Sanghvi,reliable,Site_10,2026-07-07,present
13,Vedika Sanghvi,reliable,Site_10,2026-07-08,present
13,Vedika Sanghvi,reliable,Site_8,2026-07-09,present
13,Vedika Sanghvi,reliable,Site_8,2026-07-10,present
14,Unni Khurana,moderate,Site_2,2026-03-30,present
14,Unni Khurana,moderate,Site_2,2026-03-31,present
14,Unni Khurana,moderate,Site_5,2026-04-01,present
14,Unni Khurana,moderate,Site_5,2026-04-02,absent
14,Unni Khurana,moderate,Site_5,2026-04-03,present
14,Unni Khurana,moderate,Site_2,2026-04-04,absent
14,Unni Khurana,moderate,Site_2,2026-04-06,absent
14,Unni Khurana,moderate,Site_5,2026-04-07,present
14,Unni Khurana,moderate,Site_2,2026-04-08,present
14,Unni Khurana,moderate,Site_2,2026-04-09,present
14,Unni Khurana,moderate,Site_2,2026-04-10,present
14,Unni Khurana,moderate,Site_5,2026-04-11,present
14,Unni Khurana,moderate,Site_2,2026-04-13,present
14,Unni Khurana,moderate,Site_5,2026-04-14,present
14,Unni Khurana,moderate,Site_5,2026-04-15,present
14,Unni Khurana,moderate,Site_5,2026-04-16,absent
14,Unni Khurana,moderate,Site_5,2026-04-17,present
14,Unni Khurana,moderate,Site_2,2026-04-18,present
14,Unni Khurana,moderate,Site_5,2026-04-20,present
14,Unni Khurana,moderate,Site_5,2026-04-21,present
14,Unni Khurana,moderate,Site_2,2026-04-22,present
14,Unni Khurana,moderate,Site_2,2026-04-23,absent
14,Unni Khurana,moderate,Site_5,2026-04-24,present
14,Unni Khurana,moderate,Site_2,2026-04-25,present
14,Unni Khurana,moderate,Site_2,2026-04-27,absent
14,Unni Khurana,moderate,Site_5,2026-04-28,absent
14,Unni Khurana,moderate,Site_5,2026-04-29,present
14,Unni Khurana,moderate,Site_2,2026-04-30,present
14,Unni Khurana,moderate,Site_5,2026-05-01,absent
14,Unni Khurana,moderate,Site_5,2026-05-02,present
14,Unni Khurana,moderate,Site_5,2026-05-04,present
14,Unni Khurana,moderate,Site_2,2026-05-05,present
14,Unni Khurana,moderate,Site_5,2026-05-06,present
14,Unni Khurana,moderate,Site_5,2026-05-07,present
14,Unni Khurana,moderate,Site_2,2026-05-08,present
14,Unni Khurana,moderate,Site_2,2026-05-09,absent
14,Unni Khurana,moderate,Site_5,2026-05-11,absent
14,Unni Khurana,moderate,Site_5,2026-05-12,present
14,Unni Khurana,moderate,Site_2,2026-05-13,present
14,Unni Khurana,moderate,Site_5,2026-05-14,present
14,Unni Khurana,moderate,Site_2,2026-05-15,present
14,Unni Khurana,moderate,Site_2,2026-05-16,absent
14,Unni Khurana,moderate,Site_5,2026-05-18,present
14,Unni Khurana,moderate,Site_2,2026-05-19,present
14,Unni Khurana,moderate,Site_2,2026-05-20,present
14,Unni Khurana,moderate,Site_2,2026-05-21,present
14,Unni Khurana,moderate,Site_2,2026-05-22,present
14,Unni Khurana,moderate,Site_2,2026-05-23,present
14,Unni Khurana,moderate,Site_2,2026-05-25,present
14,Unni Khurana,moderate,Site_2,2026-05-26,present
14,Unni Khurana,moderate,Site_5,2026-05-27,present
14,Unni Khurana,moderate,Site_5,2026-05-28,present
14,Unni Khurana,moderate,Site_5,2026-05-29,present
14,Unni Khurana,moderate,Site_2,2026-05-30,present
14,Unni Khurana,moderate,Site_2,2026-06-01,absent
14,Unni Khurana,moderate,Site_5,2026-06-02,present
14,Unni Khurana,moderate,Site_2,2026-06-03,present
14,Unni Khurana,moderate,Site_5,2026-06-04,present
14,Unni Khurana,moderate,Site_2,2026-06-05,present
14,Unni Khurana,moderate,Site_5,2026-06-06,absent
14,Unni Khurana,moderate,Site_5,2026-06-08,absent
14,Unni Khurana,moderate,Site_5,2026-06-09,present
14,Unni Khurana,moderate,Site_5,2026-06-10,present
14,Unni Khurana,moderate,Site_5,2026-06-11,present
14,Unni Khurana,moderate,Site_2,2026-06-12,present
14,Unni Khurana,moderate,Site_2,2026-06-13,present
14,Unni Khurana,moderate,Site_2,2026-06-15,absent
14,Unni Khurana,moderate,Site_5,2026-06-16,present
14,Unni Khurana,moderate,Site_2,2026-06-17,present
14,Unni Khurana,moderate,Site_5,2026-06-18,present
14,Unni Khurana,moderate,Site_2,2026-06-19,present
14,Unni Khurana,moderate,Site_5,2026-06-20,absent
14,Unni Khurana,moderate,Site_2,2026-06-22,present
14,Unni Khurana,moderate,Site_5,2026-06-23,present
14,Unni Khurana,moderate,Site_2,2026-06-24,present
14,Unni Khurana,moderate,Site_2,2026-06-25,absent
14,Unni Khurana,moderate,Site_2,2026-06-26,absent
14,Unni Khurana,moderate,Site_5,2026-06-27,present
14,Unni Khurana,moderate,Site_2,2026-06-29,present
14,Unni Khurana,moderate,Site_2,2026-06-30,present
14,Unni Khurana,moderate,Site_2,2026-07-01,absent
14,Unni Khurana,moderate,Site_5,2026-07-02,absent
14,Unni Khurana,moderate,Site_2,2026-07-03,absent
14,Unni Khurana,moderate,Site_2,2026-07-04,present
14,Unni Khurana,moderate,Site_5,2026-07-06,present
14,Unni Khurana,moderate,Site_5,2026-07-07,present
14,Unni Khurana,moderate,Site_5,2026-07-08,present
14,Unni Khurana,moderate,Site_5,2026-07-09,present
14,Unni Khurana,moderate,Site_5,2026-07-10,present
15,Chakradhar Korpal,unreliable,Site_6,2026-06-15,present
15,Chakradhar Korpal,unreliable,Site_6,2026-06-16,absent
15,Chakradhar Korpal,unreliable,Site_6,2026-06-17,present
15,Chakradhar Korpal,unreliable,Site_6,2026-06-18,present
15,Chakradhar Korpal,unreliable,Site_6,2026-06-19,present
15,Chakradhar Korpal,unreliable,Site_6,2026-06-20,absent
15,Chakradhar Korpal,unreliable,Site_6,2026-06-22,absent
15,Chakradhar Korpal,unreliable,Site_6,2026-06-23,present
15,Chakradhar Korpal,unreliable,Site_6,2026-06-24,absent
15,Chakradhar Korpal,unreliable,Site_6,2026-06-25,present
15,Chakradhar Korpal,unreliable,Site_6,2026-06-26,present
15,Chakradhar Korpal,unreliable,Site_6,2026-06-27,present
15,Chakradhar Korpal,unreliable,Site_6,2026-06-29,absent
15,Chakradhar Korpal,unreliable,Site_6,2026-06-30,absent
15,Chakradhar Korpal,unreliable,Site_6,2026-07-01,absent
15,Chakradhar Korpal,unreliable,Site_6,2026-07-02,present
15,Chakradhar Korpal,unreliable,Site_6,2026-07-03,present
15,Chakradhar Korpal,unreliable,Site_6,2026-07-04,present
15,Chakradhar Korpal,unreliable,Site_6,2026-07-06,present
15,Chakradhar Korpal,unreliable,Site_6,2026-07-07,absent
15,Chakradhar Korpal,unreliable,Site_6,2026-07-08,present
15,Chakradhar Korpal,unreliable,Site_6,2026-07-09,present
15,Chakradhar Korpal,unreliable,Site_6,2026-07-10,absent
16,Anmol Hans,reliable,Site_3,2026-01-29,present
16,Anmol Hans,reliable,Site_9,2026-01-30,present
16,Anmol Hans,reliable,Site_2,2026-01-31,present
16,Anmol Hans,reliable,Site_2,2026-02-02,present
16,Anmol Hans,reliable,Site_2,2026-02-03,present
16,Anmol Hans,reliable,Site_3,2026-02-04,present
16,Anmol Hans,reliable,Site_3,2026-02-05,absent
16,Anmol Hans,reliable,Site_3,2026-02-06,present
16,Anmol Hans,reliable,Site_9,2026-02-07,present
16,Anmol Hans,reliable,Site_3,2026-02-09,present
16,Anmol Hans,reliable,Site_2,2026-02-10,present
16,Anmol Hans,reliable,Site_3,2026-02-11,present
16,Anmol Hans,reliable,Site_9,2026-02-12,present
16,Anmol Hans,reliable,Site_2,2026-02-13,present
16,Anmol Hans,reliable,Site_9,2026-02-14,present
16,Anmol Hans,reliable,Site_9,2026-02-16,present
16,Anmol Hans,reliable,Site_3,2026-02-17,absent
16,Anmol Hans,reliable,Site_3,2026-02-18,present
16,Anmol Hans,reliable,Site_9,2026-02-19,present
16,Anmol Hans,reliable,Site_2,2026-02-20,present
16,Anmol Hans,reliable,Site_3,2026-02-21,present
16,Anmol Hans,reliable,Site_2,2026-02-23,present
16,Anmol Hans,reliable,Site_9,2026-02-24,present
16,Anmol Hans,reliable,Site_3,2026-02-25,present
16,Anmol Hans,reliable,Site_2,2026-02-26,present
16,Anmol Hans,reliable,Site_3,2026-02-27,present
16,Anmol Hans,reliable,Site_9,2026-02-28,present
16,Anmol Hans,reliable,Site_3,2026-03-02,present
16,Anmol Hans,reliable,Site_9,2026-03-03,present
16,Anmol Hans,reliable,Site_2,2026-03-04,present
16,Anmol Hans,reliable,Site_9,2026-03-05,present
16,Anmol Hans,reliable,Site_9,2026-03-06,present
16,Anmol Hans,reliable,Site_9,2026-03-07,present
16,Anmol Hans,reliable,Site_9,2026-03-09,present
16,Anmol Hans,reliable,Site_2,2026-03-10,present
16,Anmol Hans,reliable,Site_2,2026-03-11,present
16,Anmol Hans,reliable,Site_3,2026-03-12,present
16,Anmol Hans,reliable,Site_9,2026-03-13,present
16,Anmol Hans,reliable,Site_2,2026-03-14,present
16,Anmol Hans,reliable,Site_2,2026-03-16,absent
16,Anmol Hans,reliable,Site_2,2026-03-17,present
16,Anmol Hans,reliable,Site_2,2026-03-18,present
16,Anmol Hans,reliable,Site_2,2026-03-19,present
16,Anmol Hans,reliable,Site_2,2026-03-20,present
16,Anmol Hans,reliable,Site_9,2026-03-21,present
16,Anmol Hans,reliable,Site_2,2026-03-23,present
16,Anmol Hans,reliable,Site_9,2026-03-24,present
16,Anmol Hans,reliable,Site_3,2026-03-25,present
16,Anmol Hans,reliable,Site_3,2026-03-26,present
16,Anmol Hans,reliable,Site_2,2026-03-27,present
16,Anmol Hans,reliable,Site_9,2026-03-28,present
16,Anmol Hans,reliable,Site_2,2026-03-30,present
16,Anmol Hans,reliable,Site_3,2026-03-31,present
16,Anmol Hans,reliable,Site_2,2026-04-01,present
16,Anmol Hans,reliable,Site_2,2026-04-02,present
16,Anmol Hans,reliable,Site_3,2026-04-03,present
16,Anmol Hans,reliable,Site_2,2026-04-04,present
16,Anmol Hans,reliable,Site_9,2026-04-06,present
16,Anmol Hans,reliable,Site_3,2026-04-07,present
16,Anmol Hans,reliable,Site_9,2026-04-08,present
16,Anmol Hans,reliable,Site_9,2026-04-09,present
16,Anmol Hans,reliable,Site_2,2026-04-10,present
16,Anmol Hans,reliable,Site_2,2026-04-11,present
16,Anmol Hans,reliable,Site_3,2026-04-13,present
16,Anmol Hans,reliable,Site_9,2026-04-14,present
16,Anmol Hans,reliable,Site_3,2026-04-15,present
16,Anmol Hans,reliable,Site_3,2026-04-16,present
16,Anmol Hans,reliable,Site_3,2026-04-17,present
16,Anmol Hans,reliable,Site_2,2026-04-18,present
16,Anmol Hans,reliable,Site_3,2026-04-20,present
16,Anmol Hans,reliable,Site_2,2026-04-21,present
16,Anmol Hans,reliable,Site_2,2026-04-22,present
16,Anmol Hans,reliable,Site_3,2026-04-23,present
16,Anmol Hans,reliable,Site_3,2026-04-24,present
16,Anmol Hans,reliable,Site_2,2026-04-25,present
16,Anmol Hans,reliable,Site_3,2026-04-27,present
16,Anmol Hans,reliable,Site_3,2026-04-28,present
16,Anmol Hans,reliable,Site_2,2026-04-29,present
16,Anmol Hans,reliable,Site_9,2026-04-30,present
16,Anmol Hans,reliable,Site_2,2026-05-01,present
16,Anmol Hans,reliable,Site_2,2026-05-02,present
16,Anmol Hans,reliable,Site_9,2026-05-04,present
16,Anmol Hans,reliable,Site_3,2026-05-05,absent
16,Anmol Hans,reliable,Site_9,2026-05-06,present
16,Anmol Hans,reliable,Site_3,2026-05-07,present
16,Anmol Hans,reliable,Site_3,2026-05-08,present
16,Anmol Hans,reliable,Site_2,2026-05-09,present
16,Anmol Hans,reliable,Site_9,2026-05-11,present
16,Anmol Hans,reliable,Site_9,2026-05-12,present
16,Anmol Hans,reliable,Site_2,2026-05-13,present
16,Anmol Hans,reliable,Site_2,2026-05-14,present
16,Anmol Hans,reliable,Site_9,2026-05-15,present
16,Anmol Hans,reliable,Site_9,2026-05-16,present
16,Anmol Hans,reliable,Site_9,2026-05-18,present
16,Anmol Hans,reliable,Site_9,2026-05-19,present
16,Anmol Hans,reliable,Site_9,2026-05-20,present
16,Anmol Hans,reliable,Site_2,2026-05-21,present
16,Anmol Hans,reliable,Site_3,2026-05-22,present
16,Anmol Hans,reliable,Site_2,2026-05-23,present
16,Anmol Hans,reliable,Site_3,2026-05-25,present
16,Anmol Hans,reliable,Site_3,2026-05-26,present
16,Anmol Hans,reliable,Site_3,2026-05-27,present
16,Anmol Hans,reliable,Site_2,2026-05-28,present
16,Anmol Hans,reliable,Site_9,2026-05-29,present
16,Anmol Hans,reliable,Site_2,2026-05-30,present
16,Anmol Hans,reliable,Site_9,2026-06-01,present
16,Anmol Hans,reliable,Site_3,2026-06-02,present
16,Anmol Hans,reliable,Site_2,2026-06-03,present
16,Anmol Hans,reliable,Site_9,2026-06-04,present
16,Anmol Hans,reliable,Site_3,2026-06-05,present
16,Anmol Hans,reliable,Site_3,2026-06-06,present
16,Anmol Hans,reliable,Site_2,2026-06-08,present
16,Anmol Hans,reliable,Site_9,2026-06-09,present
16,Anmol Hans,reliable,Site_9,2026-06-10,present
16,Anmol Hans,reliable,Site_2,2026-06-11,present
16,Anmol Hans,reliable,Site_2,2026-06-12,absent
16,Anmol Hans,reliable,Site_2,2026-06-13,absent
16,Anmol Hans,reliable,Site_3,2026-06-15,present
16,Anmol Hans,reliable,Site_9,2026-06-16,present
16,Anmol Hans,reliable,Site_9,2026-06-17,present
16,Anmol Hans,reliable,Site_9,2026-06-18,present
16,Anmol Hans,reliable,Site_2,2026-06-19,present
16,Anmol Hans,reliable,Site_9,2026-06-20,present
16,Anmol Hans,reliable,Site_9,2026-06-22,present
16,Anmol Hans,reliable,Site_3,2026-06-23,present
16,Anmol Hans,reliable,Site_2,2026-06-24,present
16,Anmol Hans,reliable,Site_3,2026-06-25,present
16,Anmol Hans,reliable,Site_9,2026-06-26,present
16,Anmol Hans,reliable,Site_2,2026-06-27,present
16,Anmol Hans,reliable,Site_3,2026-06-29,present
16,Anmol Hans,reliable,Site_2,2026-06-30,present
16,Anmol Hans,reliable,Site_2,2026-07-01,present
16,Anmol Hans,reliable,Site_2,2026-07-02,present
16,Anmol Hans,reliable,Site_2,2026-07-03,present
16,Anmol Hans,reliable,Site_9,2026-07-04,present
16,Anmol Hans,reliable,Site_2,2026-07-06,present
16,Anmol Hans,reliable,Site_9,2026-07-07,present
16,Anmol Hans,reliable,Site_9,2026-07-08,present
16,Anmol Hans,reliable,Site_3,2026-07-09,present
16,Anmol Hans,reliable,Site_2,2026-07-10,present
17,Chandresh Kalita,moderate,Site_10,2026-04-28,present
17,Chandresh Kalita,moderate,Site_3,2026-04-29,present
17,Chandresh Kalita,moderate,Site_10,2026-04-30,present
17,Chandresh Kalita,moderate,Site_3,2026-05-01,present
17,Chandresh Kalita,moderate,Site_3,2026-05-02,present
17,Chandresh Kalita,moderate,Site_3,2026-05-04,present
17,Chandresh Kalita,moderate,Site_3,2026-05-05,present
17,Chandresh Kalita,moderate,Site_10,2026-05-06,present
17,Chandresh Kalita,moderate,Site_10,2026-05-07,present
17,Chandresh Kalita,moderate,Site_10,2026-05-08,present
17,Chandresh Kalita,moderate,Site_10,2026-05-09,present
17,Chandresh Kalita,moderate,Site_10,2026-05-11,present
17,Chandresh Kalita,moderate,Site_10,2026-05-12,present
17,Chandresh Kalita,moderate,Site_10,2026-05-13,present
17,Chandresh Kalita,moderate,Site_3,2026-05-14,absent
17,Chandresh Kalita,moderate,Site_10,2026-05-15,present
17,Chandresh Kalita,moderate,Site_10,2026-05-16,present
17,Chandresh Kalita,moderate,Site_10,2026-05-18,present
17,Chandresh Kalita,moderate,Site_10,2026-05-19,present
17,Chandresh Kalita,moderate,Site_3,2026-05-20,present
17,Chandresh Kalita,moderate,Site_10,2026-05-21,present
17,Chandresh Kalita,moderate,Site_3,2026-05-22,present
17,Chandresh Kalita,moderate,Site_10,2026-05-23,present
17,Chandresh Kalita,moderate,Site_3,2026-05-25,present
17,Chandresh Kalita,moderate,Site_10,2026-05-26,present
17,Chandresh Kalita,moderate,Site_10,2026-05-27,present
17,Chandresh Kalita,moderate,Site_10,2026-05-28,absent
17,Chandresh Kalita,moderate,Site_10,2026-05-29,present
17,Chandresh Kalita,moderate,Site_10,2026-05-30,absent
17,Chandresh Kalita,moderate,Site_10,2026-06-01,present
17,Chandresh Kalita,moderate,Site_10,2026-06-02,present
17,Chandresh Kalita,moderate,Site_3,2026-06-03,present
17,Chandresh Kalita,moderate,Site_3,2026-06-04,present
17,Chandresh Kalita,moderate,Site_10,2026-06-05,present
17,Chandresh Kalita,moderate,Site_10,2026-06-06,present
17,Chandresh Kalita,moderate,Site_10,2026-06-08,present
17,Chandresh Kalita,moderate,Site_10,2026-06-09,present
17,Chandresh Kalita,moderate,Site_3,2026-06-10,present
17,Chandresh Kalita,moderate,Site_10,2026-06-11,present
17,Chandresh Kalita,moderate,Site_10,2026-06-12,present
17,Chandresh Kalita,moderate,Site_3,2026-06-13,present
17,Chandresh Kalita,moderate,Site_10,2026-06-15,present
17,Chandresh Kalita,moderate,Site_10,2026-06-16,present
17,Chandresh Kalita,moderate,Site_3,2026-06-17,present
17,Chandresh Kalita,moderate,Site_3,2026-06-18,present
17,Chandresh Kalita,moderate,Site_10,2026-06-19,present
17,Chandresh Kalita,moderate,Site_3,2026-06-20,absent
17,Chandresh Kalita,moderate,Site_3,2026-06-22,present
17,Chandresh Kalita,moderate,Site_3,2026-06-23,present
17,Chandresh Kalita,moderate,Site_10,2026-06-24,present
17,Chandresh Kalita,moderate,Site_10,2026-06-25,absent
17,Chandresh Kalita,moderate,Site_3,2026-06-26,present
17,Chandresh Kalita,moderate,Site_3,2026-06-27,present
17,Chandresh Kalita,moderate,Site_10,2026-06-29,present
17,Chandresh Kalita,moderate,Site_3,2026-06-30,present
17,Chandresh Kalita,moderate,Site_10,2026-07-01,present
17,Chandresh Kalita,moderate,Site_10,2026-07-02,present
17,Chandresh Kalita,moderate,Site_3,2026-07-03,absent
17,Chandresh Kalita,moderate,Site_10,2026-07-04,present
17,Chandresh Kalita,moderate,Site_10,2026-07-06,absent
17,Chandresh Kalita,moderate,Site_3,2026-07-07,absent
17,Chandresh Kalita,moderate,Site_3,2026-07-08,present
17,Chandresh Kalita,moderate,Site_10,2026-07-09,present
17,Chandresh Kalita,moderate,Site_10,2026-07-10,present
18,Avni Khanna,moderate,Site_7,2026-04-25,present
18,Avni Khanna,moderate,Site_8,2026-04-27,present
18,Avni Khanna,moderate,Site_8,2026-04-28,present
18,Avni Khanna,moderate,Site_8,2026-04-29,present
18,Avni Khanna,moderate,Site_7,2026-04-30,present
18,Avni Khanna,moderate,Site_7,2026-05-01,absent
18,Avni Khanna,moderate,Site_8,2026-05-02,present
18,Avni Khanna,moderate,Site_8,2026-05-04,present
18,Avni Khanna,moderate,Site_8,2026-05-05,absent
18,Avni Khanna,moderate,Site_8,2026-05-06,present
18,Avni Khanna,moderate,Site_8,2026-05-07,absent
18,Avni Khanna,moderate,Site_8,2026-05-08,present
18,Avni Khanna,moderate,Site_7,2026-05-09,present
18,Avni Khanna,moderate,Site_8,2026-05-11,present
18,Avni Khanna,moderate,Site_7,2026-05-12,absent
18,Avni Khanna,moderate,Site_8,2026-05-13,present
18,Avni Khanna,moderate,Site_7,2026-05-14,present
18,Avni Khanna,moderate,Site_7,2026-05-15,present
18,Avni Khanna,moderate,Site_8,2026-05-16,absent
18,Avni Khanna,moderate,Site_7,2026-05-18,present
18,Avni Khanna,moderate,Site_8,2026-05-19,absent
18,Avni Khanna,moderate,Site_8,2026-05-20,present
18,Avni Khanna,moderate,Site_8,2026-05-21,present
18,Avni Khanna,moderate,Site_8,2026-05-22,present
18,Avni Khanna,moderate,Site_7,2026-05-23,present
18,Avni Khanna,moderate,Site_8,2026-05-25,present
18,Avni Khanna,moderate,Site_7,2026-05-26,present
18,Avni Khanna,moderate,Site_7,2026-05-27,present
18,Avni Khanna,moderate,Site_7,2026-05-28,present
18,Avni Khanna,moderate,Site_7,2026-05-29,present
18,Avni Khanna,moderate,Site_7,2026-05-30,present
18,Avni Khanna,moderate,Site_8,2026-06-01,present
18,Avni Khanna,moderate,Site_8,2026-06-02,present
18,Avni Khanna,moderate,Site_8,2026-06-03,absent
18,Avni Khanna,moderate,Site_8,2026-06-04,present
18,Avni Khanna,moderate,Site_8,2026-06-05,present
18,Avni Khanna,moderate,Site_7,2026-06-06,present
18,Avni Khanna,moderate,Site_8,2026-06-08,present
18,Avni Khanna,moderate,Site_7,2026-06-09,absent
18,Avni Khanna,moderate,Site_7,2026-06-10,present
18,Avni Khanna,moderate,Site_7,2026-06-11,present
18,Avni Khanna,moderate,Site_7,2026-06-12,present
18,Avni Khanna,moderate,Site_7,2026-06-13,present
18,Avni Khanna,moderate,Site_7,2026-06-15,present
18,Avni Khanna,moderate,Site_7,2026-06-16,present
18,Avni Khanna,moderate,Site_8,2026-06-17,absent
18,Avni Khanna,moderate,Site_7,2026-06-18,absent
18,Avni Khanna,moderate,Site_7,2026-06-19,absent
18,Avni Khanna,moderate,Site_8,2026-06-20,present
18,Avni Khanna,moderate,Site_8,2026-06-22,present
18,Avni Khanna,moderate,Site_7,2026-06-23,present
18,Avni Khanna,moderate,Site_7,2026-06-24,present
18,Avni Khanna,moderate,Site_8,2026-06-25,present
18,Avni Khanna,moderate,Site_7,2026-06-26,present
18,Avni Khanna,moderate,Site_8,2026-06-27,absent
18,Avni Khanna,moderate,Site_7,2026-06-29,present
18,Avni Khanna,moderate,Site_8,2026-06-30,present
18,Avni Khanna,moderate,Site_7,2026-07-01,present
18,Avni Khanna,moderate,Site_7,2026-07-02,present
18,Avni Khanna,moderate,Site_7,2026-07-03,present
18,Avni Khanna,moderate,Site_7,2026-07-04,present
18,Avni Khanna,moderate,Site_8,2026-07-06,absent
18,Avni Khanna,moderate,Site_8,2026-07-07,present
18,Avni Khanna,moderate,Site_7,2026-07-08,present
18,Avni Khanna,moderate,Site_7,2026-07-09,present
18,Avni Khanna,moderate,Site_7,2026-07-10,present
19,Devansh Sheth,reliable,Site_9,2026-01-13,present
19,Devansh Sheth,reliable,Site_9,2026-01-14,present
19,Devansh Sheth,reliable,Site_7,2026-01-15,present
19,Devansh Sheth,reliable,Site_9,2026-01-16,present
19,Devansh Sheth,reliable,Site_7,2026-01-17,present
19,Devansh Sheth,reliable,Site_7,2026-01-19,absent
19,Devansh Sheth,reliable,Site_9,2026-01-20,present
19,Devansh Sheth,reliable,Site_7,2026-01-21,present
19,Devansh Sheth,reliable,Site_9,2026-01-22,present
19,Devansh Sheth,reliable,Site_7,2026-01-23,present
19,Devansh Sheth,reliable,Site_7,2026-01-24,present
19,Devansh Sheth,reliable,Site_7,2026-01-26,absent
19,Devansh Sheth,reliable,Site_7,2026-01-27,present
19,Devansh Sheth,reliable,Site_7,2026-01-28,present
19,Devansh Sheth,reliable,Site_7,2026-01-29,present
19,Devansh Sheth,reliable,Site_7,2026-01-30,present
19,Devansh Sheth,reliable,Site_9,2026-01-31,present
19,Devansh Sheth,reliable,Site_9,2026-02-02,present
19,Devansh Sheth,reliable,Site_7,2026-02-03,present
19,Devansh Sheth,reliable,Site_9,2026-02-04,present
19,Devansh Sheth,reliable,Site_7,2026-02-05,present
19,Devansh Sheth,reliable,Site_7,2026-02-06,present
19,Devansh Sheth,reliable,Site_9,2026-02-07,present
19,Devansh Sheth,reliable,Site_7,2026-02-09,present
19,Devansh Sheth,reliable,Site_7,2026-02-10,present
19,Devansh Sheth,reliable,Site_9,2026-02-11,present
19,Devansh Sheth,reliable,Site_7,2026-02-12,present
19,Devansh Sheth,reliable,Site_9,2026-02-13,present
19,Devansh Sheth,reliable,Site_7,2026-02-14,present
19,Devansh Sheth,reliable,Site_7,2026-02-16,present
19,Devansh Sheth,reliable,Site_7,2026-02-17,present
19,Devansh Sheth,reliable,Site_9,2026-02-18,present
19,Devansh Sheth,reliable,Site_7,2026-02-19,present
19,Devansh Sheth,reliable,Site_7,2026-02-20,present
19,Devansh Sheth,reliable,Site_9,2026-02-21,present
19,Devansh Sheth,reliable,Site_7,2026-02-23,present
19,Devansh Sheth,reliable,Site_9,2026-02-24,present
19,Devansh Sheth,reliable,Site_7,2026-02-25,present
19,Devansh Sheth,reliable,Site_7,2026-02-26,present
19,Devansh Sheth,reliable,Site_7,2026-02-27,present
19,Devansh Sheth,reliable,Site_7,2026-02-28,present
19,Devansh Sheth,reliable,Site_7,2026-03-02,absent
19,Devansh Sheth,reliable,Site_9,2026-03-03,present
19,Devansh Sheth,reliable,Site_9,2026-03-04,present
19,Devansh Sheth,reliable,Site_9,2026-03-05,present
19,Devansh Sheth,reliable,Site_7,2026-03-06,present
19,Devansh Sheth,reliable,Site_9,2026-03-07,present
19,Devansh Sheth,reliable,Site_7,2026-03-09,present
19,Devansh Sheth,reliable,Site_9,2026-03-10,present
19,Devansh Sheth,reliable,Site_7,2026-03-11,absent
19,Devansh Sheth,reliable,Site_7,2026-03-12,present
19,Devansh Sheth,reliable,Site_9,2026-03-13,present
19,Devansh Sheth,reliable,Site_9,2026-03-14,present
19,Devansh Sheth,reliable,Site_7,2026-03-16,present
19,Devansh Sheth,reliable,Site_7,2026-03-17,absent
19,Devansh Sheth,reliable,Site_9,2026-03-18,present
19,Devansh Sheth,reliable,Site_9,2026-03-19,present
19,Devansh Sheth,reliable,Site_7,2026-03-20,present
19,Devansh Sheth,reliable,Site_7,2026-03-21,present
19,Devansh Sheth,reliable,Site_7,2026-03-23,absent
19,Devansh Sheth,reliable,Site_7,2026-03-24,present
19,Devansh Sheth,reliable,Site_7,2026-03-25,present
19,Devansh Sheth,reliable,Site_9,2026-03-26,present
19,Devansh Sheth,reliable,Site_9,2026-03-27,present
19,Devansh Sheth,reliable,Site_7,2026-03-28,present
19,Devansh Sheth,reliable,Site_7,2026-03-30,present
19,Devansh Sheth,reliable,Site_9,2026-03-31,present
19,Devansh Sheth,reliable,Site_7,2026-04-01,present
19,Devansh Sheth,reliable,Site_7,2026-04-02,present
19,Devansh Sheth,reliable,Site_9,2026-04-03,present
19,Devansh Sheth,reliable,Site_9,2026-04-04,present
19,Devansh Sheth,reliable,Site_9,2026-04-06,present
19,Devansh Sheth,reliable,Site_9,2026-04-07,present
19,Devansh Sheth,reliable,Site_7,2026-04-08,present
19,Devansh Sheth,reliable,Site_7,2026-04-09,present
19,Devansh Sheth,reliable,Site_7,2026-04-10,present
19,Devansh Sheth,reliable,Site_9,2026-04-11,present
19,Devansh Sheth,reliable,Site_9,2026-04-13,present
19,Devansh Sheth,reliable,Site_7,2026-04-14,absent
19,Devansh Sheth,reliable,Site_9,2026-04-15,present
19,Devansh Sheth,reliable,Site_7,2026-04-16,present
19,Devansh Sheth,reliable,Site_9,2026-04-17,present
19,Devansh Sheth,reliable,Site_7,2026-04-18,present
19,Devansh Sheth,reliable,Site_9,2026-04-20,present
19,Devansh Sheth,reliable,Site_7,2026-04-21,present
19,Devansh Sheth,reliable,Site_9,2026-04-22,absent
19,Devansh Sheth,reliable,Site_9,2026-04-23,present
19,Devansh Sheth,reliable,Site_7,2026-04-24,present
19,Devansh Sheth,reliable,Site_9,2026-04-25,present
19,Devansh Sheth,reliable,Site_7,2026-04-27,present
19,Devansh Sheth,reliable,Site_7,2026-04-28,present
19,Devansh Sheth,reliable,Site_7,2026-04-29,present
19,Devansh Sheth,reliable,Site_7,2026-04-30,present
19,Devansh Sheth,reliable,Site_7,2026-05-01,present
19,Devansh Sheth,reliable,Site_9,2026-05-02,present
19,Devansh Sheth,reliable,Site_7,2026-05-04,present
19,Devansh Sheth,reliable,Site_9,2026-05-05,present
19,Devansh Sheth,reliable,Site_7,2026-05-06,absent
19,Devansh Sheth,reliable,Site_7,2026-05-07,present
19,Devansh Sheth,reliable,Site_9,2026-05-08,present
19,Devansh Sheth,reliable,Site_7,2026-05-09,present
19,Devansh Sheth,reliable,Site_9,2026-05-11,present
19,Devansh Sheth,reliable,Site_9,2026-05-12,present
19,Devansh Sheth,reliable,Site_9,2026-05-13,present
19,Devansh Sheth,reliable,Site_9,2026-05-14,present
19,Devansh Sheth,reliable,Site_9,2026-05-15,present
19,Devansh Sheth,reliable,Site_7,2026-05-16,present
19,Devansh Sheth,reliable,Site_7,2026-05-18,present
19,Devansh Sheth,reliable,Site_9,2026-05-19,present
19,Devansh Sheth,reliable,Site_7,2026-05-20,present
19,Devansh Sheth,reliable,Site_7,2026-05-21,present
19,Devansh Sheth,reliable,Site_9,2026-05-22,present
19,Devansh Sheth,reliable,Site_9,2026-05-23,present
19,Devansh Sheth,reliable,Site_9,2026-05-25,present
19,Devansh Sheth,reliable,Site_9,2026-05-26,present
19,Devansh Sheth,reliable,Site_7,2026-05-27,present
19,Devansh Sheth,reliable,Site_7,2026-05-28,present
19,Devansh Sheth,reliable,Site_9,2026-05-29,absent
19,Devansh Sheth,reliable,Site_9,2026-05-30,present
19,Devansh Sheth,reliable,Site_9,2026-06-01,present
19,Devansh Sheth,reliable,Site_7,2026-06-02,present
19,Devansh Sheth,reliable,Site_7,2026-06-03,present
19,Devansh Sheth,reliable,Site_9,2026-06-04,present
19,Devansh Sheth,reliable,Site_9,2026-06-05,present
19,Devansh Sheth,reliable,Site_7,2026-06-06,present
19,Devansh Sheth,reliable,Site_7,2026-06-08,absent
19,Devansh Sheth,reliable,Site_7,2026-06-09,present
19,Devansh Sheth,reliable,Site_7,2026-06-10,present
19,Devansh Sheth,reliable,Site_7,2026-06-11,present
19,Devansh Sheth,reliable,Site_9,2026-06-12,present
19,Devansh Sheth,reliable,Site_7,2026-06-13,present
19,Devansh Sheth,reliable,Site_9,2026-06-15,present
19,Devansh Sheth,reliable,Site_9,2026-06-16,present
19,Devansh Sheth,reliable,Site_7,2026-06-17,present
19,Devansh Sheth,reliable,Site_9,2026-06-18,present
19,Devansh Sheth,reliable,Site_7,2026-06-19,absent
19,Devansh Sheth,reliable,Site_7,2026-06-20,present
19,Devansh Sheth,reliable,Site_9,2026-06-22,present
19,Devansh Sheth,reliable,Site_7,2026-06-23,present
19,Devansh Sheth,reliable,Site_7,2026-06-24,present
19,Devansh Sheth,reliable,Site_7,2026-06-25,present
19,Devansh Sheth,reliable,Site_9,2026-06-26,present
19,Devansh Sheth,reliable,Site_7,2026-06-27,present
19,Devansh Sheth,reliable,Site_9,2026-06-29,present
19,Devansh Sheth,reliable,Site_9,2026-06-30,present
19,Devansh Sheth,reliable,Site_7,2026-07-01,present
19,Devansh Sheth,reliable,Site_7,2026-07-02,present
19,Devansh Sheth,reliable,Site_9,2026-07-03,present
19,Devansh Sheth,reliable,Site_9,2026-07-04,absent
19,Devansh Sheth,reliable,Site_9,2026-07-06,present
19,Devansh Sheth,reliable,Site_9,2026-07-07,present
19,Devansh Sheth,reliable,Site_7,2026-07-08,present
19,Devansh Sheth,reliable,Site_9,2026-07-09,absent
19,Devansh Sheth,reliable,Site_9,2026-07-10,present
20,Laban Jain,moderate,Site_3,2026-04-07,present
20,Laban Jain,moderate,Site_4,2026-04-08,present
20,Laban Jain,moderate,Site_3,2026-04-09,absent
20,Laban Jain,moderate,Site_4,2026-04-10,absent
20,Laban Jain,moderate,Site_3,2026-04-11,present
20,Laban Jain,moderate,Site_4,2026-04-13,absent
20,Laban Jain,moderate,Site_4,2026-04-14,present
20,Laban Jain,moderate,Site_4,2026-04-15,absent
20,Laban Jain,moderate,Site_4,2026-04-16,present
20,Laban Jain,moderate,Site_3,2026-04-17,present
20,Laban Jain,moderate,Site_4,2026-04-18,present
20,Laban Jain,moderate,Site_3,2026-04-20,absent
20,Laban Jain,moderate,Site_3,2026-04-21,present
20,Laban Jain,moderate,Site_4,2026-04-22,present
20,Laban Jain,moderate,Site_4,2026-04-23,present
20,Laban Jain,moderate,Site_4,2026-04-24,present
20,Laban Jain,moderate,Site_3,2026-04-25,present
20,Laban Jain,moderate,Site_3,2026-04-27,absent
20,Laban Jain,moderate,Site_3,2026-04-28,present
20,Laban Jain,moderate,Site_3,2026-04-29,present
20,Laban Jain,moderate,Site_3,2026-04-30,present
20,Laban Jain,moderate,Site_4,2026-05-01,absent
20,Laban Jain,moderate,Site_4,2026-05-02,present
20,Laban Jain,moderate,Site_4,2026-05-04,absent
20,Laban Jain,moderate,Site_3,2026-05-05,present
20,Laban Jain,moderate,Site_4,2026-05-06,present
20,Laban Jain,moderate,Site_4,2026-05-07,present
20,Laban Jain,moderate,Site_4,2026-05-08,absent
20,Laban Jain,moderate,Site_4,2026-05-09,absent
20,Laban Jain,moderate,Site_3,2026-05-11,present
20,Laban Jain,moderate,Site_3,2026-05-12,present
20,Laban Jain,moderate,Site_4,2026-05-13,absent
20,Laban Jain,moderate,Site_3,2026-05-14,present
20,Laban Jain,moderate,Site_4,2026-05-15,present
20,Laban Jain,moderate,Site_4,2026-05-16,present
20,Laban Jain,moderate,Site_3,2026-05-18,present
20,Laban Jain,moderate,Site_3,2026-05-19,present
20,Laban Jain,moderate,Site_4,2026-05-20,present
20,Laban Jain,moderate,Site_3,2026-05-21,present
20,Laban Jain,moderate,Site_3,2026-05-22,present
20,Laban Jain,moderate,Site_4,2026-05-23,present
20,Laban Jain,moderate,Site_3,2026-05-25,present
20,Laban Jain,moderate,Site_4,2026-05-26,present
20,Laban Jain,moderate,Site_3,2026-05-27,present
20,Laban Jain,moderate,Site_3,2026-05-28,absent
20,Laban Jain,moderate,Site_3,2026-05-29,absent
20,Laban Jain,moderate,Site_3,2026-05-30,absent
20,Laban Jain,moderate,Site_3,2026-06-01,present
20,Laban Jain,moderate,Site_3,2026-06-02,present
20,Laban Jain,moderate,Site_3,2026-06-03,present
20,Laban Jain,moderate,Site_3,2026-06-04,present
20,Laban Jain,moderate,Site_3,2026-06-05,present
20,Laban Jain,moderate,Site_4,2026-06-06,present
20,Laban Jain,moderate,Site_4,2026-06-08,absent
20,Laban Jain,moderate,Site_4,2026-06-09,present
20,Laban Jain,moderate,Site_3,2026-06-10,present
20,Laban Jain,moderate,Site_3,2026-06-11,absent
20,Laban Jain,moderate,Site_4,2026-06-12,absent
20,Laban Jain,moderate,Site_3,2026-06-13,present
20,Laban Jain,moderate,Site_3,2026-06-15,absent
20,Laban Jain,moderate,Site_3,2026-06-16,absent
20,Laban Jain,moderate,Site_4,2026-06-17,present
20,Laban Jain,moderate,Site_4,2026-06-18,present
20,Laban Jain,moderate,Site_4,2026-06-19,present
20,Laban Jain,moderate,Site_4,2026-06-20,present
20,Laban Jain,moderate,Site_3,2026-06-22,present
20,Laban Jain,moderate,Site_4,2026-06-23,present
20,Laban Jain,moderate,Site_4,2026-06-24,absent
20,Laban Jain,moderate,Site_3,2026-06-25,present
20,Laban Jain,moderate,Site_3,2026-06-26,present
20,Laban Jain,moderate,Site_4,2026-06-27,present
20,Laban Jain,moderate,Site_3,2026-06-29,absent
20,Laban Jain,moderate,Site_4,2026-06-30,present
20,Laban Jain,moderate,Site_3,2026-07-01,present
20,Laban Jain,moderate,Site_3,2026-07-02,present
20,Laban Jain,moderate,Site_4,2026-07-03,present
20,Laban Jain,moderate,Site_3,2026-07-04,absent
20,Laban Jain,moderate,Site_4,2026-07-06,present
20,Laban Jain,moderate,Site_4,2026-07-07,present
20,Laban Jain,moderate,Site_4,2026-07-08,absent
20,Laban Jain,moderate,Site_3,2026-07-09,absent
20,Laban Jain,moderate,Site_3,2026-07-10,absent
21,Sneha Chahal,moderate,Site_1,2026-04-04,present
21,Sneha Chahal,moderate,Site_3,2026-04-06,present
21,Sneha Chahal,moderate,Site_3,2026-04-07,present
21,Sneha Chahal,moderate,Site_1,2026-04-08,present
21,Sneha Chahal,moderate,Site_3,2026-04-09,present
21,Sneha Chahal,moderate,Site_1,2026-04-10,absent
21,Sneha Chahal,moderate,Site_3,2026-04-11,present
21,Sneha Chahal,moderate,Site_3,2026-04-13,present
21,Sneha Chahal,moderate,Site_1,2026-04-14,absent
21,Sneha Chahal,moderate,Site_1,2026-04-15,absent
21,Sneha Chahal,moderate,Site_3,2026-04-16,present
21,Sneha Chahal,moderate,Site_3,2026-04-17,absent
21,Sneha Chahal,moderate,Site_3,2026-04-18,present
21,Sneha Chahal,moderate,Site_1,2026-04-20,present
21,Sneha Chahal,moderate,Site_1,2026-04-21,present
21,Sneha Chahal,moderate,Site_3,2026-04-22,absent
21,Sneha Chahal,moderate,Site_3,2026-04-23,present
21,Sneha Chahal,moderate,Site_1,2026-04-24,absent
21,Sneha Chahal,moderate,Site_3,2026-04-25,present
21,Sneha Chahal,moderate,Site_1,2026-04-27,present
21,Sneha Chahal,moderate,Site_1,2026-04-28,present
21,Sneha Chahal,moderate,Site_1,2026-04-29,absent
21,Sneha Chahal,moderate,Site_1,2026-04-30,present
21,Sneha Chahal,moderate,Site_1,2026-05-01,absent
21,Sneha Chahal,moderate,Site_3,2026-05-02,present
21,Sneha Chahal,moderate,Site_1,2026-05-04,present
21,Sneha Chahal,moderate,Site_1,2026-05-05,present
21,Sneha Chahal,moderate,Site_3,2026-05-06,present
21,Sneha Chahal,moderate,Site_3,2026-05-07,present
21,Sneha Chahal,moderate,Site_3,2026-05-08,present
21,Sneha Chahal,moderate,Site_3,2026-05-09,present
21,Sneha Chahal,moderate,Site_1,2026-05-11,present
21,Sneha Chahal,moderate,Site_3,2026-05-12,present
21,Sneha Chahal,moderate,Site_1,2026-05-13,present
21,Sneha Chahal,moderate,Site_1,2026-05-14,absent
21,Sneha Chahal,moderate,Site_3,2026-05-15,present
21,Sneha Chahal,moderate,Site_1,2026-05-16,present
21,Sneha Chahal,moderate,Site_1,2026-05-18,absent
21,Sneha Chahal,moderate,Site_1,2026-05-19,present
21,Sneha Chahal,moderate,Site_1,2026-05-20,present
21,Sneha Chahal,moderate,Site_3,2026-05-21,present
21,Sneha Chahal,moderate,Site_3,2026-05-22,present
21,Sneha Chahal,moderate,Site_3,2026-05-23,present
21,Sneha Chahal,moderate,Site_3,2026-05-25,absent
21,Sneha Chahal,moderate,Site_3,2026-05-26,present
21,Sneha Chahal,moderate,Site_3,2026-05-27,present
21,Sneha Chahal,moderate,Site_1,2026-05-28,present
21,Sneha Chahal,moderate,Site_3,2026-05-29,present
21,Sneha Chahal,moderate,Site_3,2026-05-30,present
21,Sneha Chahal,moderate,Site_1,2026-06-01,present
21,Sneha Chahal,moderate,Site_3,2026-06-02,present
21,Sneha Chahal,moderate,Site_3,2026-06-03,absent
21,Sneha Chahal,moderate,Site_3,2026-06-04,absent
21,Sneha Chahal,moderate,Site_3,2026-06-05,present
21,Sneha Chahal,moderate,Site_1,2026-06-06,present
21,Sneha Chahal,moderate,Site_3,2026-06-08,absent
21,Sneha Chahal,moderate,Site_1,2026-06-09,present
21,Sneha Chahal,moderate,Site_3,2026-06-10,present
21,Sneha Chahal,moderate,Site_3,2026-06-11,absent
21,Sneha Chahal,moderate,Site_3,2026-06-12,absent
21,Sneha Chahal,moderate,Site_1,2026-06-13,present
21,Sneha Chahal,moderate,Site_1,2026-06-15,present
21,Sneha Chahal,moderate,Site_1,2026-06-16,present
21,Sneha Chahal,moderate,Site_3,2026-06-17,present
21,Sneha Chahal,moderate,Site_3,2026-06-18,absent
21,Sneha Chahal,moderate,Site_1,2026-06-19,present
21,Sneha Chahal,moderate,Site_1,2026-06-20,absent
21,Sneha Chahal,moderate,Site_3,2026-06-22,present
21,Sneha Chahal,moderate,Site_3,2026-06-23,present
21,Sneha Chahal,moderate,Site_1,2026-06-24,present
21,Sneha Chahal,moderate,Site_3,2026-06-25,absent
21,Sneha Chahal,moderate,Site_1,2026-06-26,present
21,Sneha Chahal,moderate,Site_3,2026-06-27,present
21,Sneha Chahal,moderate,Site_3,2026-06-29,present
21,Sneha Chahal,moderate,Site_3,2026-06-30,present
21,Sneha Chahal,moderate,Site_1,2026-07-01,present
21,Sneha Chahal,moderate,Site_1,2026-07-02,present
21,Sneha Chahal,moderate,Site_1,2026-07-03,present
21,Sneha Chahal,moderate,Site_3,2026-07-04,present
21,Sneha Chahal,moderate,Site_3,2026-07-06,present
21,Sneha Chahal,moderate,Site_1,2026-07-07,present
21,Sneha Chahal,moderate,Site_1,2026-07-08,present
21,Sneha Chahal,moderate,Site_3,2026-07-09,present
21,Sneha Chahal,moderate,Site_1,2026-07-10,present
22,Bhanumati Babu,unreliable,Site_1,2026-06-16,present
22,Bhanumati Babu,unreliable,Site_1,2026-06-17,present
22,Bhanumati Babu,unreliable,Site_1,2026-06-18,absent
22,Bhanumati Babu,unreliable,Site_1,2026-06-19,present
22,Bhanumati Babu,unreliable,Site_1,2026-06-20,present
22,Bhanumati Babu,unreliable,Site_1,2026-06-22,absent
22,Bhanumati Babu,unreliable,Site_1,2026-06-23,present
22,Bhanumati Babu,unreliable,Site_1,2026-06-24,present
22,Bhanumati Babu,unreliable,Site_1,2026-06-25,absent
22,Bhanumati Babu,unreliable,Site_1,2026-06-26,absent
22,Bhanumati Babu,unreliable,Site_1,2026-06-27,absent
22,Bhanumati Babu,unreliable,Site_1,2026-06-29,present
22,Bhanumati Babu,unreliable,Site_1,2026-06-30,absent
22,Bhanumati Babu,unreliable,Site_1,2026-07-01,present
22,Bhanumati Babu,unreliable,Site_1,2026-07-02,present
22,Bhanumati Babu,unreliable,Site_1,2026-07-03,present
22,Bhanumati Babu,unreliable,Site_1,2026-07-04,present
22,Bhanumati Babu,unreliable,Site_1,2026-07-06,present
22,Bhanumati Babu,unreliable,Site_1,2026-07-07,present
22,Bhanumati Babu,unreliable,Site_1,2026-07-08,present
22,Bhanumati Babu,unreliable,Site_1,2026-07-09,present
22,Bhanumati Babu,unreliable,Site_1,2026-07-10,present
23,Tejas Chauhan,reliable,Site_1,2026-01-21,present
23,Tejas Chauhan,reliable,Site_1,2026-01-22,present
23,Tejas Chauhan,reliable,Site_1,2026-01-23,present
23,Tejas Chauhan,reliable,Site_9,2026-01-24,present
23,Tejas Chauhan,reliable,Site_1,2026-01-26,present
23,Tejas Chauhan,reliable,Site_9,2026-01-27,present
23,Tejas Chauhan,reliable,Site_9,2026-01-28,present
23,Tejas Chauhan,reliable,Site_9,2026-01-29,present
23,Tejas Chauhan,reliable,Site_9,2026-01-30,absent
23,Tejas Chauhan,reliable,Site_1,2026-01-31,present
23,Tejas Chauhan,reliable,Site_1,2026-02-02,present
23,Tejas Chauhan,reliable,Site_4,2026-02-03,present
23,Tejas Chauhan,reliable,Site_4,2026-02-04,present
23,Tejas Chauhan,reliable,Site_1,2026-02-05,present
23,Tejas Chauhan,reliable,Site_9,2026-02-06,present
23,Tejas Chauhan,reliable,Site_4,2026-02-07,present
23,Tejas Chauhan,reliable,Site_1,2026-02-09,present
23,Tejas Chauhan,reliable,Site_4,2026-02-10,present
23,Tejas Chauhan,reliable,Site_9,2026-02-11,present
23,Tejas Chauhan,reliable,Site_1,2026-02-12,present
23,Tejas Chauhan,reliable,Site_9,2026-02-13,present
23,Tejas Chauhan,reliable,Site_1,2026-02-14,present
23,Tejas Chauhan,reliable,Site_4,2026-02-16,present
23,Tejas Chauhan,reliable,Site_1,2026-02-17,present
23,Tejas Chauhan,reliable,Site_9,2026-02-18,present
23,Tejas Chauhan,reliable,Site_4,2026-02-19,absent
23,Tejas Chauhan,reliable,Site_4,2026-02-20,present
23,Tejas Chauhan,reliable,Site_9,2026-02-21,present
23,Tejas Chauhan,reliable,Site_1,2026-02-23,present
23,Tejas Chauhan,reliable,Site_4,2026-02-24,present
23,Tejas Chauhan,reliable,Site_1,2026-02-25,present
23,Tejas Chauhan,reliable,Site_1,2026-02-26,present
23,Tejas Chauhan,reliable,Site_9,2026-02-27,present
23,Tejas Chauhan,reliable,Site_1,2026-02-28,present
23,Tejas Chauhan,reliable,Site_9,2026-03-02,present
23,Tejas Chauhan,reliable,Site_9,2026-03-03,present
23,Tejas Chauhan,reliable,Site_4,2026-03-04,present
23,Tejas Chauhan,reliable,Site_4,2026-03-05,present
23,Tejas Chauhan,reliable,Site_4,2026-03-06,absent
23,Tejas Chauhan,reliable,Site_1,2026-03-07,present
23,Tejas Chauhan,reliable,Site_1,2026-03-09,present
23,Tejas Chauhan,reliable,Site_4,2026-03-10,present
23,Tejas Chauhan,reliable,Site_9,2026-03-11,present
23,Tejas Chauhan,reliable,Site_9,2026-03-12,present
23,Tejas Chauhan,reliable,Site_1,2026-03-13,present
23,Tejas Chauhan,reliable,Site_1,2026-03-14,present
23,Tejas Chauhan,reliable,Site_1,2026-03-16,present
23,Tejas Chauhan,reliable,Site_4,2026-03-17,present
23,Tejas Chauhan,reliable,Site_4,2026-03-18,present
23,Tejas Chauhan,reliable,Site_1,2026-03-19,present
23,Tejas Chauhan,reliable,Site_4,2026-03-20,present
23,Tejas Chauhan,reliable,Site_4,2026-03-21,present
23,Tejas Chauhan,reliable,Site_4,2026-03-23,present
23,Tejas Chauhan,reliable,Site_4,2026-03-24,present
23,Tejas Chauhan,reliable,Site_4,2026-03-25,present
23,Tejas Chauhan,reliable,Site_9,2026-03-26,present
23,Tejas Chauhan,reliable,Site_1,2026-03-27,present
23,Tejas Chauhan,reliable,Site_9,2026-03-28,present
23,Tejas Chauhan,reliable,Site_1,2026-03-30,present
23,Tejas Chauhan,reliable,Site_9,2026-03-31,present
23,Tejas Chauhan,reliable,Site_9,2026-04-01,present
23,Tejas Chauhan,reliable,Site_1,2026-04-02,present
23,Tejas Chauhan,reliable,Site_4,2026-04-03,present
23,Tejas Chauhan,reliable,Site_9,2026-04-04,present
23,Tejas Chauhan,reliable,Site_9,2026-04-06,present
23,Tejas Chauhan,reliable,Site_1,2026-04-07,absent
23,Tejas Chauhan,reliable,Site_4,2026-04-08,present
23,Tejas Chauhan,reliable,Site_4,2026-04-09,present
23,Tejas Chauhan,reliable,Site_1,2026-04-10,present
23,Tejas Chauhan,reliable,Site_4,2026-04-11,present
23,Tejas Chauhan,reliable,Site_9,2026-04-13,present
23,Tejas Chauhan,reliable,Site_9,2026-04-14,present
23,Tejas Chauhan,reliable,Site_9,2026-04-15,present
23,Tejas Chauhan,reliable,Site_9,2026-04-16,present
23,Tejas Chauhan,reliable,Site_9,2026-04-17,present
23,Tejas Chauhan,reliable,Site_9,2026-04-18,present
23,Tejas Chauhan,reliable,Site_4,2026-04-20,present
23,Tejas Chauhan,reliable,Site_1,2026-04-21,present
23,Tejas Chauhan,reliable,Site_9,2026-04-22,present
23,Tejas Chauhan,reliable,Site_4,2026-04-23,present
23,Tejas Chauhan,reliable,Site_9,2026-04-24,present
23,Tejas Chauhan,reliable,Site_9,2026-04-25,present
23,Tejas Chauhan,reliable,Site_9,2026-04-27,present
23,Tejas Chauhan,reliable,Site_9,2026-04-28,present
23,Tejas Chauhan,reliable,Site_4,2026-04-29,present
23,Tejas Chauhan,reliable,Site_1,2026-04-30,present
23,Tejas Chauhan,reliable,Site_4,2026-05-01,present
23,Tejas Chauhan,reliable,Site_4,2026-05-02,present
23,Tejas Chauhan,reliable,Site_1,2026-05-04,present
23,Tejas Chauhan,reliable,Site_4,2026-05-05,present
23,Tejas Chauhan,reliable,Site_1,2026-05-06,present
23,Tejas Chauhan,reliable,Site_4,2026-05-07,present
23,Tejas Chauhan,reliable,Site_4,2026-05-08,present
23,Tejas Chauhan,reliable,Site_4,2026-05-09,present
23,Tejas Chauhan,reliable,Site_1,2026-05-11,present
23,Tejas Chauhan,reliable,Site_9,2026-05-12,absent
23,Tejas Chauhan,reliable,Site_1,2026-05-13,present
23,Tejas Chauhan,reliable,Site_1,2026-05-14,present
23,Tejas Chauhan,reliable,Site_1,2026-05-15,present
23,Tejas Chauhan,reliable,Site_9,2026-05-16,present
23,Tejas Chauhan,reliable,Site_9,2026-05-18,present
23,Tejas Chauhan,reliable,Site_9,2026-05-19,present
23,Tejas Chauhan,reliable,Site_9,2026-05-20,present
23,Tejas Chauhan,reliable,Site_4,2026-05-21,present
23,Tejas Chauhan,reliable,Site_1,2026-05-22,present
23,Tejas Chauhan,reliable,Site_4,2026-05-23,present
23,Tejas Chauhan,reliable,Site_9,2026-05-25,present
23,Tejas Chauhan,reliable,Site_9,2026-05-26,present
23,Tejas Chauhan,reliable,Site_9,2026-05-27,present
23,Tejas Chauhan,reliable,Site_1,2026-05-28,present
23,Tejas Chauhan,reliable,Site_1,2026-05-29,present
23,Tejas Chauhan,reliable,Site_4,2026-05-30,present
23,Tejas Chauhan,reliable,Site_4,2026-06-01,present
23,Tejas Chauhan,reliable,Site_4,2026-06-02,present
23,Tejas Chauhan,reliable,Site_1,2026-06-03,present
23,Tejas Chauhan,reliable,Site_4,2026-06-04,present
23,Tejas Chauhan,reliable,Site_9,2026-06-05,present
23,Tejas Chauhan,reliable,Site_4,2026-06-06,present
23,Tejas Chauhan,reliable,Site_9,2026-06-08,present
23,Tejas Chauhan,reliable,Site_1,2026-06-09,present
23,Tejas Chauhan,reliable,Site_4,2026-06-10,present
23,Tejas Chauhan,reliable,Site_1,2026-06-11,present
23,Tejas Chauhan,reliable,Site_1,2026-06-12,present
23,Tejas Chauhan,reliable,Site_1,2026-06-13,present
23,Tejas Chauhan,reliable,Site_9,2026-06-15,present
23,Tejas Chauhan,reliable,Site_4,2026-06-16,present
23,Tejas Chauhan,reliable,Site_9,2026-06-17,present
23,Tejas Chauhan,reliable,Site_1,2026-06-18,present
23,Tejas Chauhan,reliable,Site_1,2026-06-19,present
23,Tejas Chauhan,reliable,Site_1,2026-06-20,present
23,Tejas Chauhan,reliable,Site_4,2026-06-22,present
23,Tejas Chauhan,reliable,Site_4,2026-06-23,present
23,Tejas Chauhan,reliable,Site_1,2026-06-24,present
23,Tejas Chauhan,reliable,Site_1,2026-06-25,present
23,Tejas Chauhan,reliable,Site_1,2026-06-26,present
23,Tejas Chauhan,reliable,Site_9,2026-06-27,present
23,Tejas Chauhan,reliable,Site_4,2026-06-29,present
23,Tejas Chauhan,reliable,Site_4,2026-06-30,present
23,Tejas Chauhan,reliable,Site_9,2026-07-01,present
23,Tejas Chauhan,reliable,Site_1,2026-07-02,present
23,Tejas Chauhan,reliable,Site_4,2026-07-03,present
23,Tejas Chauhan,reliable,Site_4,2026-07-04,present
23,Tejas Chauhan,reliable,Site_1,2026-07-06,present
23,Tejas Chauhan,reliable,Site_9,2026-07-07,present
23,Tejas Chauhan,reliable,Site_9,2026-07-08,present
23,Tejas Chauhan,reliable,Site_9,2026-07-09,present
23,Tejas Chauhan,reliable,Site_4,2026-07-10,present
24,Chanakya Ravi,unreliable,Site_4,2026-06-15,present
24,Chanakya Ravi,unreliable,Site_4,2026-06-16,absent
24,Chanakya Ravi,unreliable,Site_4,2026-06-17,absent
24,Chanakya Ravi,unreliable,Site_4,2026-06-18,present
24,Chanakya Ravi,unreliable,Site_4,2026-06-19,absent
24,Chanakya Ravi,unreliable,Site_4,2026-06-20,present
24,Chanakya Ravi,unreliable,Site_4,2026-06-22,absent
24,Chanakya Ravi,unreliable,Site_4,2026-06-23,absent
24,Chanakya Ravi,unreliable,Site_4,2026-06-24,absent
24,Chanakya Ravi,unreliable,Site_4,2026-06-25,present
24,Chanakya Ravi,unreliable,Site_4,2026-06-26,present
24,Chanakya Ravi,unreliable,Site_4,2026-06-27,present
24,Chanakya Ravi,unreliable,Site_4,2026-06-29,absent
24,Chanakya Ravi,unreliable,Site_4,2026-06-30,present
24,Chanakya Ravi,unreliable,Site_4,2026-07-01,absent
24,Chanakya Ravi,unreliable,Site_4,2026-07-02,present
24,Chanakya Ravi,unreliable,Site_4,2026-07-03,present
24,Chanakya Ravi,unreliable,Site_4,2026-07-04,present
24,Chanakya Ravi,unreliable,Site_4,2026-07-06,absent
24,Chanakya Ravi,unreliable,Site_4,2026-07-07,present
24,Chanakya Ravi,unreliable,Site_4,2026-07-08,absent
24,Chanakya Ravi,unreliable,Site_4,2026-07-09,absent
24,Chanakya Ravi,unreliable,Site_4,2026-07-10,present
25,Kala Varghese,new,Site_4,2026-06-27,present
25,Kala Varghese,new,Site_4,2026-06-29,absent
25,Kala Varghese,new,Site_4,2026-06-30,absent
25,Kala Varghese,new,Site_4,2026-07-01,absent
25,Kala Varghese,new,Site_4,2026-07-02,present
25,Kala Varghese,new,Site_4,2026-07-03,absent
25,Kala Varghese,new,Site_4,2026-07-04,present
25,Kala Varghese,new,Site_4,2026-07-06,absent
25,Kala Varghese,new,Site_4,2026-07-07,present
25,Kala Varghese,new,Site_4,2026-07-08,present
25,Kala Varghese,new,Site_4,2026-07-09,present
25,Kala Varghese,new,Site_4,2026-07-10,present
26,Yagnesh Prabhakar,unreliable,Site_10,2026-06-18,present
26,Yagnesh Prabhakar,unreliable,Site_10,2026-06-19,absent
26,Yagnesh Prabhakar,unreliable,Site_10,2026-06-20,present
26,Yagnesh Prabhakar,unreliable,Site_10,2026-06-22,absent
26,Yagnesh Prabhakar,unreliable,Site_10,2026-06-23,absent
26,Yagnesh Prabhakar,unreliable,Site_10,2026-06-24,present
26,Yagnesh Prabhakar,unreliable,Site_10,2026-06-25,present
26,Yagnesh Prabhakar,unreliable,Site_10,2026-06-26,absent
26,Yagnesh Prabhakar,unreliable,Site_10,2026-06-27,present
26,Yagnesh Prabhakar,unreliable,Site_10,2026-06-29,present
26,Yagnesh Prabhakar,unreliable,Site_10,2026-06-30,absent
26,Yagnesh Prabhakar,unreliable,Site_10,2026-07-01,present
26,Yagnesh Prabhakar,unreliable,Site_10,2026-07-02,absent
26,Yagnesh Prabhakar,unreliable,Site_10,2026-07-03,absent
26,Yagnesh Prabhakar,unreliable,Site_10,2026-07-04,present
26,Yagnesh Prabhakar,unreliable,Site_10,2026-07-06,present
26,Yagnesh Prabhakar,unreliable,Site_10,2026-07-07,present
26,Yagnesh Prabhakar,unreliable,Site_10,2026-07-08,absent
26,Yagnesh Prabhakar,unreliable,Site_10,2026-07-09,absent
26,Yagnesh Prabhakar,unreliable,Site_10,2026-07-10,absent
27,Tejas Aurora,moderate,Site_9,2026-05-06,present
27,Tejas Aurora,moderate,Site_9,2026-05-07,present
27,Tejas Aurora,moderate,Site_9,2026-05-08,absent
27,Tejas Aurora,moderate,Site_9,2026-05-09,absent
27,Tejas Aurora,moderate,Site_9,2026-05-11,present
27,Tejas Aurora,moderate,Site_9,2026-05-12,present
27,Tejas Aurora,moderate,Site_9,2026-05-13,absent
27,Tejas Aurora,moderate,Site_9,2026-05-14,present
27,Tejas Aurora,moderate,Site_9,2026-05-15,present
27,Tejas Aurora,moderate,Site_9,2026-05-16,present
27,Tejas Aurora,moderate,Site_9,2026-05-18,present
27,Tejas Aurora,moderate,Site_9,2026-05-19,absent
27,Tejas Aurora,moderate,Site_9,2026-05-20,present
27,Tejas Aurora,moderate,Site_9,2026-05-21,present
27,Tejas Aurora,moderate,Site_9,2026-05-22,present
27,Tejas Aurora,moderate,Site_9,2026-05-23,present
27,Tejas Aurora,moderate,Site_9,2026-05-25,absent
27,Tejas Aurora,moderate,Site_9,2026-05-26,present
27,Tejas Aurora,moderate,Site_9,2026-05-27,present
27,Tejas Aurora,moderate,Site_9,2026-05-28,present
27,Tejas Aurora,moderate,Site_9,2026-05-29,present
27,Tejas Aurora,moderate,Site_9,2026-05-30,absent
27,Tejas Aurora,moderate,Site_9,2026-06-01,present
27,Tejas Aurora,moderate,Site_9,2026-06-02,present
27,Tejas Aurora,moderate,Site_9,2026-06-03,present
27,Tejas Aurora,moderate,Site_9,2026-06-04,absent
27,Tejas Aurora,moderate,Site_9,2026-06-05,absent
27,Tejas Aurora,moderate,Site_9,2026-06-06,present
27,Tejas Aurora,moderate,Site_9,2026-06-08,absent
27,Tejas Aurora,moderate,Site_9,2026-06-09,present
27,Tejas Aurora,moderate,Site_9,2026-06-10,present
27,Tejas Aurora,moderate,Site_9,2026-06-11,present
27,Tejas Aurora,moderate,Site_9,2026-06-12,present
27,Tejas Aurora,moderate,Site_9,2026-06-13,present
27,Tejas Aurora,moderate,Site_9,2026-06-15,present
27,Tejas Aurora,moderate,Site_9,2026-06-16,present
27,Tejas Aurora,moderate,Site_9,2026-06-17,present
27,Tejas Aurora,moderate,Site_9,2026-06-18,present
27,Tejas Aurora,moderate,Site_9,2026-06-19,present
27,Tejas Aurora,moderate,Site_9,2026-06-20,absent
27,Tejas Aurora,moderate,Site_9,2026-06-22,present
27,Tejas Aurora,moderate,Site_9,2026-06-23,present
27,Tejas Aurora,moderate,Site_9,2026-06-24,present
27,Tejas Aurora,moderate,Site_9,2026-06-25,absent
27,Tejas Aurora,moderate,Site_9,2026-06-26,absent
27,Tejas Aurora,moderate,Site_9,2026-06-27,present
27,Tejas Aurora,moderate,Site_9,2026-06-29,present
27,Tejas Aurora,moderate,Site_9,2026-06-30,absent
27,Tejas Aurora,moderate,Site_9,2026-07-01,present
27,Tejas Aurora,moderate,Site_9,2026-07-02,present
27,Tejas Aurora,moderate,Site_9,2026-07-03,present
27,Tejas Aurora,moderate,Site_9,2026-07-04,present
27,Tejas Aurora,moderate,Site_9,2026-07-06,absent
27,Tejas Aurora,moderate,Site_9,2026-07-07,present
27,Tejas Aurora,moderate,Site_9,2026-07-08,present
27,Tejas Aurora,moderate,Site_9,2026-07-09,present
27,Tejas Aurora,moderate,Site_9,2026-07-10,present
28,Zilmil Yadav,reliable,Site_10,2026-01-16,present
28,Zilmil Yadav,reliable,Site_8,2026-01-17,present
28,Zilmil Yadav,reliable,Site_8,2026-01-19,present
28,Zilmil Yadav,reliable,Site_8,2026-01-20,present
28,Zilmil Yadav,reliable,Site_8,2026-01-21,present
28,Zilmil Yadav,reliable,Site_6,2026-01-22,present
28,Zilmil Yadav,reliable,Site_8,2026-01-23,present
28,Zilmil Yadav,reliable,Site_6,2026-01-24,present
28,Zilmil Yadav,reliable,Site_6,2026-01-26,present
28,Zilmil Yadav,reliable,Site_6,2026-01-27,present
28,Zilmil Yadav,reliable,Site_8,2026-01-28,present
28,Zilmil Yadav,reliable,Site_6,2026-01-29,present
28,Zilmil Yadav,reliable,Site_6,2026-01-30,present
28,Zilmil Yadav,reliable,Site_8,2026-01-31,present
28,Zilmil Yadav,reliable,Site_8,2026-02-02,present
28,Zilmil Yadav,reliable,Site_6,2026-02-03,present
28,Zilmil Yadav,reliable,Site_10,2026-02-04,present
28,Zilmil Yadav,reliable,Site_6,2026-02-05,present
28,Zilmil Yadav,reliable,Site_10,2026-02-06,present
28,Zilmil Yadav,reliable,Site_8,2026-02-07,present
28,Zilmil Yadav,reliable,Site_6,2026-02-09,present
28,Zilmil Yadav,reliable,Site_6,2026-02-10,present
28,Zilmil Yadav,reliable,Site_8,2026-02-11,present
28,Zilmil Yadav,reliable,Site_6,2026-02-12,present
28,Zilmil Yadav,reliable,Site_8,2026-02-13,present
28,Zilmil Yadav,reliable,Site_10,2026-02-14,present
28,Zilmil Yadav,reliable,Site_8,2026-02-16,present
28,Zilmil Yadav,reliable,Site_10,2026-02-17,present
28,Zilmil Yadav,reliable,Site_10,2026-02-18,present
28,Zilmil Yadav,reliable,Site_8,2026-02-19,present
28,Zilmil Yadav,reliable,Site_6,2026-02-20,present
28,Zilmil Yadav,reliable,Site_10,2026-02-21,present
28,Zilmil Yadav,reliable,Site_10,2026-02-23,present
28,Zilmil Yadav,reliable,Site_8,2026-02-24,present
28,Zilmil Yadav,reliable,Site_10,2026-02-25,absent
28,Zilmil Yadav,reliable,Site_6,2026-02-26,present
28,Zilmil Yadav,reliable,Site_10,2026-02-27,present
28,Zilmil Yadav,reliable,Site_10,2026-02-28,present
28,Zilmil Yadav,reliable,Site_6,2026-03-02,present
28,Zilmil Yadav,reliable,Site_6,2026-03-03,present
28,Zilmil Yadav,reliable,Site_6,2026-03-04,present
28,Zilmil Yadav,reliable,Site_8,2026-03-05,present
28,Zilmil Yadav,reliable,Site_10,2026-03-06,present
28,Zilmil Yadav,reliable,Site_8,2026-03-07,absent
28,Zilmil Yadav,reliable,Site_10,2026-03-09,present
28,Zilmil Yadav,reliable,Site_10,2026-03-10,present
28,Zilmil Yadav,reliable,Site_10,2026-03-11,present
28,Zilmil Yadav,reliable,Site_8,2026-03-12,present
28,Zilmil Yadav,reliable,Site_8,2026-03-13,present
28,Zilmil Yadav,reliable,Site_8,2026-03-14,present
28,Zilmil Yadav,reliable,Site_6,2026-03-16,present
28,Zilmil Yadav,reliable,Site_8,2026-03-17,present
28,Zilmil Yadav,reliable,Site_10,2026-03-18,present
28,Zilmil Yadav,reliable,Site_8,2026-03-19,present
28,Zilmil Yadav,reliable,Site_10,2026-03-20,present
28,Zilmil Yadav,reliable,Site_6,2026-03-21,present
28,Zilmil Yadav,reliable,Site_6,2026-03-23,present
28,Zilmil Yadav,reliable,Site_8,2026-03-24,present
28,Zilmil Yadav,reliable,Site_6,2026-03-25,present
28,Zilmil Yadav,reliable,Site_8,2026-03-26,present
28,Zilmil Yadav,reliable,Site_8,2026-03-27,present
28,Zilmil Yadav,reliable,Site_8,2026-03-28,present
28,Zilmil Yadav,reliable,Site_6,2026-03-30,present
28,Zilmil Yadav,reliable,Site_6,2026-03-31,present
28,Zilmil Yadav,reliable,Site_8,2026-04-01,present
28,Zilmil Yadav,reliable,Site_8,2026-04-02,present
28,Zilmil Yadav,reliable,Site_10,2026-04-03,present
28,Zilmil Yadav,reliable,Site_6,2026-04-04,present
28,Zilmil Yadav,reliable,Site_6,2026-04-06,present
28,Zilmil Yadav,reliable,Site_10,2026-04-07,present
28,Zilmil Yadav,reliable,Site_8,2026-04-08,present
28,Zilmil Yadav,reliable,Site_10,2026-04-09,present
28,Zilmil Yadav,reliable,Site_8,2026-04-10,present
28,Zilmil Yadav,reliable,Site_10,2026-04-11,present
28,Zilmil Yadav,reliable,Site_6,2026-04-13,present
28,Zilmil Yadav,reliable,Site_8,2026-04-14,present
28,Zilmil Yadav,reliable,Site_6,2026-04-15,present
28,Zilmil Yadav,reliable,Site_6,2026-04-16,present
28,Zilmil Yadav,reliable,Site_10,2026-04-17,present
28,Zilmil Yadav,reliable,Site_8,2026-04-18,present
28,Zilmil Yadav,reliable,Site_10,2026-04-20,present
28,Zilmil Yadav,reliable,Site_8,2026-04-21,present
28,Zilmil Yadav,reliable,Site_6,2026-04-22,present
28,Zilmil Yadav,reliable,Site_8,2026-04-23,present
28,Zilmil Yadav,reliable,Site_8,2026-04-24,present
28,Zilmil Yadav,reliable,Site_6,2026-04-25,present
28,Zilmil Yadav,reliable,Site_6,2026-04-27,present
28,Zilmil Yadav,reliable,Site_8,2026-04-28,present
28,Zilmil Yadav,reliable,Site_6,2026-04-29,present
28,Zilmil Yadav,reliable,Site_6,2026-04-30,present
28,Zilmil Yadav,reliable,Site_8,2026-05-01,present
28,Zilmil Yadav,reliable,Site_6,2026-05-02,present
28,Zilmil Yadav,reliable,Site_6,2026-05-04,present
28,Zilmil Yadav,reliable,Site_8,2026-05-05,present
28,Zilmil Yadav,reliable,Site_10,2026-05-06,present
28,Zilmil Yadav,reliable,Site_10,2026-05-07,present
28,Zilmil Yadav,reliable,Site_10,2026-05-08,present
28,Zilmil Yadav,reliable,Site_6,2026-05-09,present
28,Zilmil Yadav,reliable,Site_6,2026-05-11,present
28,Zilmil Yadav,reliable,Site_10,2026-05-12,present
28,Zilmil Yadav,reliable,Site_10,2026-05-13,present
28,Zilmil Yadav,reliable,Site_8,2026-05-14,present
28,Zilmil Yadav,reliable,Site_6,2026-05-15,present
28,Zilmil Yadav,reliable,Site_8,2026-05-16,present
28,Zilmil Yadav,reliable,Site_6,2026-05-18,present
28,Zilmil Yadav,reliable,Site_6,2026-05-19,present
28,Zilmil Yadav,reliable,Site_6,2026-05-20,present
28,Zilmil Yadav,reliable,Site_6,2026-05-21,present
28,Zilmil Yadav,reliable,Site_10,2026-05-22,present
28,Zilmil Yadav,reliable,Site_8,2026-05-23,present
28,Zilmil Yadav,reliable,Site_6,2026-05-25,present
28,Zilmil Yadav,reliable,Site_10,2026-05-26,present
28,Zilmil Yadav,reliable,Site_10,2026-05-27,present
28,Zilmil Yadav,reliable,Site_6,2026-05-28,present
28,Zilmil Yadav,reliable,Site_6,2026-05-29,present
28,Zilmil Yadav,reliable,Site_8,2026-05-30,present
28,Zilmil Yadav,reliable,Site_6,2026-06-01,present
28,Zilmil Yadav,reliable,Site_10,2026-06-02,present
28,Zilmil Yadav,reliable,Site_10,2026-06-03,present
28,Zilmil Yadav,reliable,Site_10,2026-06-04,present
28,Zilmil Yadav,reliable,Site_6,2026-06-05,present
28,Zilmil Yadav,reliable,Site_8,2026-06-06,present
28,Zilmil Yadav,reliable,Site_6,2026-06-08,present
28,Zilmil Yadav,reliable,Site_8,2026-06-09,present
28,Zilmil Yadav,reliable,Site_6,2026-06-10,present
28,Zilmil Yadav,reliable,Site_8,2026-06-11,present
28,Zilmil Yadav,reliable,Site_10,2026-06-12,present
28,Zilmil Yadav,reliable,Site_6,2026-06-13,present
28,Zilmil Yadav,reliable,Site_6,2026-06-15,present
28,Zilmil Yadav,reliable,Site_8,2026-06-16,present
28,Zilmil Yadav,reliable,Site_6,2026-06-17,present
28,Zilmil Yadav,reliable,Site_8,2026-06-18,present
28,Zilmil Yadav,reliable,Site_10,2026-06-19,present
28,Zilmil Yadav,reliable,Site_10,2026-06-20,present
28,Zilmil Yadav,reliable,Site_10,2026-06-22,present
28,Zilmil Yadav,reliable,Site_8,2026-06-23,present
28,Zilmil Yadav,reliable,Site_6,2026-06-24,present
28,Zilmil Yadav,reliable,Site_10,2026-06-25,present
28,Zilmil Yadav,reliable,Site_6,2026-06-26,present
28,Zilmil Yadav,reliable,Site_6,2026-06-27,present
28,Zilmil Yadav,reliable,Site_8,2026-06-29,present
28,Zilmil Yadav,reliable,Site_10,2026-06-30,present
28,Zilmil Yadav,reliable,Site_6,2026-07-01,present
28,Zilmil Yadav,reliable,Site_6,2026-07-02,present
28,Zilmil Yadav,reliable,Site_8,2026-07-03,present
28,Zilmil Yadav,reliable,Site_6,2026-07-04,present
28,Zilmil Yadav,reliable,Site_8,2026-07-06,present
28,Zilmil Yadav,reliable,Site_6,2026-07-07,present
28,Zilmil Yadav,reliable,Site_8,2026-07-08,present
28,Zilmil Yadav,reliable,Site_8,2026-07-09,present
28,Zilmil Yadav,reliable,Site_10,2026-07-10,present
29,Jyoti Mallick,unreliable,Site_10,2026-06-02,present
29,Jyoti Mallick,unreliable,Site_10,2026-06-03,absent
29,Jyoti Mallick,unreliable,Site_10,2026-06-04,absent
29,Jyoti Mallick,unreliable,Site_10,2026-06-05,absent
29,Jyoti Mallick,unreliable,Site_10,2026-06-06,present
29,Jyoti Mallick,unreliable,Site_10,2026-06-08,present
29,Jyoti Mallick,unreliable,Site_10,2026-06-09,present
29,Jyoti Mallick,unreliable,Site_10,2026-06-10,absent
29,Jyoti Mallick,unreliable,Site_10,2026-06-11,present
29,Jyoti Mallick,unreliable,Site_10,2026-06-12,absent
29,Jyoti Mallick,unreliable,Site_10,2026-06-13,present
29,Jyoti Mallick,unreliable,Site_10,2026-06-15,absent
29,Jyoti Mallick,unreliable,Site_10,2026-06-16,absent
29,Jyoti Mallick,unreliable,Site_10,2026-06-17,absent
29,Jyoti Mallick,unreliable,Site_10,2026-06-18,absent
29,Jyoti Mallick,unreliable,Site_10,2026-06-19,absent
29,Jyoti Mallick,unreliable,Site_10,2026-06-20,absent
29,Jyoti Mallick,unreliable,Site_10,2026-06-22,present
29,Jyoti Mallick,unreliable,Site_10,2026-06-23,present
29,Jyoti Mallick,unreliable,Site_10,2026-06-24,absent
29,Jyoti Mallick,unreliable,Site_10,2026-06-25,absent
29,Jyoti Mallick,unreliable,Site_10,2026-06-26,absent
29,Jyoti Mallick,unreliable,Site_10,2026-06-27,absent
29,Jyoti Mallick,unreliable,Site_10,2026-06-29,present
29,Jyoti Mallick,unreliable,Site_10,2026-06-30,present
29,Jyoti Mallick,unreliable,Site_10,2026-07-01,present
29,Jyoti Mallick,unreliable,Site_10,2026-07-02,present
29,Jyoti Mallick,unreliable,Site_10,2026-07-03,present
29,Jyoti Mallick,unreliable,Site_10,2026-07-04,present
29,Jyoti Mallick,unreliable,Site_10,2026-07-06,absent
29,Jyoti Mallick,unreliable,Site_10,2026-07-07,present
29,Jyoti Mallick,unreliable,Site_10,2026-07-08,absent
29,Jyoti Mallick,unreliable,Site_10,2026-07-09,present
29,Jyoti Mallick,unreliable,Site_10,2026-07-10,absent
30,Zehaan Sarin,reliable,Site_8,2026-01-14,present
30,Zehaan Sarin,reliable,Site_1,2026-01-15,present
30,Zehaan Sarin,reliable,Site_1,2026-01-16,present
30,Zehaan Sarin,reliable,Site_1,2026-01-17,present
30,Zehaan Sarin,reliable,Site_1,2026-01-19,present
30,Zehaan Sarin,reliable,Site_8,2026-01-20,present
30,Zehaan Sarin,reliable,Site_1,2026-01-21,present
30,Zehaan Sarin,reliable,Site_8,2026-01-22,present
30,Zehaan Sarin,reliable,Site_1,2026-01-23,present
30,Zehaan Sarin,reliable,Site_8,2026-01-24,present
30,Zehaan Sarin,reliable,Site_8,2026-01-26,present
30,Zehaan Sarin,reliable,Site_1,2026-01-27,present
30,Zehaan Sarin,reliable,Site_8,2026-01-28,present
30,Zehaan Sarin,reliable,Site_8,2026-01-29,present
30,Zehaan Sarin,reliable,Site_8,2026-01-30,present
30,Zehaan Sarin,reliable,Site_1,2026-01-31,present
30,Zehaan Sarin,reliable,Site_1,2026-02-02,present
30,Zehaan Sarin,reliable,Site_1,2026-02-03,present
30,Zehaan Sarin,reliable,Site_1,2026-02-04,absent
30,Zehaan Sarin,reliable,Site_1,2026-02-05,present
30,Zehaan Sarin,reliable,Site_1,2026-02-06,present
30,Zehaan Sarin,reliable,Site_1,2026-02-07,present
30,Zehaan Sarin,reliable,Site_1,2026-02-09,present
30,Zehaan Sarin,reliable,Site_8,2026-02-10,present
30,Zehaan Sarin,reliable,Site_8,2026-02-11,present
30,Zehaan Sarin,reliable,Site_1,2026-02-12,present
30,Zehaan Sarin,reliable,Site_1,2026-02-13,present
30,Zehaan Sarin,reliable,Site_8,2026-02-14,present
30,Zehaan Sarin,reliable,Site_8,2026-02-16,present
30,Zehaan Sarin,reliable,Site_8,2026-02-17,present
30,Zehaan Sarin,reliable,Site_1,2026-02-18,present
30,Zehaan Sarin,reliable,Site_1,2026-02-19,present
30,Zehaan Sarin,reliable,Site_1,2026-02-20,present
30,Zehaan Sarin,reliable,Site_8,2026-02-21,present
30,Zehaan Sarin,reliable,Site_8,2026-02-23,present
30,Zehaan Sarin,reliable,Site_1,2026-02-24,present
30,Zehaan Sarin,reliable,Site_8,2026-02-25,present
30,Zehaan Sarin,reliable,Site_1,2026-02-26,present
30,Zehaan Sarin,reliable,Site_1,2026-02-27,present
30,Zehaan Sarin,reliable,Site_1,2026-02-28,present
30,Zehaan Sarin,reliable,Site_1,2026-03-02,present
30,Zehaan Sarin,reliable,Site_8,2026-03-03,present
30,Zehaan Sarin,reliable,Site_8,2026-03-04,present
30,Zehaan Sarin,reliable,Site_1,2026-03-05,absent
30,Zehaan Sarin,reliable,Site_1,2026-03-06,present
30,Zehaan Sarin,reliable,Site_1,2026-03-07,present
30,Zehaan Sarin,reliable,Site_1,2026-03-09,present
30,Zehaan Sarin,reliable,Site_1,2026-03-10,present
30,Zehaan Sarin,reliable,Site_8,2026-03-11,present
30,Zehaan Sarin,reliable,Site_1,2026-03-12,present
30,Zehaan Sarin,reliable,Site_1,2026-03-13,present
30,Zehaan Sarin,reliable,Site_8,2026-03-14,present
30,Zehaan Sarin,reliable,Site_1,2026-03-16,present
30,Zehaan Sarin,reliable,Site_1,2026-03-17,present
30,Zehaan Sarin,reliable,Site_1,2026-03-18,present
30,Zehaan Sarin,reliable,Site_1,2026-03-19,present
30,Zehaan Sarin,reliable,Site_1,2026-03-20,present
30,Zehaan Sarin,reliable,Site_1,2026-03-21,present
30,Zehaan Sarin,reliable,Site_1,2026-03-23,present
30,Zehaan Sarin,reliable,Site_8,2026-03-24,present
30,Zehaan Sarin,reliable,Site_8,2026-03-25,present
30,Zehaan Sarin,reliable,Site_1,2026-03-26,present
30,Zehaan Sarin,reliable,Site_8,2026-03-27,absent
30,Zehaan Sarin,reliable,Site_1,2026-03-28,present
30,Zehaan Sarin,reliable,Site_8,2026-03-30,present
30,Zehaan Sarin,reliable,Site_1,2026-03-31,absent
30,Zehaan Sarin,reliable,Site_8,2026-04-01,present
30,Zehaan Sarin,reliable,Site_8,2026-04-02,present
30,Zehaan Sarin,reliable,Site_8,2026-04-03,present
30,Zehaan Sarin,reliable,Site_1,2026-04-04,present
30,Zehaan Sarin,reliable,Site_8,2026-04-06,present
30,Zehaan Sarin,reliable,Site_1,2026-04-07,present
30,Zehaan Sarin,reliable,Site_8,2026-04-08,present
30,Zehaan Sarin,reliable,Site_8,2026-04-09,present
30,Zehaan Sarin,reliable,Site_1,2026-04-10,present
30,Zehaan Sarin,reliable,Site_1,2026-04-11,present
30,Zehaan Sarin,reliable,Site_1,2026-04-13,present
30,Zehaan Sarin,reliable,Site_1,2026-04-14,absent
30,Zehaan Sarin,reliable,Site_8,2026-04-15,present
30,Zehaan Sarin,reliable,Site_8,2026-04-16,absent
30,Zehaan Sarin,reliable,Site_1,2026-04-17,present
30,Zehaan Sarin,reliable,Site_1,2026-04-18,present
30,Zehaan Sarin,reliable,Site_1,2026-04-20,present
30,Zehaan Sarin,reliable,Site_1,2026-04-21,absent
30,Zehaan Sarin,reliable,Site_8,2026-04-22,present
30,Zehaan Sarin,reliable,Site_1,2026-04-23,present
30,Zehaan Sarin,reliable,Site_8,2026-04-24,present
30,Zehaan Sarin,reliable,Site_8,2026-04-25,present
30,Zehaan Sarin,reliable,Site_8,2026-04-27,present
30,Zehaan Sarin,reliable,Site_1,2026-04-28,present
30,Zehaan Sarin,reliable,Site_1,2026-04-29,present
30,Zehaan Sarin,reliable,Site_1,2026-04-30,absent
30,Zehaan Sarin,reliable,Site_1,2026-05-01,present
30,Zehaan Sarin,reliable,Site_8,2026-05-02,present
30,Zehaan Sarin,reliable,Site_1,2026-05-04,present
30,Zehaan Sarin,reliable,Site_1,2026-05-05,present
30,Zehaan Sarin,reliable,Site_8,2026-05-06,present
30,Zehaan Sarin,reliable,Site_1,2026-05-07,present
30,Zehaan Sarin,reliable,Site_8,2026-05-08,present
30,Zehaan Sarin,reliable,Site_1,2026-05-09,present
30,Zehaan Sarin,reliable,Site_1,2026-05-11,present
30,Zehaan Sarin,reliable,Site_1,2026-05-12,present
30,Zehaan Sarin,reliable,Site_8,2026-05-13,present
30,Zehaan Sarin,reliable,Site_1,2026-05-14,present
30,Zehaan Sarin,reliable,Site_1,2026-05-15,present
30,Zehaan Sarin,reliable,Site_1,2026-05-16,present
30,Zehaan Sarin,reliable,Site_1,2026-05-18,present
30,Zehaan Sarin,reliable,Site_8,2026-05-19,present
30,Zehaan Sarin,reliable,Site_8,2026-05-20,present
30,Zehaan Sarin,reliable,Site_8,2026-05-21,present
30,Zehaan Sarin,reliable,Site_8,2026-05-22,present
30,Zehaan Sarin,reliable,Site_8,2026-05-23,present
30,Zehaan Sarin,reliable,Site_8,2026-05-25,present
30,Zehaan Sarin,reliable,Site_8,2026-05-26,present
30,Zehaan Sarin,reliable,Site_1,2026-05-27,present
30,Zehaan Sarin,reliable,Site_1,2026-05-28,present
30,Zehaan Sarin,reliable,Site_1,2026-05-29,absent
30,Zehaan Sarin,reliable,Site_8,2026-05-30,present
30,Zehaan Sarin,reliable,Site_8,2026-06-01,present
30,Zehaan Sarin,reliable,Site_1,2026-06-02,present
30,Zehaan Sarin,reliable,Site_1,2026-06-03,present
30,Zehaan Sarin,reliable,Site_1,2026-06-04,present
30,Zehaan Sarin,reliable,Site_8,2026-06-05,present
30,Zehaan Sarin,reliable,Site_8,2026-06-06,present
30,Zehaan Sarin,reliable,Site_1,2026-06-08,present
30,Zehaan Sarin,reliable,Site_8,2026-06-09,present
30,Zehaan Sarin,reliable,Site_8,2026-06-10,present
30,Zehaan Sarin,reliable,Site_8,2026-06-11,present
30,Zehaan Sarin,reliable,Site_1,2026-06-12,present
30,Zehaan Sarin,reliable,Site_8,2026-06-13,absent
30,Zehaan Sarin,reliable,Site_8,2026-06-15,present
30,Zehaan Sarin,reliable,Site_8,2026-06-16,present
30,Zehaan Sarin,reliable,Site_1,2026-06-17,present
30,Zehaan Sarin,reliable,Site_8,2026-06-18,present
30,Zehaan Sarin,reliable,Site_8,2026-06-19,present
30,Zehaan Sarin,reliable,Site_8,2026-06-20,absent
30,Zehaan Sarin,reliable,Site_1,2026-06-22,present
30,Zehaan Sarin,reliable,Site_1,2026-06-23,present
30,Zehaan Sarin,reliable,Site_1,2026-06-24,present
30,Zehaan Sarin,reliable,Site_8,2026-06-25,present
30,Zehaan Sarin,reliable,Site_1,2026-06-26,absent
30,Zehaan Sarin,reliable,Site_8,2026-06-27,present
30,Zehaan Sarin,reliable,Site_8,2026-06-29,present
30,Zehaan Sarin,reliable,Site_1,2026-06-30,present
30,Zehaan Sarin,reliable,Site_1,2026-07-01,present
30,Zehaan Sarin,reliable,Site_8,2026-07-02,absent
30,Zehaan Sarin,reliable,Site_8,2026-07-03,present
30,Zehaan Sarin,reliable,Site_8,2026-07-04,present
30,Zehaan Sarin,reliable,Site_8,2026-07-06,present
30,Zehaan Sarin,reliable,Site_1,2026-07-07,present
30,Zehaan Sarin,reliable,Site_1,2026-07-08,present
30,Zehaan Sarin,reliable,Site_8,2026-07-09,present
30,Zehaan Sarin,reliable,Site_1,2026-07-10,present
31,Advaith Pai,unreliable,Site_8,2026-06-25,absent
31,Advaith Pai,unreliable,Site_8,2026-06-26,present
31,Advaith Pai,unreliable,Site_8,2026-06-27,absent
31,Advaith Pai,unreliable,Site_8,2026-06-29,absent
31,Advaith Pai,unreliable,Site_8,2026-06-30,absent
31,Advaith Pai,unreliable,Site_8,2026-07-01,present
31,Advaith Pai,unreliable,Site_8,2026-07-02,present
31,Advaith Pai,unreliable,Site_8,2026-07-03,absent
31,Advaith Pai,unreliable,Site_8,2026-07-04,present
31,Advaith Pai,unreliable,Site_8,2026-07-06,absent
31,Advaith Pai,unreliable,Site_8,2026-07-07,absent
31,Advaith Pai,unreliable,Site_8,2026-07-08,absent
31,Advaith Pai,unreliable,Site_8,2026-07-09,present
31,Advaith Pai,unreliable,Site_8,2026-07-10,absent
32,Rajata Karan,reliable,Site_3,2026-01-23,present
32,Rajata Karan,reliable,Site_3,2026-01-24,present
32,Rajata Karan,reliable,Site_5,2026-01-26,present
32,Rajata Karan,reliable,Site_3,2026-01-27,present
32,Rajata Karan,reliable,Site_4,2026-01-28,present
32,Rajata Karan,reliable,Site_3,2026-01-29,present
32,Rajata Karan,reliable,Site_4,2026-01-30,present
32,Rajata Karan,reliable,Site_6,2026-01-31,present
32,Rajata Karan,reliable,Site_5,2026-02-02,present
32,Rajata Karan,reliable,Site_3,2026-02-03,present
32,Rajata Karan,reliable,Site_5,2026-02-04,present
32,Rajata Karan,reliable,Site_3,2026-02-05,present
32,Rajata Karan,reliable,Site_3,2026-02-06,present
32,Rajata Karan,reliable,Site_4,2026-02-07,present
32,Rajata Karan,reliable,Site_3,2026-02-09,present
32,Rajata Karan,reliable,Site_6,2026-02-10,present
32,Rajata Karan,reliable,Site_3,2026-02-11,present
32,Rajata Karan,reliable,Site_3,2026-02-12,present
32,Rajata Karan,reliable,Site_3,2026-02-13,present
32,Rajata Karan,reliable,Site_5,2026-02-14,present
32,Rajata Karan,reliable,Site_5,2026-02-16,present
32,Rajata Karan,reliable,Site_5,2026-02-17,present
32,Rajata Karan,reliable,Site_5,2026-02-18,present
32,Rajata Karan,reliable,Site_4,2026-02-19,present
32,Rajata Karan,reliable,Site_6,2026-02-20,present
32,Rajata Karan,reliable,Site_4,2026-02-21,present
32,Rajata Karan,reliable,Site_5,2026-02-23,present
32,Rajata Karan,reliable,Site_4,2026-02-24,present
32,Rajata Karan,reliable,Site_5,2026-02-25,present
32,Rajata Karan,reliable,Site_4,2026-02-26,present
32,Rajata Karan,reliable,Site_6,2026-02-27,present
32,Rajata Karan,reliable,Site_6,2026-02-28,present
32,Rajata Karan,reliable,Site_4,2026-03-02,present
32,Rajata Karan,reliable,Site_4,2026-03-03,present
32,Rajata Karan,reliable,Site_6,2026-03-04,present
32,Rajata Karan,reliable,Site_5,2026-03-05,present
32,Rajata Karan,reliable,Site_6,2026-03-06,present
32,Rajata Karan,reliable,Site_4,2026-03-07,present
32,Rajata Karan,reliable,Site_4,2026-03-09,present
32,Rajata Karan,reliable,Site_3,2026-03-10,present
32,Rajata Karan,reliable,Site_3,2026-03-11,absent
32,Rajata Karan,reliable,Site_6,2026-03-12,present
32,Rajata Karan,reliable,Site_5,2026-03-13,present
32,Rajata Karan,reliable,Site_6,2026-03-14,present
32,Rajata Karan,reliable,Site_6,2026-03-16,present
32,Rajata Karan,reliable,Site_5,2026-03-17,present
32,Rajata Karan,reliable,Site_4,2026-03-18,present
32,Rajata Karan,reliable,Site_5,2026-03-19,present
32,Rajata Karan,reliable,Site_5,2026-03-20,present
32,Rajata Karan,reliable,Site_6,2026-03-21,present
32,Rajata Karan,reliable,Site_4,2026-03-23,present
32,Rajata Karan,reliable,Site_5,2026-03-24,present
32,Rajata Karan,reliable,Site_6,2026-03-25,present
32,Rajata Karan,reliable,Site_5,2026-03-26,present
32,Rajata Karan,reliable,Site_3,2026-03-27,present
32,Rajata Karan,reliable,Site_6,2026-03-28,present
32,Rajata Karan,reliable,Site_4,2026-03-30,present
32,Rajata Karan,reliable,Site_3,2026-03-31,present
32,Rajata Karan,reliable,Site_6,2026-04-01,present
32,Rajata Karan,reliable,Site_4,2026-04-02,present
32,Rajata Karan,reliable,Site_3,2026-04-03,present
32,Rajata Karan,reliable,Site_5,2026-04-04,present
32,Rajata Karan,reliable,Site_3,2026-04-06,present
32,Rajata Karan,reliable,Site_4,2026-04-07,present
32,Rajata Karan,reliable,Site_3,2026-04-08,present
32,Rajata Karan,reliable,Site_5,2026-04-09,present
32,Rajata Karan,reliable,Site_5,2026-04-10,present
32,Rajata Karan,reliable,Site_4,2026-04-11,present
32,Rajata Karan,reliable,Site_3,2026-04-13,absent
32,Rajata Karan,reliable,Site_6,2026-04-14,present
32,Rajata Karan,reliable,Site_5,2026-04-15,present
32,Rajata Karan,reliable,Site_3,2026-04-16,present
32,Rajata Karan,reliable,Site_3,2026-04-17,present
32,Rajata Karan,reliable,Site_6,2026-04-18,present
32,Rajata Karan,reliable,Site_4,2026-04-20,present
32,Rajata Karan,reliable,Site_5,2026-04-21,present
32,Rajata Karan,reliable,Site_4,2026-04-22,present
32,Rajata Karan,reliable,Site_4,2026-04-23,present
32,Rajata Karan,reliable,Site_5,2026-04-24,present
32,Rajata Karan,reliable,Site_5,2026-04-25,present
32,Rajata Karan,reliable,Site_6,2026-04-27,present
32,Rajata Karan,reliable,Site_6,2026-04-28,present
32,Rajata Karan,reliable,Site_3,2026-04-29,present
32,Rajata Karan,reliable,Site_4,2026-04-30,present
32,Rajata Karan,reliable,Site_6,2026-05-01,present
32,Rajata Karan,reliable,Site_6,2026-05-02,present
32,Rajata Karan,reliable,Site_3,2026-05-04,present
32,Rajata Karan,reliable,Site_5,2026-05-05,present
32,Rajata Karan,reliable,Site_4,2026-05-06,absent
32,Rajata Karan,reliable,Site_4,2026-05-07,present
32,Rajata Karan,reliable,Site_5,2026-05-08,present
32,Rajata Karan,reliable,Site_6,2026-05-09,present
32,Rajata Karan,reliable,Site_3,2026-05-11,present
32,Rajata Karan,reliable,Site_3,2026-05-12,present
32,Rajata Karan,reliable,Site_5,2026-05-13,present
32,Rajata Karan,reliable,Site_6,2026-05-14,present
32,Rajata Karan,reliable,Site_3,2026-05-15,present
32,Rajata Karan,reliable,Site_4,2026-05-16,present
32,Rajata Karan,reliable,Site_5,2026-05-18,present
32,Rajata Karan,reliable,Site_5,2026-05-19,present
32,Rajata Karan,reliable,Site_6,2026-05-20,present
32,Rajata Karan,reliable,Site_5,2026-05-21,present
32,Rajata Karan,reliable,Site_3,2026-05-22,present
32,Rajata Karan,reliable,Site_3,2026-05-23,present
32,Rajata Karan,reliable,Site_3,2026-05-25,present
32,Rajata Karan,reliable,Site_6,2026-05-26,present
32,Rajata Karan,reliable,Site_3,2026-05-27,present
32,Rajata Karan,reliable,Site_6,2026-05-28,present
32,Rajata Karan,reliable,Site_6,2026-05-29,present
32,Rajata Karan,reliable,Site_3,2026-05-30,present
32,Rajata Karan,reliable,Site_4,2026-06-01,present
32,Rajata Karan,reliable,Site_4,2026-06-02,present
32,Rajata Karan,reliable,Site_3,2026-06-03,present
32,Rajata Karan,reliable,Site_4,2026-06-04,present
32,Rajata Karan,reliable,Site_3,2026-06-05,present
32,Rajata Karan,reliable,Site_4,2026-06-06,present
32,Rajata Karan,reliable,Site_3,2026-06-08,present
32,Rajata Karan,reliable,Site_6,2026-06-09,present
32,Rajata Karan,reliable,Site_4,2026-06-10,present
32,Rajata Karan,reliable,Site_3,2026-06-11,present
32,Rajata Karan,reliable,Site_6,2026-06-12,present
32,Rajata Karan,reliable,Site_6,2026-06-13,present
32,Rajata Karan,reliable,Site_6,2026-06-15,present
32,Rajata Karan,reliable,Site_6,2026-06-16,present
32,Rajata Karan,reliable,Site_3,2026-06-17,present
32,Rajata Karan,reliable,Site_6,2026-06-18,present
32,Rajata Karan,reliable,Site_6,2026-06-19,present
32,Rajata Karan,reliable,Site_5,2026-06-20,present
32,Rajata Karan,reliable,Site_4,2026-06-22,present
32,Rajata Karan,reliable,Site_5,2026-06-23,present
32,Rajata Karan,reliable,Site_5,2026-06-24,present
32,Rajata Karan,reliable,Site_6,2026-06-25,present
32,Rajata Karan,reliable,Site_6,2026-06-26,present
32,Rajata Karan,reliable,Site_5,2026-06-27,present
32,Rajata Karan,reliable,Site_5,2026-06-29,present
32,Rajata Karan,reliable,Site_5,2026-06-30,present
32,Rajata Karan,reliable,Site_6,2026-07-01,present
32,Rajata Karan,reliable,Site_5,2026-07-02,present
32,Rajata Karan,reliable,Site_5,2026-07-03,present
32,Rajata Karan,reliable,Site_5,2026-07-04,present
32,Rajata Karan,reliable,Site_3,2026-07-06,present
32,Rajata Karan,reliable,Site_5,2026-07-07,present
32,Rajata Karan,reliable,Site_6,2026-07-08,present
32,Rajata Karan,reliable,Site_4,2026-07-09,present
32,Rajata Karan,reliable,Site_6,2026-07-10,absent
33,Krisha Chadha,moderate,Site_3,2026-03-16,present
33,Krisha Chadha,moderate,Site_4,2026-03-17,present
33,Krisha Chadha,moderate,Site_3,2026-03-18,present
33,Krisha Chadha,moderate,Site_3,2026-03-19,present
33,Krisha Chadha,moderate,Site_4,2026-03-20,present
33,Krisha Chadha,moderate,Site_4,2026-03-21,present
33,Krisha Chadha,moderate,Site_4,2026-03-23,present
33,Krisha Chadha,moderate,Site_4,2026-03-24,present
33,Krisha Chadha,moderate,Site_4,2026-03-25,present
33,Krisha Chadha,moderate,Site_3,2026-03-26,present
33,Krisha Chadha,moderate,Site_3,2026-03-27,present
33,Krisha Chadha,moderate,Site_3,2026-03-28,present
33,Krisha Chadha,moderate,Site_4,2026-03-30,absent
33,Krisha Chadha,moderate,Site_3,2026-03-31,present
33,Krisha Chadha,moderate,Site_3,2026-04-01,present
33,Krisha Chadha,moderate,Site_4,2026-04-02,present
33,Krisha Chadha,moderate,Site_4,2026-04-03,absent
33,Krisha Chadha,moderate,Site_4,2026-04-04,present
33,Krisha Chadha,moderate,Site_4,2026-04-06,absent
33,Krisha Chadha,moderate,Site_3,2026-04-07,present
33,Krisha Chadha,moderate,Site_4,2026-04-08,present
33,Krisha Chadha,moderate,Site_4,2026-04-09,present
33,Krisha Chadha,moderate,Site_3,2026-04-10,present
33,Krisha Chadha,moderate,Site_4,2026-04-11,present
33,Krisha Chadha,moderate,Site_3,2026-04-13,present
33,Krisha Chadha,moderate,Site_3,2026-04-14,absent
33,Krisha Chadha,moderate,Site_4,2026-04-15,present
33,Krisha Chadha,moderate,Site_3,2026-04-16,absent
33,Krisha Chadha,moderate,Site_3,2026-04-17,present
33,Krisha Chadha,moderate,Site_4,2026-04-18,present
33,Krisha Chadha,moderate,Site_4,2026-04-20,present
33,Krisha Chadha,moderate,Site_4,2026-04-21,present
33,Krisha Chadha,moderate,Site_4,2026-04-22,present
33,Krisha Chadha,moderate,Site_3,2026-04-23,present
33,Krisha Chadha,moderate,Site_3,2026-04-24,present
33,Krisha Chadha,moderate,Site_4,2026-04-25,present
33,Krisha Chadha,moderate,Site_3,2026-04-27,present
33,Krisha Chadha,moderate,Site_3,2026-04-28,present
33,Krisha Chadha,moderate,Site_4,2026-04-29,present
33,Krisha Chadha,moderate,Site_3,2026-04-30,present
33,Krisha Chadha,moderate,Site_3,2026-05-01,present
33,Krisha Chadha,moderate,Site_3,2026-05-02,absent
33,Krisha Chadha,moderate,Site_3,2026-05-04,present
33,Krisha Chadha,moderate,Site_3,2026-05-05,present
33,Krisha Chadha,moderate,Site_4,2026-05-06,present
33,Krisha Chadha,moderate,Site_3,2026-05-07,present
33,Krisha Chadha,moderate,Site_4,2026-05-08,present
33,Krisha Chadha,moderate,Site_3,2026-05-09,present
33,Krisha Chadha,moderate,Site_4,2026-05-11,present
33,Krisha Chadha,moderate,Site_3,2026-05-12,present
33,Krisha Chadha,moderate,Site_3,2026-05-13,absent
33,Krisha Chadha,moderate,Site_3,2026-05-14,present
33,Krisha Chadha,moderate,Site_3,2026-05-15,present
33,Krisha Chadha,moderate,Site_4,2026-05-16,present
33,Krisha Chadha,moderate,Site_4,2026-05-18,present
33,Krisha Chadha,moderate,Site_3,2026-05-19,present
33,Krisha Chadha,moderate,Site_3,2026-05-20,present
33,Krisha Chadha,moderate,Site_3,2026-05-21,absent
33,Krisha Chadha,moderate,Site_4,2026-05-22,present
33,Krisha Chadha,moderate,Site_4,2026-05-23,present
33,Krisha Chadha,moderate,Site_3,2026-05-25,absent
33,Krisha Chadha,moderate,Site_4,2026-05-26,present
33,Krisha Chadha,moderate,Site_4,2026-05-27,present
33,Krisha Chadha,moderate,Site_4,2026-05-28,present
33,Krisha Chadha,moderate,Site_3,2026-05-29,present
33,Krisha Chadha,moderate,Site_4,2026-05-30,present
33,Krisha Chadha,moderate,Site_3,2026-06-01,present
33,Krisha Chadha,moderate,Site_3,2026-06-02,present
33,Krisha Chadha,moderate,Site_4,2026-06-03,present
33,Krisha Chadha,moderate,Site_3,2026-06-04,present
33,Krisha Chadha,moderate,Site_4,2026-06-05,present
33,Krisha Chadha,moderate,Site_3,2026-06-06,present
33,Krisha Chadha,moderate,Site_4,2026-06-08,present
33,Krisha Chadha,moderate,Site_3,2026-06-09,absent
33,Krisha Chadha,moderate,Site_3,2026-06-10,present
33,Krisha Chadha,moderate,Site_4,2026-06-11,absent
33,Krisha Chadha,moderate,Site_3,2026-06-12,absent
33,Krisha Chadha,moderate,Site_4,2026-06-13,present
33,Krisha Chadha,moderate,Site_4,2026-06-15,present
33,Krisha Chadha,moderate,Site_4,2026-06-16,present
33,Krisha Chadha,moderate,Site_3,2026-06-17,absent
33,Krisha Chadha,moderate,Site_3,2026-06-18,present
33,Krisha Chadha,moderate,Site_4,2026-06-19,present
33,Krisha Chadha,moderate,Site_4,2026-06-20,present
33,Krisha Chadha,moderate,Site_3,2026-06-22,present
33,Krisha Chadha,moderate,Site_3,2026-06-23,present
33,Krisha Chadha,moderate,Site_3,2026-06-24,present
33,Krisha Chadha,moderate,Site_4,2026-06-25,present
33,Krisha Chadha,moderate,Site_4,2026-06-26,present
33,Krisha Chadha,moderate,Site_4,2026-06-27,present
33,Krisha Chadha,moderate,Site_4,2026-06-29,absent
33,Krisha Chadha,moderate,Site_4,2026-06-30,present
33,Krisha Chadha,moderate,Site_3,2026-07-01,present
33,Krisha Chadha,moderate,Site_3,2026-07-02,absent
33,Krisha Chadha,moderate,Site_3,2026-07-03,present
33,Krisha Chadha,moderate,Site_3,2026-07-04,present
33,Krisha Chadha,moderate,Site_3,2026-07-06,present
33,Krisha Chadha,moderate,Site_3,2026-07-07,present
33,Krisha Chadha,moderate,Site_4,2026-07-08,present
33,Krisha Chadha,moderate,Site_4,2026-07-09,present
33,Krisha Chadha,moderate,Site_3,2026-07-10,present
34,Jagat Aurora,reliable,Site_5,2026-02-23,present
34,Jagat Aurora,reliable,Site_2,2026-02-24,present
34,Jagat Aurora,reliable,Site_5,2026-02-25,present
34,Jagat Aurora,reliable,Site_9,2026-02-26,present
34,Jagat Aurora,reliable,Site_2,2026-02-27,present
34,Jagat Aurora,reliable,Site_2,2026-02-28,present
34,Jagat Aurora,reliable,Site_5,2026-03-02,present
34,Jagat Aurora,reliable,Site_5,2026-03-03,absent
34,Jagat Aurora,reliable,Site_2,2026-03-04,absent
34,Jagat Aurora,reliable,Site_5,2026-03-05,present
34,Jagat Aurora,reliable,Site_5,2026-03-06,present
34,Jagat Aurora,reliable,Site_9,2026-03-07,present
34,Jagat Aurora,reliable,Site_5,2026-03-09,present
34,Jagat Aurora,reliable,Site_5,2026-03-10,present
34,Jagat Aurora,reliable,Site_2,2026-03-11,absent
34,Jagat Aurora,reliable,Site_5,2026-03-12,present
34,Jagat Aurora,reliable,Site_9,2026-03-13,present
34,Jagat Aurora,reliable,Site_9,2026-03-14,present
34,Jagat Aurora,reliable,Site_9,2026-03-16,present
34,Jagat Aurora,reliable,Site_5,2026-03-17,present
34,Jagat Aurora,reliable,Site_2,2026-03-18,present
34,Jagat Aurora,reliable,Site_2,2026-03-19,present
34,Jagat Aurora,reliable,Site_5,2026-03-20,present
34,Jagat Aurora,reliable,Site_2,2026-03-21,present
34,Jagat Aurora,reliable,Site_5,2026-03-23,present
34,Jagat Aurora,reliable,Site_2,2026-03-24,present
34,Jagat Aurora,reliable,Site_5,2026-03-25,present
34,Jagat Aurora,reliable,Site_5,2026-03-26,present
34,Jagat Aurora,reliable,Site_5,2026-03-27,present
34,Jagat Aurora,reliable,Site_5,2026-03-28,present
34,Jagat Aurora,reliable,Site_5,2026-03-30,present
34,Jagat Aurora,reliable,Site_5,2026-03-31,present
34,Jagat Aurora,reliable,Site_5,2026-04-01,present
34,Jagat Aurora,reliable,Site_5,2026-04-02,present
34,Jagat Aurora,reliable,Site_2,2026-04-03,present
34,Jagat Aurora,reliable,Site_5,2026-04-04,present
34,Jagat Aurora,reliable,Site_5,2026-04-06,present
34,Jagat Aurora,reliable,Site_2,2026-04-07,present
34,Jagat Aurora,reliable,Site_5,2026-04-08,present
34,Jagat Aurora,reliable,Site_9,2026-04-09,present
34,Jagat Aurora,reliable,Site_5,2026-04-10,present
34,Jagat Aurora,reliable,Site_2,2026-04-11,present
34,Jagat Aurora,reliable,Site_9,2026-04-13,present
34,Jagat Aurora,reliable,Site_2,2026-04-14,present
34,Jagat Aurora,reliable,Site_2,2026-04-15,present
34,Jagat Aurora,reliable,Site_9,2026-04-16,present
34,Jagat Aurora,reliable,Site_2,2026-04-17,present
34,Jagat Aurora,reliable,Site_2,2026-04-18,present
34,Jagat Aurora,reliable,Site_9,2026-04-20,present
34,Jagat Aurora,reliable,Site_5,2026-04-21,present
34,Jagat Aurora,reliable,Site_2,2026-04-22,present
34,Jagat Aurora,reliable,Site_9,2026-04-23,present
34,Jagat Aurora,reliable,Site_2,2026-04-24,present
34,Jagat Aurora,reliable,Site_5,2026-04-25,present
34,Jagat Aurora,reliable,Site_2,2026-04-27,present
34,Jagat Aurora,reliable,Site_2,2026-04-28,present
34,Jagat Aurora,reliable,Site_9,2026-04-29,present
34,Jagat Aurora,reliable,Site_5,2026-04-30,present
34,Jagat Aurora,reliable,Site_5,2026-05-01,present
34,Jagat Aurora,reliable,Site_5,2026-05-02,present
34,Jagat Aurora,reliable,Site_9,2026-05-04,present
34,Jagat Aurora,reliable,Site_2,2026-05-05,present
34,Jagat Aurora,reliable,Site_5,2026-05-06,present
34,Jagat Aurora,reliable,Site_5,2026-05-07,present
34,Jagat Aurora,reliable,Site_9,2026-05-08,present
34,Jagat Aurora,reliable,Site_9,2026-05-09,present
34,Jagat Aurora,reliable,Site_2,2026-05-11,present
34,Jagat Aurora,reliable,Site_5,2026-05-12,present
34,Jagat Aurora,reliable,Site_2,2026-05-13,present
34,Jagat Aurora,reliable,Site_5,2026-05-14,present
34,Jagat Aurora,reliable,Site_2,2026-05-15,present
34,Jagat Aurora,reliable,Site_2,2026-05-16,present
34,Jagat Aurora,reliable,Site_5,2026-05-18,present
34,Jagat Aurora,reliable,Site_9,2026-05-19,present
34,Jagat Aurora,reliable,Site_9,2026-05-20,present
34,Jagat Aurora,reliable,Site_9,2026-05-21,present
34,Jagat Aurora,reliable,Site_5,2026-05-22,present
34,Jagat Aurora,reliable,Site_2,2026-05-23,present
34,Jagat Aurora,reliable,Site_9,2026-05-25,present
34,Jagat Aurora,reliable,Site_2,2026-05-26,present
34,Jagat Aurora,reliable,Site_5,2026-05-27,absent
34,Jagat Aurora,reliable,Site_2,2026-05-28,present
34,Jagat Aurora,reliable,Site_9,2026-05-29,present
34,Jagat Aurora,reliable,Site_5,2026-05-30,present
34,Jagat Aurora,reliable,Site_9,2026-06-01,present
34,Jagat Aurora,reliable,Site_5,2026-06-02,present
34,Jagat Aurora,reliable,Site_2,2026-06-03,present
34,Jagat Aurora,reliable,Site_9,2026-06-04,present
34,Jagat Aurora,reliable,Site_5,2026-06-05,present
34,Jagat Aurora,reliable,Site_9,2026-06-06,present
34,Jagat Aurora,reliable,Site_5,2026-06-08,absent
34,Jagat Aurora,reliable,Site_5,2026-06-09,present
34,Jagat Aurora,reliable,Site_2,2026-06-10,present
34,Jagat Aurora,reliable,Site_2,2026-06-11,present
34,Jagat Aurora,reliable,Site_5,2026-06-12,present
34,Jagat Aurora,reliable,Site_5,2026-06-13,present
34,Jagat Aurora,reliable,Site_9,2026-06-15,present
34,Jagat Aurora,reliable,Site_9,2026-06-16,present
34,Jagat Aurora,reliable,Site_9,2026-06-17,present
34,Jagat Aurora,reliable,Site_5,2026-06-18,present
34,Jagat Aurora,reliable,Site_2,2026-06-19,present
34,Jagat Aurora,reliable,Site_9,2026-06-20,present
34,Jagat Aurora,reliable,Site_9,2026-06-22,present
34,Jagat Aurora,reliable,Site_9,2026-06-23,present
34,Jagat Aurora,reliable,Site_2,2026-06-24,present
34,Jagat Aurora,reliable,Site_5,2026-06-25,absent
34,Jagat Aurora,reliable,Site_2,2026-06-26,present
34,Jagat Aurora,reliable,Site_9,2026-06-27,present
34,Jagat Aurora,reliable,Site_5,2026-06-29,present
34,Jagat Aurora,reliable,Site_5,2026-06-30,present
34,Jagat Aurora,reliable,Site_2,2026-07-01,present
34,Jagat Aurora,reliable,Site_9,2026-07-02,present
34,Jagat Aurora,reliable,Site_9,2026-07-03,present
34,Jagat Aurora,reliable,Site_5,2026-07-04,present
34,Jagat Aurora,reliable,Site_9,2026-07-06,present
34,Jagat Aurora,reliable,Site_9,2026-07-07,present
34,Jagat Aurora,reliable,Site_5,2026-07-08,present
34,Jagat Aurora,reliable,Site_5,2026-07-09,present
34,Jagat Aurora,reliable,Site_2,2026-07-10,present
35,Isha Sem,unreliable,Site_8,2026-06-03,absent
35,Isha Sem,unreliable,Site_8,2026-06-04,present
35,Isha Sem,unreliable,Site_8,2026-06-05,absent
35,Isha Sem,unreliable,Site_8,2026-06-06,absent
35,Isha Sem,unreliable,Site_8,2026-06-08,present
35,Isha Sem,unreliable,Site_8,2026-06-09,present
35,Isha Sem,unreliable,Site_8,2026-06-10,present
35,Isha Sem,unreliable,Site_8,2026-06-11,present
35,Isha Sem,unreliable,Site_8,2026-06-12,absent
35,Isha Sem,unreliable,Site_8,2026-06-13,absent
35,Isha Sem,unreliable,Site_8,2026-06-15,absent
35,Isha Sem,unreliable,Site_8,2026-06-16,absent
35,Isha Sem,unreliable,Site_8,2026-06-17,absent
35,Isha Sem,unreliable,Site_8,2026-06-18,present
35,Isha Sem,unreliable,Site_8,2026-06-19,present
35,Isha Sem,unreliable,Site_8,2026-06-20,present
35,Isha Sem,unreliable,Site_8,2026-06-22,absent
35,Isha Sem,unreliable,Site_8,2026-06-23,present
35,Isha Sem,unreliable,Site_8,2026-06-24,absent
35,Isha Sem,unreliable,Site_8,2026-06-25,present
35,Isha Sem,unreliable,Site_8,2026-06-26,present
35,Isha Sem,unreliable,Site_8,2026-06-27,present
35,Isha Sem,unreliable,Site_8,2026-06-29,absent
35,Isha Sem,unreliable,Site_8,2026-06-30,absent
35,Isha Sem,unreliable,Site_8,2026-07-01,present
35,Isha Sem,unreliable,Site_8,2026-07-02,present
35,Isha Sem,unreliable,Site_8,2026-07-03,absent
35,Isha Sem,unreliable,Site_8,2026-07-04,absent
35,Isha Sem,unreliable,Site_8,2026-07-06,absent
35,Isha Sem,unreliable,Site_8,2026-07-07,present
35,Isha Sem,unreliable,Site_8,2026-07-08,absent
35,Isha Sem,unreliable,Site_8,2026-07-09,absent
35,Isha Sem,unreliable,Site_8,2026-07-10,present
36,Meera Singh,moderate,Site_10,2026-04-15,present
36,Meera Singh,moderate,Site_10,2026-04-16,present
36,Meera Singh,moderate,Site_10,2026-04-17,present
36,Meera Singh,moderate,Site_10,2026-04-18,present
36,Meera Singh,moderate,Site_10,2026-04-20,present
36,Meera Singh,moderate,Site_10,2026-04-21,present
36,Meera Singh,moderate,Site_10,2026-04-22,absent
36,Meera Singh,moderate,Site_10,2026-04-23,present
36,Meera Singh,moderate,Site_10,2026-04-24,present
36,Meera Singh,moderate,Site_10,2026-04-25,present
36,Meera Singh,moderate,Site_10,2026-04-27,present
36,Meera Singh,moderate,Site_10,2026-04-28,present
36,Meera Singh,moderate,Site_10,2026-04-29,present
36,Meera Singh,moderate,Site_10,2026-04-30,present
36,Meera Singh,moderate,Site_10,2026-05-01,present
36,Meera Singh,moderate,Site_10,2026-05-02,present
36,Meera Singh,moderate,Site_10,2026-05-04,present
36,Meera Singh,moderate,Site_10,2026-05-05,present
36,Meera Singh,moderate,Site_10,2026-05-06,present
36,Meera Singh,moderate,Site_10,2026-05-07,present
36,Meera Singh,moderate,Site_10,2026-05-08,present
36,Meera Singh,moderate,Site_10,2026-05-09,present
36,Meera Singh,moderate,Site_10,2026-05-11,present
36,Meera Singh,moderate,Site_10,2026-05-12,absent
36,Meera Singh,moderate,Site_10,2026-05-13,present
36,Meera Singh,moderate,Site_10,2026-05-14,present
36,Meera Singh,moderate,Site_10,2026-05-15,absent
36,Meera Singh,moderate,Site_10,2026-05-16,present
36,Meera Singh,moderate,Site_10,2026-05-18,present
36,Meera Singh,moderate,Site_10,2026-05-19,present
36,Meera Singh,moderate,Site_10,2026-05-20,present
36,Meera Singh,moderate,Site_10,2026-05-21,present
36,Meera Singh,moderate,Site_10,2026-05-22,absent
36,Meera Singh,moderate,Site_10,2026-05-23,absent
36,Meera Singh,moderate,Site_10,2026-05-25,present
36,Meera Singh,moderate,Site_10,2026-05-26,present
36,Meera Singh,moderate,Site_10,2026-05-27,absent
36,Meera Singh,moderate,Site_10,2026-05-28,absent
36,Meera Singh,moderate,Site_10,2026-05-29,absent
36,Meera Singh,moderate,Site_10,2026-05-30,present
36,Meera Singh,moderate,Site_10,2026-06-01,present
36,Meera Singh,moderate,Site_10,2026-06-02,present
36,Meera Singh,moderate,Site_10,2026-06-03,absent
36,Meera Singh,moderate,Site_10,2026-06-04,present
36,Meera Singh,moderate,Site_10,2026-06-05,present
36,Meera Singh,moderate,Site_10,2026-06-06,present
36,Meera Singh,moderate,Site_10,2026-06-08,present
36,Meera Singh,moderate,Site_10,2026-06-09,present
36,Meera Singh,moderate,Site_10,2026-06-10,present
36,Meera Singh,moderate,Site_10,2026-06-11,present
36,Meera Singh,moderate,Site_10,2026-06-12,present
36,Meera Singh,moderate,Site_10,2026-06-13,absent
36,Meera Singh,moderate,Site_10,2026-06-15,present
36,Meera Singh,moderate,Site_10,2026-06-16,absent
36,Meera Singh,moderate,Site_10,2026-06-17,present
36,Meera Singh,moderate,Site_10,2026-06-18,present
36,Meera Singh,moderate,Site_10,2026-06-19,absent
36,Meera Singh,moderate,Site_10,2026-06-20,present
36,Meera Singh,moderate,Site_10,2026-06-22,present
36,Meera Singh,moderate,Site_10,2026-06-23,absent
36,Meera Singh,moderate,Site_10,2026-06-24,present
36,Meera Singh,moderate,Site_10,2026-06-25,present
36,Meera Singh,moderate,Site_10,2026-06-26,present
36,Meera Singh,moderate,Site_10,2026-06-27,present
36,Meera Singh,moderate,Site_10,2026-06-29,present
36,Meera Singh,moderate,Site_10,2026-06-30,present
36,Meera Singh,moderate,Site_10,2026-07-01,present
36,Meera Singh,moderate,Site_10,2026-07-02,present
36,Meera Singh,moderate,Site_10,2026-07-03,present
36,Meera Singh,moderate,Site_10,2026-07-04,absent
36,Meera Singh,moderate,Site_10,2026-07-06,present
36,Meera Singh,moderate,Site_10,2026-07-07,present
36,Meera Singh,moderate,Site_10,2026-07-08,present
36,Meera Singh,moderate,Site_10,2026-07-09,absent
36,Meera Singh,moderate,Site_10,2026-07-10,present
37,Bhavika Naik,unreliable,Site_7,2026-05-29,absent
37,Bhavika Naik,unreliable,Site_7,2026-05-30,present
37,Bhavika Naik,unreliable,Site_7,2026-06-01,present
37,Bhavika Naik,unreliable,Site_7,2026-06-02,present
37,Bhavika Naik,unreliable,Site_7,2026-06-03,absent
37,Bhavika Naik,unreliable,Site_7,2026-06-04,absent
37,Bhavika Naik,unreliable,Site_7,2026-06-05,present
37,Bhavika Naik,unreliable,Site_7,2026-06-06,absent
37,Bhavika Naik,unreliable,Site_7,2026-06-08,absent
37,Bhavika Naik,unreliable,Site_7,2026-06-09,absent
37,Bhavika Naik,unreliable,Site_7,2026-06-10,present
37,Bhavika Naik,unreliable,Site_7,2026-06-11,present
37,Bhavika Naik,unreliable,Site_7,2026-06-12,absent
37,Bhavika Naik,unreliable,Site_7,2026-06-13,present
37,Bhavika Naik,unreliable,Site_7,2026-06-15,present
37,Bhavika Naik,unreliable,Site_7,2026-06-16,absent
37,Bhavika Naik,unreliable,Site_7,2026-06-17,absent
37,Bhavika Naik,unreliable,Site_7,2026-06-18,absent
37,Bhavika Naik,unreliable,Site_7,2026-06-19,absent
37,Bhavika Naik,unreliable,Site_7,2026-06-20,present
37,Bhavika Naik,unreliable,Site_7,2026-06-22,absent
37,Bhavika Naik,unreliable,Site_7,2026-06-23,absent
37,Bhavika Naik,unreliable,Site_7,2026-06-24,absent
37,Bhavika Naik,unreliable,Site_7,2026-06-25,absent
37,Bhavika Naik,unreliable,Site_7,2026-06-26,absent
37,Bhavika Naik,unreliable,Site_7,2026-06-27,present
37,Bhavika Naik,unreliable,Site_7,2026-06-29,present
37,Bhavika Naik,unreliable,Site_7,2026-06-30,present
37,Bhavika Naik,unreliable,Site_7,2026-07-01,present
37,Bhavika Naik,unreliable,Site_7,2026-07-02,present
37,Bhavika Naik,unreliable,Site_7,2026-07-03,present
37,Bhavika Naik,unreliable,Site_7,2026-07-04,absent
37,Bhavika Naik,unreliable,Site_7,2026-07-06,absent
37,Bhavika Naik,unreliable,Site_7,2026-07-07,absent
37,Bhavika Naik,unreliable,Site_7,2026-07-08,absent
37,Bhavika Naik,unreliable,Site_7,2026-07-09,absent
37,Bhavika Naik,unreliable,Site_7,2026-07-10,absent
38,Ishita Muni,moderate,Site_3,2026-04-14,present
38,Ishita Muni,moderate,Site_3,2026-04-15,present
38,Ishita Muni,moderate,Site_3,2026-04-16,present
38,Ishita Muni,moderate,Site_3,2026-04-17,present
38,Ishita Muni,moderate,Site_3,2026-04-18,present
38,Ishita Muni,moderate,Site_3,2026-04-20,absent
38,Ishita Muni,moderate,Site_3,2026-04-21,present
38,Ishita Muni,moderate,Site_3,2026-04-22,present
38,Ishita Muni,moderate,Site_3,2026-04-23,present
38,Ishita Muni,moderate,Site_3,2026-04-24,present
38,Ishita Muni,moderate,Site_3,2026-04-25,absent
38,Ishita Muni,moderate,Site_3,2026-04-27,present
38,Ishita Muni,moderate,Site_3,2026-04-28,absent
38,Ishita Muni,moderate,Site_3,2026-04-29,present
38,Ishita Muni,moderate,Site_3,2026-04-30,present
38,Ishita Muni,moderate,Site_3,2026-05-01,absent
38,Ishita Muni,moderate,Site_3,2026-05-02,present
38,Ishita Muni,moderate,Site_3,2026-05-04,present
38,Ishita Muni,moderate,Site_3,2026-05-05,absent
38,Ishita Muni,moderate,Site_3,2026-05-06,present
38,Ishita Muni,moderate,Site_3,2026-05-07,absent
38,Ishita Muni,moderate,Site_3,2026-05-08,present
38,Ishita Muni,moderate,Site_3,2026-05-09,present
38,Ishita Muni,moderate,Site_3,2026-05-11,present
38,Ishita Muni,moderate,Site_3,2026-05-12,present
38,Ishita Muni,moderate,Site_3,2026-05-13,present
38,Ishita Muni,moderate,Site_3,2026-05-14,present
38,Ishita Muni,moderate,Site_3,2026-05-15,present
38,Ishita Muni,moderate,Site_3,2026-05-16,present
38,Ishita Muni,moderate,Site_3,2026-05-18,present
38,Ishita Muni,moderate,Site_3,2026-05-19,present
38,Ishita Muni,moderate,Site_3,2026-05-20,present
38,Ishita Muni,moderate,Site_3,2026-05-21,present
38,Ishita Muni,moderate,Site_3,2026-05-22,present
38,Ishita Muni,moderate,Site_3,2026-05-23,present
38,Ishita Muni,moderate,Site_3,2026-05-25,absent
38,Ishita Muni,moderate,Site_3,2026-05-26,present
38,Ishita Muni,moderate,Site_3,2026-05-27,absent
38,Ishita Muni,moderate,Site_3,2026-05-28,present
38,Ishita Muni,moderate,Site_3,2026-05-29,present
38,Ishita Muni,moderate,Site_3,2026-05-30,present
38,Ishita Muni,moderate,Site_3,2026-06-01,present
38,Ishita Muni,moderate,Site_3,2026-06-02,present
38,Ishita Muni,moderate,Site_3,2026-06-03,present
38,Ishita Muni,moderate,Site_3,2026-06-04,present
38,Ishita Muni,moderate,Site_3,2026-06-05,present
38,Ishita Muni,moderate,Site_3,2026-06-06,present
38,Ishita Muni,moderate,Site_3,2026-06-08,present
38,Ishita Muni,moderate,Site_3,2026-06-09,present
38,Ishita Muni,moderate,Site_3,2026-06-10,present
38,Ishita Muni,moderate,Site_3,2026-06-11,present
38,Ishita Muni,moderate,Site_3,2026-06-12,present
38,Ishita Muni,moderate,Site_3,2026-06-13,present
38,Ishita Muni,moderate,Site_3,2026-06-15,present
38,Ishita Muni,moderate,Site_3,2026-06-16,present
38,Ishita Muni,moderate,Site_3,2026-06-17,present
38,Ishita Muni,moderate,Site_3,2026-06-18,present
38,Ishita Muni,moderate,Site_3,2026-06-19,present
38,Ishita Muni,moderate,Site_3,2026-06-20,present
38,Ishita Muni,moderate,Site_3,2026-06-22,present
38,Ishita Muni,moderate,Site_3,2026-06-23,present
38,Ishita Muni,moderate,Site_3,2026-06-24,absent
38,Ishita Muni,moderate,Site_3,2026-06-25,present
38,Ishita Muni,moderate,Site_3,2026-06-26,present
38,Ishita Muni,moderate,Site_3,2026-06-27,present
38,Ishita Muni,moderate,Site_3,2026-06-29,present
38,Ishita Muni,moderate,Site_3,2026-06-30,present
38,Ishita Muni,moderate,Site_3,2026-07-01,present
38,Ishita Muni,moderate,Site_3,2026-07-02,present
38,Ishita Muni,moderate,Site_3,2026-07-03,present
38,Ishita Muni,moderate,Site_3,2026-07-04,absent
38,Ishita Muni,moderate,Site_3,2026-07-06,absent
38,Ishita Muni,moderate,Site_3,2026-07-07,present
38,Ishita Muni,moderate,Site_3,2026-07-08,present
38,Ishita Muni,moderate,Site_3,2026-07-09,present
38,Ishita Muni,moderate,Site_3,2026-07-10,present
39,Damyanti Gill,reliable,Site_6,2026-02-02,present
39,Damyanti Gill,reliable,Site_4,2026-02-03,present
39,Damyanti Gill,reliable,Site_4,2026-02-04,present
39,Damyanti Gill,reliable,Site_5,2026-02-05,present
39,Damyanti Gill,reliable,Site_5,2026-02-06,present
39,Damyanti Gill,reliable,Site_6,2026-02-07,present
39,Damyanti Gill,reliable,Site_6,2026-02-09,present
39,Damyanti Gill,reliable,Site_5,2026-02-10,present
39,Damyanti Gill,reliable,Site_6,2026-02-11,present
39,Damyanti Gill,reliable,Site_5,2026-02-12,present
39,Damyanti Gill,reliable,Site_6,2026-02-13,present
39,Damyanti Gill,reliable,Site_5,2026-02-14,present
39,Damyanti Gill,reliable,Site_4,2026-02-16,present
39,Damyanti Gill,reliable,Site_6,2026-02-17,present
39,Damyanti Gill,reliable,Site_5,2026-02-18,present
39,Damyanti Gill,reliable,Site_4,2026-02-19,present
39,Damyanti Gill,reliable,Site_6,2026-02-20,present
39,Damyanti Gill,reliable,Site_6,2026-02-21,present
39,Damyanti Gill,reliable,Site_4,2026-02-23,present
39,Damyanti Gill,reliable,Site_5,2026-02-24,absent
39,Damyanti Gill,reliable,Site_6,2026-02-25,absent
39,Damyanti Gill,reliable,Site_5,2026-02-26,present
39,Damyanti Gill,reliable,Site_4,2026-02-27,present
39,Damyanti Gill,reliable,Site_6,2026-02-28,present
39,Damyanti Gill,reliable,Site_4,2026-03-02,present
39,Damyanti Gill,reliable,Site_5,2026-03-03,present
39,Damyanti Gill,reliable,Site_5,2026-03-04,present
39,Damyanti Gill,reliable,Site_4,2026-03-05,present
39,Damyanti Gill,reliable,Site_5,2026-03-06,present
39,Damyanti Gill,reliable,Site_5,2026-03-07,present
39,Damyanti Gill,reliable,Site_5,2026-03-09,present
39,Damyanti Gill,reliable,Site_6,2026-03-10,present
39,Damyanti Gill,reliable,Site_6,2026-03-11,present
39,Damyanti Gill,reliable,Site_6,2026-03-12,present
39,Damyanti Gill,reliable,Site_5,2026-03-13,present
39,Damyanti Gill,reliable,Site_4,2026-03-14,absent
39,Damyanti Gill,reliable,Site_6,2026-03-16,present
39,Damyanti Gill,reliable,Site_4,2026-03-17,present
39,Damyanti Gill,reliable,Site_6,2026-03-18,present
39,Damyanti Gill,reliable,Site_6,2026-03-19,present
39,Damyanti Gill,reliable,Site_6,2026-03-20,present
39,Damyanti Gill,reliable,Site_5,2026-03-21,present
39,Damyanti Gill,reliable,Site_4,2026-03-23,present
39,Damyanti Gill,reliable,Site_6,2026-03-24,present
39,Damyanti Gill,reliable,Site_5,2026-03-25,present
39,Damyanti Gill,reliable,Site_5,2026-03-26,present
39,Damyanti Gill,reliable,Site_4,2026-03-27,present
39,Damyanti Gill,reliable,Site_5,2026-03-28,present
39,Damyanti Gill,reliable,Site_6,2026-03-30,present
39,Damyanti Gill,reliable,Site_5,2026-03-31,present
39,Damyanti Gill,reliable,Site_4,2026-04-01,present
39,Damyanti Gill,reliable,Site_5,2026-04-02,present
39,Damyanti Gill,reliable,Site_5,2026-04-03,present
39,Damyanti Gill,reliable,Site_6,2026-04-04,present
39,Damyanti Gill,reliable,Site_6,2026-04-06,present
39,Damyanti Gill,reliable,Site_5,2026-04-07,present
39,Damyanti Gill,reliable,Site_5,2026-04-08,absent
39,Damyanti Gill,reliable,Site_6,2026-04-09,present
39,Damyanti Gill,reliable,Site_6,2026-04-10,present
39,Damyanti Gill,reliable,Site_6,2026-04-11,present
39,Damyanti Gill,reliable,Site_6,2026-04-13,present
39,Damyanti Gill,reliable,Site_4,2026-04-14,present
39,Damyanti Gill,reliable,Site_4,2026-04-15,present
39,Damyanti Gill,reliable,Site_4,2026-04-16,present
39,Damyanti Gill,reliable,Site_5,2026-04-17,present
39,Damyanti Gill,reliable,Site_4,2026-04-18,present
39,Damyanti Gill,reliable,Site_6,2026-04-20,present
39,Damyanti Gill,reliable,Site_4,2026-04-21,present
39,Damyanti Gill,reliable,Site_6,2026-04-22,present
39,Damyanti Gill,reliable,Site_4,2026-04-23,present
39,Damyanti Gill,reliable,Site_4,2026-04-24,present
39,Damyanti Gill,reliable,Site_6,2026-04-25,present
39,Damyanti Gill,reliable,Site_5,2026-04-27,present
39,Damyanti Gill,reliable,Site_4,2026-04-28,present
39,Damyanti Gill,reliable,Site_4,2026-04-29,present
39,Damyanti Gill,reliable,Site_4,2026-04-30,present
39,Damyanti Gill,reliable,Site_5,2026-05-01,absent
39,Damyanti Gill,reliable,Site_4,2026-05-02,present
39,Damyanti Gill,reliable,Site_5,2026-05-04,present
39,Damyanti Gill,reliable,Site_5,2026-05-05,present
39,Damyanti Gill,reliable,Site_6,2026-05-06,present
39,Damyanti Gill,reliable,Site_4,2026-05-07,present
39,Damyanti Gill,reliable,Site_6,2026-05-08,absent
39,Damyanti Gill,reliable,Site_4,2026-05-09,present
39,Damyanti Gill,reliable,Site_4,2026-05-11,present
39,Damyanti Gill,reliable,Site_5,2026-05-12,present
39,Damyanti Gill,reliable,Site_5,2026-05-13,present
39,Damyanti Gill,reliable,Site_5,2026-05-14,present
39,Damyanti Gill,reliable,Site_6,2026-05-15,present
39,Damyanti Gill,reliable,Site_4,2026-05-16,present
39,Damyanti Gill,reliable,Site_6,2026-05-18,present
39,Damyanti Gill,reliable,Site_4,2026-05-19,present
39,Damyanti Gill,reliable,Site_6,2026-05-20,present
39,Damyanti Gill,reliable,Site_6,2026-05-21,present
39,Damyanti Gill,reliable,Site_4,2026-05-22,present
39,Damyanti Gill,reliable,Site_4,2026-05-23,present
39,Damyanti Gill,reliable,Site_4,2026-05-25,present
39,Damyanti Gill,reliable,Site_4,2026-05-26,present
39,Damyanti Gill,reliable,Site_5,2026-05-27,absent
39,Damyanti Gill,reliable,Site_4,2026-05-28,present
39,Damyanti Gill,reliable,Site_5,2026-05-29,present
39,Damyanti Gill,reliable,Site_5,2026-05-30,present
39,Damyanti Gill,reliable,Site_4,2026-06-01,present
39,Damyanti Gill,reliable,Site_5,2026-06-02,present
39,Damyanti Gill,reliable,Site_6,2026-06-03,present
39,Damyanti Gill,reliable,Site_5,2026-06-04,present
39,Damyanti Gill,reliable,Site_5,2026-06-05,present
39,Damyanti Gill,reliable,Site_4,2026-06-06,present
39,Damyanti Gill,reliable,Site_4,2026-06-08,present
39,Damyanti Gill,reliable,Site_5,2026-06-09,present
39,Damyanti Gill,reliable,Site_6,2026-06-10,present
39,Damyanti Gill,reliable,Site_4,2026-06-11,present
39,Damyanti Gill,reliable,Site_5,2026-06-12,absent
39,Damyanti Gill,reliable,Site_6,2026-06-13,present
39,Damyanti Gill,reliable,Site_6,2026-06-15,absent
39,Damyanti Gill,reliable,Site_5,2026-06-16,present
39,Damyanti Gill,reliable,Site_4,2026-06-17,present
39,Damyanti Gill,reliable,Site_4,2026-06-18,present
39,Damyanti Gill,reliable,Site_5,2026-06-19,present
39,Damyanti Gill,reliable,Site_6,2026-06-20,present
39,Damyanti Gill,reliable,Site_6,2026-06-22,present
39,Damyanti Gill,reliable,Site_6,2026-06-23,present
39,Damyanti Gill,reliable,Site_4,2026-06-24,present
39,Damyanti Gill,reliable,Site_6,2026-06-25,absent
39,Damyanti Gill,reliable,Site_6,2026-06-26,present
39,Damyanti Gill,reliable,Site_4,2026-06-27,present
39,Damyanti Gill,reliable,Site_5,2026-06-29,present
39,Damyanti Gill,reliable,Site_5,2026-06-30,present
39,Damyanti Gill,reliable,Site_6,2026-07-01,present
39,Damyanti Gill,reliable,Site_5,2026-07-02,present
39,Damyanti Gill,reliable,Site_5,2026-07-03,present
39,Damyanti Gill,reliable,Site_5,2026-07-04,present
39,Damyanti Gill,reliable,Site_6,2026-07-06,present
39,Damyanti Gill,reliable,Site_6,2026-07-07,present
39,Damyanti Gill,reliable,Site_4,2026-07-08,present
39,Damyanti Gill,reliable,Site_5,2026-07-09,present
39,Damyanti Gill,reliable,Site_4,2026-07-10,present
40,Jalsa Swaminathan,unreliable,Site_8,2026-06-02,present
40,Jalsa Swaminathan,unreliable,Site_8,2026-06-03,absent
40,Jalsa Swaminathan,unreliable,Site_8,2026-06-04,present
40,Jalsa Swaminathan,unreliable,Site_8,2026-06-05,present
40,Jalsa Swaminathan,unreliable,Site_8,2026-06-06,present
40,Jalsa Swaminathan,unreliable,Site_8,2026-06-08,present
40,Jalsa Swaminathan,unreliable,Site_8,2026-06-09,absent
40,Jalsa Swaminathan,unreliable,Site_8,2026-06-10,present
40,Jalsa Swaminathan,unreliable,Site_8,2026-06-11,absent
40,Jalsa Swaminathan,unreliable,Site_8,2026-06-12,absent
40,Jalsa Swaminathan,unreliable,Site_8,2026-06-13,present
40,Jalsa Swaminathan,unreliable,Site_8,2026-06-15,absent
40,Jalsa Swaminathan,unreliable,Site_8,2026-06-16,present
40,Jalsa Swaminathan,unreliable,Site_8,2026-06-17,present
40,Jalsa Swaminathan,unreliable,Site_8,2026-06-18,present
40,Jalsa Swaminathan,unreliable,Site_8,2026-06-19,present
40,Jalsa Swaminathan,unreliable,Site_8,2026-06-20,present
40,Jalsa Swaminathan,unreliable,Site_8,2026-06-22,present
40,Jalsa Swaminathan,unreliable,Site_8,2026-06-23,present
40,Jalsa Swaminathan,unreliable,Site_8,2026-06-24,absent
40,Jalsa Swaminathan,unreliable,Site_8,2026-06-25,present
40,Jalsa Swaminathan,unreliable,Site_8,2026-06-26,present
40,Jalsa Swaminathan,unreliable,Site_8,2026-06-27,present
40,Jalsa Swaminathan,unreliable,Site_8,2026-06-29,absent
40,Jalsa Swaminathan,unreliable,Site_8,2026-06-30,present
40,Jalsa Swaminathan,unreliable,Site_8,2026-07-01,present
40,Jalsa Swaminathan,unreliable,Site_8,2026-07-02,present
40,Jalsa Swaminathan,unreliable,Site_8,2026-07-03,absent
40,Jalsa Swaminathan,unreliable,Site_8,2026-07-04,present
40,Jalsa Swaminathan,unreliable,Site_8,2026-07-06,present
40,Jalsa Swaminathan,unreliable,Site_8,2026-07-07,absent
40,Jalsa Swaminathan,unreliable,Site_8,2026-07-08,present
40,Jalsa Swaminathan,unreliable,Site_8,2026-07-09,present
40,Jalsa Swaminathan,unreliable,Site_8,2026-07-10,present
41,Theodore Verma,moderate,Site_8,2026-03-18,present
41,Theodore Verma,moderate,Site_8,2026-03-19,absent
41,Theodore Verma,moderate,Site_8,2026-03-20,present
41,Theodore Verma,moderate,Site_8,2026-03-21,present
41,Theodore Verma,moderate,Site_8,2026-03-23,present
41,Theodore Verma,moderate,Site_2,2026-03-24,present
41,Theodore Verma,moderate,Site_2,2026-03-25,present
41,Theodore Verma,moderate,Site_2,2026-03-26,present
41,Theodore Verma,moderate,Site_8,2026-03-27,present
41,Theodore Verma,moderate,Site_8,2026-03-28,present
41,Theodore Verma,moderate,Site_8,2026-03-30,present
41,Theodore Verma,moderate,Site_2,2026-03-31,present
41,Theodore Verma,moderate,Site_2,2026-04-01,absent
41,Theodore Verma,moderate,Site_2,2026-04-02,present
41,Theodore Verma,moderate,Site_2,2026-04-03,present
41,Theodore Verma,moderate,Site_8,2026-04-04,absent
41,Theodore Verma,moderate,Site_2,2026-04-06,present
41,Theodore Verma,moderate,Site_2,2026-04-07,present
41,Theodore Verma,moderate,Site_8,2026-04-08,present
41,Theodore Verma,moderate,Site_8,2026-04-09,present
41,Theodore Verma,moderate,Site_8,2026-04-10,present
41,Theodore Verma,moderate,Site_8,2026-04-11,absent
41,Theodore Verma,moderate,Site_8,2026-04-13,present
41,Theodore Verma,moderate,Site_8,2026-04-14,present
41,Theodore Verma,moderate,Site_2,2026-04-15,absent
41,Theodore Verma,moderate,Site_2,2026-04-16,present
41,Theodore Verma,moderate,Site_2,2026-04-17,present
41,Theodore Verma,moderate,Site_2,2026-04-18,absent
41,Theodore Verma,moderate,Site_2,2026-04-20,present
41,Theodore Verma,moderate,Site_8,2026-04-21,present
41,Theodore Verma,moderate,Site_8,2026-04-22,present
41,Theodore Verma,moderate,Site_2,2026-04-23,present
41,Theodore Verma,moderate,Site_8,2026-04-24,present
41,Theodore Verma,moderate,Site_2,2026-04-25,absent
41,Theodore Verma,moderate,Site_8,2026-04-27,present
41,Theodore Verma,moderate,Site_2,2026-04-28,present
41,Theodore Verma,moderate,Site_8,2026-04-29,present
41,Theodore Verma,moderate,Site_8,2026-04-30,present
41,Theodore Verma,moderate,Site_8,2026-05-01,absent
41,Theodore Verma,moderate,Site_2,2026-05-02,present
41,Theodore Verma,moderate,Site_2,2026-05-04,present
41,Theodore Verma,moderate,Site_8,2026-05-05,present
41,Theodore Verma,moderate,Site_8,2026-05-06,present
41,Theodore Verma,moderate,Site_8,2026-05-07,present
41,Theodore Verma,moderate,Site_2,2026-05-08,present
41,Theodore Verma,moderate,Site_8,2026-05-09,present
41,Theodore Verma,moderate,Site_2,2026-05-11,absent
41,Theodore Verma,moderate,Site_2,2026-05-12,absent
41,Theodore Verma,moderate,Site_8,2026-05-13,present
41,Theodore Verma,moderate,Site_8,2026-05-14,present
41,Theodore Verma,moderate,Site_8,2026-05-15,present
41,Theodore Verma,moderate,Site_8,2026-05-16,present
41,Theodore Verma,moderate,Site_8,2026-05-18,absent
41,Theodore Verma,moderate,Site_8,2026-05-19,absent
41,Theodore Verma,moderate,Site_8,2026-05-20,absent
41,Theodore Verma,moderate,Site_2,2026-05-21,absent
41,Theodore Verma,moderate,Site_8,2026-05-22,present
41,Theodore Verma,moderate,Site_8,2026-05-23,present
41,Theodore Verma,moderate,Site_2,2026-05-25,present
41,Theodore Verma,moderate,Site_2,2026-05-26,absent
41,Theodore Verma,moderate,Site_8,2026-05-27,present
41,Theodore Verma,moderate,Site_2,2026-05-28,present
41,Theodore Verma,moderate,Site_8,2026-05-29,present
41,Theodore Verma,moderate,Site_2,2026-05-30,present
41,Theodore Verma,moderate,Site_2,2026-06-01,present
41,Theodore Verma,moderate,Site_8,2026-06-02,present
41,Theodore Verma,moderate,Site_2,2026-06-03,present
41,Theodore Verma,moderate,Site_2,2026-06-04,present
41,Theodore Verma,moderate,Site_2,2026-06-05,present
41,Theodore Verma,moderate,Site_2,2026-06-06,present
41,Theodore Verma,moderate,Site_2,2026-06-08,present
41,Theodore Verma,moderate,Site_2,2026-06-09,present
41,Theodore Verma,moderate,Site_8,2026-06-10,present
41,Theodore Verma,moderate,Site_2,2026-06-11,absent
41,Theodore Verma,moderate,Site_2,2026-06-12,absent
41,Theodore Verma,moderate,Site_2,2026-06-13,present
41,Theodore Verma,moderate,Site_2,2026-06-15,present
41,Theodore Verma,moderate,Site_8,2026-06-16,present
41,Theodore Verma,moderate,Site_2,2026-06-17,present
41,Theodore Verma,moderate,Site_8,2026-06-18,present
41,Theodore Verma,moderate,Site_8,2026-06-19,present
41,Theodore Verma,moderate,Site_8,2026-06-20,present
41,Theodore Verma,moderate,Site_2,2026-06-22,present
41,Theodore Verma,moderate,Site_2,2026-06-23,present
41,Theodore Verma,moderate,Site_2,2026-06-24,present
41,Theodore Verma,moderate,Site_2,2026-06-25,present
41,Theodore Verma,moderate,Site_2,2026-06-26,present
41,Theodore Verma,moderate,Site_2,2026-06-27,present
41,Theodore Verma,moderate,Site_2,2026-06-29,absent
41,Theodore Verma,moderate,Site_2,2026-06-30,present
41,Theodore Verma,moderate,Site_2,2026-07-01,present
41,Theodore Verma,moderate,Site_8,2026-07-02,present
41,Theodore Verma,moderate,Site_8,2026-07-03,present
41,Theodore Verma,moderate,Site_8,2026-07-04,present
41,Theodore Verma,moderate,Site_2,2026-07-06,absent
41,Theodore Verma,moderate,Site_8,2026-07-07,present
41,Theodore Verma,moderate,Site_2,2026-07-08,present
41,Theodore Verma,moderate,Site_8,2026-07-09,present
41,Theodore Verma,moderate,Site_2,2026-07-10,present
42,Vrinda Mittal,unreliable,Site_9,2026-05-27,present
42,Vrinda Mittal,unreliable,Site_9,2026-05-28,absent
42,Vrinda Mittal,unreliable,Site_9,2026-05-29,absent
42,Vrinda Mittal,unreliable,Site_9,2026-05-30,absent
42,Vrinda Mittal,unreliable,Site_9,2026-06-01,present
42,Vrinda Mittal,unreliable,Site_9,2026-06-02,absent
42,Vrinda Mittal,unreliable,Site_9,2026-06-03,absent
42,Vrinda Mittal,unreliable,Site_9,2026-06-04,present
42,Vrinda Mittal,unreliable,Site_9,2026-06-05,absent
42,Vrinda Mittal,unreliable,Site_9,2026-06-06,absent
42,Vrinda Mittal,unreliable,Site_9,2026-06-08,present
42,Vrinda Mittal,unreliable,Site_9,2026-06-09,absent
42,Vrinda Mittal,unreliable,Site_9,2026-06-10,absent
42,Vrinda Mittal,unreliable,Site_9,2026-06-11,absent
42,Vrinda Mittal,unreliable,Site_9,2026-06-12,absent
42,Vrinda Mittal,unreliable,Site_9,2026-06-13,absent
42,Vrinda Mittal,unreliable,Site_9,2026-06-15,present
42,Vrinda Mittal,unreliable,Site_9,2026-06-16,absent
42,Vrinda Mittal,unreliable,Site_9,2026-06-17,absent
42,Vrinda Mittal,unreliable,Site_9,2026-06-18,present
42,Vrinda Mittal,unreliable,Site_9,2026-06-19,absent
42,Vrinda Mittal,unreliable,Site_9,2026-06-20,absent
42,Vrinda Mittal,unreliable,Site_9,2026-06-22,absent
42,Vrinda Mittal,unreliable,Site_9,2026-06-23,absent
42,Vrinda Mittal,unreliable,Site_9,2026-06-24,present
42,Vrinda Mittal,unreliable,Site_9,2026-06-25,present
42,Vrinda Mittal,unreliable,Site_9,2026-06-26,present
42,Vrinda Mittal,unreliable,Site_9,2026-06-27,absent
42,Vrinda Mittal,unreliable,Site_9,2026-06-29,present
42,Vrinda Mittal,unreliable,Site_9,2026-06-30,absent
42,Vrinda Mittal,unreliable,Site_9,2026-07-01,absent
42,Vrinda Mittal,unreliable,Site_9,2026-07-02,present
42,Vrinda Mittal,unreliable,Site_9,2026-07-03,absent
42,Vrinda Mittal,unreliable,Site_9,2026-07-04,absent
42,Vrinda Mittal,unreliable,Site_9,2026-07-06,absent
42,Vrinda Mittal,unreliable,Site_9,2026-07-07,present
42,Vrinda Mittal,unreliable,Site_9,2026-07-08,absent
42,Vrinda Mittal,unreliable,Site_9,2026-07-09,present
42,Vrinda Mittal,unreliable,Site_9,2026-07-10,present
43,Nihal Sibal,unreliable,Site_8,2026-06-15,absent
43,Nihal Sibal,unreliable,Site_8,2026-06-16,present
43,Nihal Sibal,unreliable,Site_8,2026-06-17,present
43,Nihal Sibal,unreliable,Site_8,2026-06-18,present
43,Nihal Sibal,unreliable,Site_8,2026-06-19,absent
43,Nihal Sibal,unreliable,Site_8,2026-06-20,present
43,Nihal Sibal,unreliable,Site_8,2026-06-22,present
43,Nihal Sibal,unreliable,Site_8,2026-06-23,absent
43,Nihal Sibal,unreliable,Site_8,2026-06-24,absent
43,Nihal Sibal,unreliable,Site_8,2026-06-25,absent
43,Nihal Sibal,unreliable,Site_8,2026-06-26,present
43,Nihal Sibal,unreliable,Site_8,2026-06-27,absent
43,Nihal Sibal,unreliable,Site_8,2026-06-29,absent
43,Nihal Sibal,unreliable,Site_8,2026-06-30,absent
43,Nihal Sibal,unreliable,Site_8,2026-07-01,absent
43,Nihal Sibal,unreliable,Site_8,2026-07-02,present
43,Nihal Sibal,unreliable,Site_8,2026-07-03,present
43,Nihal Sibal,unreliable,Site_8,2026-07-04,absent
43,Nihal Sibal,unreliable,Site_8,2026-07-06,absent
43,Nihal Sibal,unreliable,Site_8,2026-07-07,absent
43,Nihal Sibal,unreliable,Site_8,2026-07-08,absent
43,Nihal Sibal,unreliable,Site_8,2026-07-09,present
43,Nihal Sibal,unreliable,Site_8,2026-07-10,absent
44,Kala Choudhry,moderate,Site_3,2026-05-04,present
44,Kala Choudhry,moderate,Site_3,2026-05-05,absent
44,Kala Choudhry,moderate,Site_3,2026-05-06,present
44,Kala Choudhry,moderate,Site_3,2026-05-07,present
44,Kala Choudhry,moderate,Site_3,2026-05-08,present
44,Kala Choudhry,moderate,Site_3,2026-05-09,present
44,Kala Choudhry,moderate,Site_3,2026-05-11,present
44,Kala Choudhry,moderate,Site_3,2026-05-12,present
44,Kala Choudhry,moderate,Site_3,2026-05-13,present
44,Kala Choudhry,moderate,Site_3,2026-05-14,present
44,Kala Choudhry,moderate,Site_3,2026-05-15,present
44,Kala Choudhry,moderate,Site_3,2026-05-16,present
44,Kala Choudhry,moderate,Site_3,2026-05-18,present
44,Kala Choudhry,moderate,Site_3,2026-05-19,present
44,Kala Choudhry,moderate,Site_3,2026-05-20,absent
44,Kala Choudhry,moderate,Site_3,2026-05-21,present
44,Kala Choudhry,moderate,Site_3,2026-05-22,present
44,Kala Choudhry,moderate,Site_3,2026-05-23,absent
44,Kala Choudhry,moderate,Site_3,2026-05-25,absent
44,Kala Choudhry,moderate,Site_3,2026-05-26,absent
44,Kala Choudhry,moderate,Site_3,2026-05-27,present
44,Kala Choudhry,moderate,Site_3,2026-05-28,absent
44,Kala Choudhry,moderate,Site_3,2026-05-29,absent
44,Kala Choudhry,moderate,Site_3,2026-05-30,present
44,Kala Choudhry,moderate,Site_3,2026-06-01,present
44,Kala Choudhry,moderate,Site_3,2026-06-02,present
44,Kala Choudhry,moderate,Site_3,2026-06-03,present
44,Kala Choudhry,moderate,Site_3,2026-06-04,present
44,Kala Choudhry,moderate,Site_3,2026-06-05,absent
44,Kala Choudhry,moderate,Site_3,2026-06-06,present
44,Kala Choudhry,moderate,Site_3,2026-06-08,absent
44,Kala Choudhry,moderate,Site_3,2026-06-09,absent
44,Kala Choudhry,moderate,Site_3,2026-06-10,present
44,Kala Choudhry,moderate,Site_3,2026-06-11,present
44,Kala Choudhry,moderate,Site_3,2026-06-12,present
44,Kala Choudhry,moderate,Site_3,2026-06-13,absent
44,Kala Choudhry,moderate,Site_3,2026-06-15,present
44,Kala Choudhry,moderate,Site_3,2026-06-16,present
44,Kala Choudhry,moderate,Site_3,2026-06-17,present
44,Kala Choudhry,moderate,Site_3,2026-06-18,present
44,Kala Choudhry,moderate,Site_3,2026-06-19,absent
44,Kala Choudhry,moderate,Site_3,2026-06-20,present
44,Kala Choudhry,moderate,Site_3,2026-06-22,absent
44,Kala Choudhry,moderate,Site_3,2026-06-23,present
44,Kala Choudhry,moderate,Site_3,2026-06-24,absent
44,Kala Choudhry,moderate,Site_3,2026-06-25,present
44,Kala Choudhry,moderate,Site_3,2026-06-26,present
44,Kala Choudhry,moderate,Site_3,2026-06-27,present
44,Kala Choudhry,moderate,Site_3,2026-06-29,absent
44,Kala Choudhry,moderate,Site_3,2026-06-30,present
44,Kala Choudhry,moderate,Site_3,2026-07-01,absent
44,Kala Choudhry,moderate,Site_3,2026-07-02,present
44,Kala Choudhry,moderate,Site_3,2026-07-03,absent
44,Kala Choudhry,moderate,Site_3,2026-07-04,present
44,Kala Choudhry,moderate,Site_3,2026-07-06,present
44,Kala Choudhry,moderate,Site_3,2026-07-07,absent
44,Kala Choudhry,moderate,Site_3,2026-07-08,absent
44,Kala Choudhry,moderate,Site_3,2026-07-09,absent
44,Kala Choudhry,moderate,Site_3,2026-07-10,absent
45,Rachita Baral,moderate,Site_2,2026-03-20,absent
45,Rachita Baral,moderate,Site_2,2026-03-21,present
45,Rachita Baral,moderate,Site_2,2026-03-23,present
45,Rachita Baral,moderate,Site_7,2026-03-24,present
45,Rachita Baral,moderate,Site_7,2026-03-25,absent
45,Rachita Baral,moderate,Site_7,2026-03-26,present
45,Rachita Baral,moderate,Site_7,2026-03-27,present
45,Rachita Baral,moderate,Site_2,2026-03-28,present
45,Rachita Baral,moderate,Site_7,2026-03-30,present
45,Rachita Baral,moderate,Site_7,2026-03-31,present
45,Rachita Baral,moderate,Site_2,2026-04-01,absent
45,Rachita Baral,moderate,Site_2,2026-04-02,absent
45,Rachita Baral,moderate,Site_7,2026-04-03,present
45,Rachita Baral,moderate,Site_2,2026-04-04,present
45,Rachita Baral,moderate,Site_7,2026-04-06,absent
45,Rachita Baral,moderate,Site_2,2026-04-07,present
45,Rachita Baral,moderate,Site_2,2026-04-08,present
45,Rachita Baral,moderate,Site_7,2026-04-09,absent
45,Rachita Baral,moderate,Site_7,2026-04-10,present
45,Rachita Baral,moderate,Site_7,2026-04-11,absent
45,Rachita Baral,moderate,Site_2,2026-04-13,absent
45,Rachita Baral,moderate,Site_7,2026-04-14,present
45,Rachita Baral,moderate,Site_2,2026-04-15,present
45,Rachita Baral,moderate,Site_7,2026-04-16,present
45,Rachita Baral,moderate,Site_2,2026-04-17,present
45,Rachita Baral,moderate,Site_7,2026-04-18,present
45,Rachita Baral,moderate,Site_2,2026-04-20,present
45,Rachita Baral,moderate,Site_2,2026-04-21,absent
45,Rachita Baral,moderate,Site_2,2026-04-22,absent
45,Rachita Baral,moderate,Site_7,2026-04-23,present
45,Rachita Baral,moderate,Site_2,2026-04-24,present
45,Rachita Baral,moderate,Site_2,2026-04-25,present
45,Rachita Baral,moderate,Site_2,2026-04-27,present
45,Rachita Baral,moderate,Site_7,2026-04-28,absent
45,Rachita Baral,moderate,Site_2,2026-04-29,absent
45,Rachita Baral,moderate,Site_7,2026-04-30,present
45,Rachita Baral,moderate,Site_2,2026-05-01,present
45,Rachita Baral,moderate,Site_7,2026-05-02,absent
45,Rachita Baral,moderate,Site_2,2026-05-04,present
45,Rachita Baral,moderate,Site_2,2026-05-05,present
45,Rachita Baral,moderate,Site_2,2026-05-06,absent
45,Rachita Baral,moderate,Site_2,2026-05-07,present
45,Rachita Baral,moderate,Site_2,2026-05-08,present
45,Rachita Baral,moderate,Site_2,2026-05-09,present
45,Rachita Baral,moderate,Site_2,2026-05-11,absent
45,Rachita Baral,moderate,Site_2,2026-05-12,present
45,Rachita Baral,moderate,Site_2,2026-05-13,present
45,Rachita Baral,moderate,Site_7,2026-05-14,present
45,Rachita Baral,moderate,Site_7,2026-05-15,present
45,Rachita Baral,moderate,Site_2,2026-05-16,present
45,Rachita Baral,moderate,Site_7,2026-05-18,absent
45,Rachita Baral,moderate,Site_2,2026-05-19,present
45,Rachita Baral,moderate,Site_2,2026-05-20,present
45,Rachita Baral,moderate,Site_7,2026-05-21,present
45,Rachita Baral,moderate,Site_7,2026-05-22,absent
45,Rachita Baral,moderate,Site_2,2026-05-23,present
45,Rachita Baral,moderate,Site_2,2026-05-25,present
45,Rachita Baral,moderate,Site_2,2026-05-26,absent
45,Rachita Baral,moderate,Site_2,2026-05-27,present
45,Rachita Baral,moderate,Site_2,2026-05-28,present
45,Rachita Baral,moderate,Site_7,2026-05-29,present
45,Rachita Baral,moderate,Site_7,2026-05-30,present
45,Rachita Baral,moderate,Site_2,2026-06-01,present
45,Rachita Baral,moderate,Site_2,2026-06-02,present
45,Rachita Baral,moderate,Site_2,2026-06-03,present
45,Rachita Baral,moderate,Site_2,2026-06-04,present
45,Rachita Baral,moderate,Site_2,2026-06-05,present
45,Rachita Baral,moderate,Site_2,2026-06-06,absent
45,Rachita Baral,moderate,Site_2,2026-06-08,present
45,Rachita Baral,moderate,Site_7,2026-06-09,absent
45,Rachita Baral,moderate,Site_2,2026-06-10,present
45,Rachita Baral,moderate,Site_7,2026-06-11,present
45,Rachita Baral,moderate,Site_7,2026-06-12,present
45,Rachita Baral,moderate,Site_2,2026-06-13,present
45,Rachita Baral,moderate,Site_2,2026-06-15,present
45,Rachita Baral,moderate,Site_2,2026-06-16,present
45,Rachita Baral,moderate,Site_2,2026-06-17,present
45,Rachita Baral,moderate,Site_2,2026-06-18,absent
45,Rachita Baral,moderate,Site_7,2026-06-19,present
45,Rachita Baral,moderate,Site_7,2026-06-20,absent
45,Rachita Baral,moderate,Site_7,2026-06-22,present
45,Rachita Baral,moderate,Site_2,2026-06-23,present
45,Rachita Baral,moderate,Site_7,2026-06-24,present
45,Rachita Baral,moderate,Site_2,2026-06-25,present
45,Rachita Baral,moderate,Site_7,2026-06-26,present
45,Rachita Baral,moderate,Site_7,2026-06-27,present
45,Rachita Baral,moderate,Site_7,2026-06-29,present
45,Rachita Baral,moderate,Site_7,2026-06-30,present
45,Rachita Baral,moderate,Site_2,2026-07-01,present
45,Rachita Baral,moderate,Site_2,2026-07-02,present
45,Rachita Baral,moderate,Site_7,2026-07-03,present
45,Rachita Baral,moderate,Site_7,2026-07-04,present
45,Rachita Baral,moderate,Site_7,2026-07-06,absent
45,Rachita Baral,moderate,Site_2,2026-07-07,present
45,Rachita Baral,moderate,Site_2,2026-07-08,absent
45,Rachita Baral,moderate,Site_2,2026-07-09,present
45,Rachita Baral,moderate,Site_7,2026-07-10,present
46,Ekaja Barad,moderate,Site_6,2026-04-03,present
46,Ekaja Barad,moderate,Site_3,2026-04-04,absent
46,Ekaja Barad,moderate,Site_6,2026-04-06,present
46,Ekaja Barad,moderate,Site_3,2026-04-07,absent
46,Ekaja Barad,moderate,Site_3,2026-04-08,present
46,Ekaja Barad,moderate,Site_3,2026-04-09,present
46,Ekaja Barad,moderate,Site_6,2026-04-10,present
46,Ekaja Barad,moderate,Site_3,2026-04-11,present
46,Ekaja Barad,moderate,Site_6,2026-04-13,present
46,Ekaja Barad,moderate,Site_3,2026-04-14,present
46,Ekaja Barad,moderate,Site_3,2026-04-15,absent
46,Ekaja Barad,moderate,Site_6,2026-04-16,absent
46,Ekaja Barad,moderate,Site_6,2026-04-17,present
46,Ekaja Barad,moderate,Site_6,2026-04-18,absent
46,Ekaja Barad,moderate,Site_3,2026-04-20,present
46,Ekaja Barad,moderate,Site_3,2026-04-21,present
46,Ekaja Barad,moderate,Site_3,2026-04-22,present
46,Ekaja Barad,moderate,Site_6,2026-04-23,absent
46,Ekaja Barad,moderate,Site_3,2026-04-24,present
46,Ekaja Barad,moderate,Site_3,2026-04-25,present
46,Ekaja Barad,moderate,Site_6,2026-04-27,absent
46,Ekaja Barad,moderate,Site_6,2026-04-28,present
46,Ekaja Barad,moderate,Site_6,2026-04-29,absent
46,Ekaja Barad,moderate,Site_3,2026-04-30,present
46,Ekaja Barad,moderate,Site_3,2026-05-01,present
46,Ekaja Barad,moderate,Site_6,2026-05-02,present
46,Ekaja Barad,moderate,Site_3,2026-05-04,present
46,Ekaja Barad,moderate,Site_3,2026-05-05,absent
46,Ekaja Barad,moderate,Site_6,2026-05-06,present
46,Ekaja Barad,moderate,Site_6,2026-05-07,present
46,Ekaja Barad,moderate,Site_3,2026-05-08,present
46,Ekaja Barad,moderate,Site_3,2026-05-09,present
46,Ekaja Barad,moderate,Site_3,2026-05-11,present
46,Ekaja Barad,moderate,Site_6,2026-05-12,present
46,Ekaja Barad,moderate,Site_6,2026-05-13,absent
46,Ekaja Barad,moderate,Site_3,2026-05-14,present
46,Ekaja Barad,moderate,Site_6,2026-05-15,present
46,Ekaja Barad,moderate,Site_6,2026-05-16,absent
46,Ekaja Barad,moderate,Site_3,2026-05-18,present
46,Ekaja Barad,moderate,Site_3,2026-05-19,present
46,Ekaja Barad,moderate,Site_3,2026-05-20,absent
46,Ekaja Barad,moderate,Site_3,2026-05-21,present
46,Ekaja Barad,moderate,Site_6,2026-05-22,present
46,Ekaja Barad,moderate,Site_6,2026-05-23,present
46,Ekaja Barad,moderate,Site_3,2026-05-25,absent
46,Ekaja Barad,moderate,Site_6,2026-05-26,absent
46,Ekaja Barad,moderate,Site_6,2026-05-27,present
46,Ekaja Barad,moderate,Site_6,2026-05-28,present
46,Ekaja Barad,moderate,Site_3,2026-05-29,present
46,Ekaja Barad,moderate,Site_3,2026-05-30,present
46,Ekaja Barad,moderate,Site_3,2026-06-01,absent
46,Ekaja Barad,moderate,Site_3,2026-06-02,present
46,Ekaja Barad,moderate,Site_3,2026-06-03,present
46,Ekaja Barad,moderate,Site_6,2026-06-04,absent
46,Ekaja Barad,moderate,Site_6,2026-06-05,present
46,Ekaja Barad,moderate,Site_6,2026-06-06,present
46,Ekaja Barad,moderate,Site_6,2026-06-08,present
46,Ekaja Barad,moderate,Site_6,2026-06-09,absent
46,Ekaja Barad,moderate,Site_6,2026-06-10,present
46,Ekaja Barad,moderate,Site_3,2026-06-11,present
46,Ekaja Barad,moderate,Site_6,2026-06-12,absent
46,Ekaja Barad,moderate,Site_3,2026-06-13,present
46,Ekaja Barad,moderate,Site_3,2026-06-15,present
46,Ekaja Barad,moderate,Site_6,2026-06-16,present
46,Ekaja Barad,moderate,Site_3,2026-06-17,absent
46,Ekaja Barad,moderate,Site_3,2026-06-18,absent
46,Ekaja Barad,moderate,Site_3,2026-06-19,present
46,Ekaja Barad,moderate,Site_6,2026-06-20,present
46,Ekaja Barad,moderate,Site_3,2026-06-22,present
46,Ekaja Barad,moderate,Site_6,2026-06-23,present
46,Ekaja Barad,moderate,Site_3,2026-06-24,present
46,Ekaja Barad,moderate,Site_3,2026-06-25,absent
46,Ekaja Barad,moderate,Site_3,2026-06-26,absent
46,Ekaja Barad,moderate,Site_3,2026-06-27,present
46,Ekaja Barad,moderate,Site_3,2026-06-29,present
46,Ekaja Barad,moderate,Site_6,2026-06-30,present
46,Ekaja Barad,moderate,Site_3,2026-07-01,present
46,Ekaja Barad,moderate,Site_6,2026-07-02,present
46,Ekaja Barad,moderate,Site_3,2026-07-03,present
46,Ekaja Barad,moderate,Site_6,2026-07-04,absent
46,Ekaja Barad,moderate,Site_3,2026-07-06,present
46,Ekaja Barad,moderate,Site_3,2026-07-07,present
46,Ekaja Barad,moderate,Site_3,2026-07-08,present
46,Ekaja Barad,moderate,Site_3,2026-07-09,absent
46,Ekaja Barad,moderate,Site_6,2026-07-10,present
47,Jalsa Ganguly,moderate,Site_8,2026-03-30,present
47,Jalsa Ganguly,moderate,Site_8,2026-03-31,present
47,Jalsa Ganguly,moderate,Site_8,2026-04-01,absent
47,Jalsa Ganguly,moderate,Site_10,2026-04-02,absent
47,Jalsa Ganguly,moderate,Site_8,2026-04-03,present
47,Jalsa Ganguly,moderate,Site_10,2026-04-04,present
47,Jalsa Ganguly,moderate,Site_10,2026-04-06,present
47,Jalsa Ganguly,moderate,Site_10,2026-04-07,present
47,Jalsa Ganguly,moderate,Site_10,2026-04-08,present
47,Jalsa Ganguly,moderate,Site_8,2026-04-09,absent
47,Jalsa Ganguly,moderate,Site_10,2026-04-10,present
47,Jalsa Ganguly,moderate,Site_10,2026-04-11,present
47,Jalsa Ganguly,moderate,Site_8,2026-04-13,present
47,Jalsa Ganguly,moderate,Site_10,2026-04-14,present
47,Jalsa Ganguly,moderate,Site_10,2026-04-15,present
47,Jalsa Ganguly,moderate,Site_8,2026-04-16,absent
47,Jalsa Ganguly,moderate,Site_10,2026-04-17,present
47,Jalsa Ganguly,moderate,Site_10,2026-04-18,present
47,Jalsa Ganguly,moderate,Site_8,2026-04-20,present
47,Jalsa Ganguly,moderate,Site_10,2026-04-21,present
47,Jalsa Ganguly,moderate,Site_8,2026-04-22,present
47,Jalsa Ganguly,moderate,Site_10,2026-04-23,absent
47,Jalsa Ganguly,moderate,Site_8,2026-04-24,present
47,Jalsa Ganguly,moderate,Site_10,2026-04-25,absent
47,Jalsa Ganguly,moderate,Site_10,2026-04-27,absent
47,Jalsa Ganguly,moderate,Site_10,2026-04-28,absent
47,Jalsa Ganguly,moderate,Site_10,2026-04-29,present
47,Jalsa Ganguly,moderate,Site_10,2026-04-30,present
47,Jalsa Ganguly,moderate,Site_10,2026-05-01,absent
47,Jalsa Ganguly,moderate,Site_8,2026-05-02,present
47,Jalsa Ganguly,moderate,Site_8,2026-05-04,present
47,Jalsa Ganguly,moderate,Site_10,2026-05-05,present
47,Jalsa Ganguly,moderate,Site_8,2026-05-06,present
47,Jalsa Ganguly,moderate,Site_10,2026-05-07,present
47,Jalsa Ganguly,moderate,Site_10,2026-05-08,present
47,Jalsa Ganguly,moderate,Site_8,2026-05-09,present
47,Jalsa Ganguly,moderate,Site_10,2026-05-11,present
47,Jalsa Ganguly,moderate,Site_8,2026-05-12,present
47,Jalsa Ganguly,moderate,Site_10,2026-05-13,present
47,Jalsa Ganguly,moderate,Site_8,2026-05-14,present
47,Jalsa Ganguly,moderate,Site_8,2026-05-15,present
47,Jalsa Ganguly,moderate,Site_10,2026-05-16,present
47,Jalsa Ganguly,moderate,Site_8,2026-05-18,present
47,Jalsa Ganguly,moderate,Site_10,2026-05-19,present
47,Jalsa Ganguly,moderate,Site_8,2026-05-20,absent
47,Jalsa Ganguly,moderate,Site_8,2026-05-21,absent
47,Jalsa Ganguly,moderate,Site_8,2026-05-22,absent
47,Jalsa Ganguly,moderate,Site_8,2026-05-23,absent
47,Jalsa Ganguly,moderate,Site_10,2026-05-25,present
47,Jalsa Ganguly,moderate,Site_10,2026-05-26,present
47,Jalsa Ganguly,moderate,Site_8,2026-05-27,present
47,Jalsa Ganguly,moderate,Site_10,2026-05-28,present
47,Jalsa Ganguly,moderate,Site_8,2026-05-29,present
47,Jalsa Ganguly,moderate,Site_10,2026-05-30,present
47,Jalsa Ganguly,moderate,Site_10,2026-06-01,absent
47,Jalsa Ganguly,moderate,Site_8,2026-06-02,absent
47,Jalsa Ganguly,moderate,Site_8,2026-06-03,present
47,Jalsa Ganguly,moderate,Site_8,2026-06-04,present
47,Jalsa Ganguly,moderate,Site_10,2026-06-05,absent
47,Jalsa Ganguly,moderate,Site_10,2026-06-06,absent
47,Jalsa Ganguly,moderate,Site_8,2026-06-08,present
47,Jalsa Ganguly,moderate,Site_8,2026-06-09,present
47,Jalsa Ganguly,moderate,Site_8,2026-06-10,present
47,Jalsa Ganguly,moderate,Site_8,2026-06-11,present
47,Jalsa Ganguly,moderate,Site_8,2026-06-12,present
47,Jalsa Ganguly,moderate,Site_10,2026-06-13,present
47,Jalsa Ganguly,moderate,Site_8,2026-06-15,present
47,Jalsa Ganguly,moderate,Site_8,2026-06-16,present
47,Jalsa Ganguly,moderate,Site_10,2026-06-17,present
47,Jalsa Ganguly,moderate,Site_8,2026-06-18,present
47,Jalsa Ganguly,moderate,Site_8,2026-06-19,present
47,Jalsa Ganguly,moderate,Site_10,2026-06-20,present
47,Jalsa Ganguly,moderate,Site_8,2026-06-22,present
47,Jalsa Ganguly,moderate,Site_8,2026-06-23,present
47,Jalsa Ganguly,moderate,Site_10,2026-06-24,present
47,Jalsa Ganguly,moderate,Site_10,2026-06-25,present
47,Jalsa Ganguly,moderate,Site_10,2026-06-26,present
47,Jalsa Ganguly,moderate,Site_10,2026-06-27,absent
47,Jalsa Ganguly,moderate,Site_8,2026-06-29,present
47,Jalsa Ganguly,moderate,Site_10,2026-06-30,present
47,Jalsa Ganguly,moderate,Site_10,2026-07-01,present
47,Jalsa Ganguly,moderate,Site_10,2026-07-02,present
47,Jalsa Ganguly,moderate,Site_8,2026-07-03,absent
47,Jalsa Ganguly,moderate,Site_10,2026-07-04,present
47,Jalsa Ganguly,moderate,Site_8,2026-07-06,present
47,Jalsa Ganguly,moderate,Site_10,2026-07-07,present
47,Jalsa Ganguly,moderate,Site_10,2026-07-08,present
47,Jalsa Ganguly,moderate,Site_8,2026-07-09,present
47,Jalsa Ganguly,moderate,Site_8,2026-07-10,present
48,Henry Virk,moderate,Site_8,2026-04-17,present
48,Henry Virk,moderate,Site_8,2026-04-18,present
48,Henry Virk,moderate,Site_8,2026-04-20,present
48,Henry Virk,moderate,Site_10,2026-04-21,absent
48,Henry Virk,moderate,Site_8,2026-04-22,present
48,Henry Virk,moderate,Site_10,2026-04-23,present
48,Henry Virk,moderate,Site_10,2026-04-24,absent
48,Henry Virk,moderate,Site_8,2026-04-25,present
48,Henry Virk,moderate,Site_10,2026-04-27,present
48,Henry Virk,moderate,Site_8,2026-04-28,absent
48,Henry Virk,moderate,Site_10,2026-04-29,absent
48,Henry Virk,moderate,Site_8,2026-04-30,present
48,Henry Virk,moderate,Site_8,2026-05-01,present
48,Henry Virk,moderate,Site_10,2026-05-02,present
48,Henry Virk,moderate,Site_10,2026-05-04,present
48,Henry Virk,moderate,Site_8,2026-05-05,present
48,Henry Virk,moderate,Site_8,2026-05-06,present
48,Henry Virk,moderate,Site_10,2026-05-07,present
48,Henry Virk,moderate,Site_8,2026-05-08,present
48,Henry Virk,moderate,Site_8,2026-05-09,present
48,Henry Virk,moderate,Site_10,2026-05-11,absent
48,Henry Virk,moderate,Site_8,2026-05-12,present
48,Henry Virk,moderate,Site_8,2026-05-13,present
48,Henry Virk,moderate,Site_10,2026-05-14,present
48,Henry Virk,moderate,Site_8,2026-05-15,present
48,Henry Virk,moderate,Site_8,2026-05-16,present
48,Henry Virk,moderate,Site_8,2026-05-18,absent
48,Henry Virk,moderate,Site_10,2026-05-19,absent
48,Henry Virk,moderate,Site_8,2026-05-20,present
48,Henry Virk,moderate,Site_8,2026-05-21,present
48,Henry Virk,moderate,Site_8,2026-05-22,present
48,Henry Virk,moderate,Site_8,2026-05-23,present
48,Henry Virk,moderate,Site_8,2026-05-25,present
48,Henry Virk,moderate,Site_10,2026-05-26,present
48,Henry Virk,moderate,Site_8,2026-05-27,absent
48,Henry Virk,moderate,Site_10,2026-05-28,present
48,Henry Virk,moderate,Site_10,2026-05-29,absent
48,Henry Virk,moderate,Site_8,2026-05-30,present
48,Henry Virk,moderate,Site_10,2026-06-01,present
48,Henry Virk,moderate,Site_10,2026-06-02,present
48,Henry Virk,moderate,Site_10,2026-06-03,present
48,Henry Virk,moderate,Site_10,2026-06-04,absent
48,Henry Virk,moderate,Site_10,2026-06-05,present
48,Henry Virk,moderate,Site_10,2026-06-06,present
48,Henry Virk,moderate,Site_8,2026-06-08,absent
48,Henry Virk,moderate,Site_10,2026-06-09,absent
48,Henry Virk,moderate,Site_8,2026-06-10,absent
48,Henry Virk,moderate,Site_8,2026-06-11,present
48,Henry Virk,moderate,Site_10,2026-06-12,present
48,Henry Virk,moderate,Site_10,2026-06-13,present
48,Henry Virk,moderate,Site_10,2026-06-15,present
48,Henry Virk,moderate,Site_8,2026-06-16,present
48,Henry Virk,moderate,Site_10,2026-06-17,present
48,Henry Virk,moderate,Site_10,2026-06-18,present
48,Henry Virk,moderate,Site_8,2026-06-19,present
48,Henry Virk,moderate,Site_8,2026-06-20,present
48,Henry Virk,moderate,Site_10,2026-06-22,present
48,Henry Virk,moderate,Site_8,2026-06-23,present
48,Henry Virk,moderate,Site_10,2026-06-24,present
48,Henry Virk,moderate,Site_8,2026-06-25,present
48,Henry Virk,moderate,Site_10,2026-06-26,present
48,Henry Virk,moderate,Site_10,2026-06-27,present
48,Henry Virk,moderate,Site_8,2026-06-29,present
48,Henry Virk,moderate,Site_8,2026-06-30,absent
48,Henry Virk,moderate,Site_10,2026-07-01,present
48,Henry Virk,moderate,Site_10,2026-07-02,present
48,Henry Virk,moderate,Site_10,2026-07-03,present
48,Henry Virk,moderate,Site_8,2026-07-04,present
48,Henry Virk,moderate,Site_8,2026-07-06,absent
48,Henry Virk,moderate,Site_8,2026-07-07,present
48,Henry Virk,moderate,Site_10,2026-07-08,present
48,Henry Virk,moderate,Site_8,2026-07-09,present
48,Henry Virk,moderate,Site_10,2026-07-10,present
49,Vrinda Apte,moderate,Site_4,2026-03-30,present
49,Vrinda Apte,moderate,Site_4,2026-03-31,present
49,Vrinda Apte,moderate,Site_4,2026-04-01,present
49,Vrinda Apte,moderate,Site_4,2026-04-02,present
49,Vrinda Apte,moderate,Site_4,2026-04-03,present
49,Vrinda Apte,moderate,Site_4,2026-04-04,present
49,Vrinda Apte,moderate,Site_4,2026-04-06,absent
49,Vrinda Apte,moderate,Site_4,2026-04-07,present
49,Vrinda Apte,moderate,Site_4,2026-04-08,absent
49,Vrinda Apte,moderate,Site_4,2026-04-09,present
49,Vrinda Apte,moderate,Site_4,2026-04-10,present
49,Vrinda Apte,moderate,Site_4,2026-04-11,present
49,Vrinda Apte,moderate,Site_4,2026-04-13,present
49,Vrinda Apte,moderate,Site_4,2026-04-14,absent
49,Vrinda Apte,moderate,Site_4,2026-04-15,present
49,Vrinda Apte,moderate,Site_4,2026-04-16,present
49,Vrinda Apte,moderate,Site_4,2026-04-17,present
49,Vrinda Apte,moderate,Site_4,2026-04-18,present
49,Vrinda Apte,moderate,Site_4,2026-04-20,present
49,Vrinda Apte,moderate,Site_4,2026-04-21,absent
49,Vrinda Apte,moderate,Site_4,2026-04-22,present
49,Vrinda Apte,moderate,Site_4,2026-04-23,absent
49,Vrinda Apte,moderate,Site_4,2026-04-24,present
49,Vrinda Apte,moderate,Site_4,2026-04-25,present
49,Vrinda Apte,moderate,Site_4,2026-04-27,present
49,Vrinda Apte,moderate,Site_4,2026-04-28,absent
49,Vrinda Apte,moderate,Site_4,2026-04-29,present
49,Vrinda Apte,moderate,Site_4,2026-04-30,present
49,Vrinda Apte,moderate,Site_4,2026-05-01,present
49,Vrinda Apte,moderate,Site_4,2026-05-02,absent
49,Vrinda Apte,moderate,Site_4,2026-05-04,present
49,Vrinda Apte,moderate,Site_4,2026-05-05,present
49,Vrinda Apte,moderate,Site_4,2026-05-06,present
49,Vrinda Apte,moderate,Site_4,2026-05-07,present
49,Vrinda Apte,moderate,Site_4,2026-05-08,present
49,Vrinda Apte,moderate,Site_4,2026-05-09,absent
49,Vrinda Apte,moderate,Site_4,2026-05-11,present
49,Vrinda Apte,moderate,Site_4,2026-05-12,present
49,Vrinda Apte,moderate,Site_4,2026-05-13,present
49,Vrinda Apte,moderate,Site_4,2026-05-14,absent
49,Vrinda Apte,moderate,Site_4,2026-05-15,present
49,Vrinda Apte,moderate,Site_4,2026-05-16,present
49,Vrinda Apte,moderate,Site_4,2026-05-18,present
49,Vrinda Apte,moderate,Site_4,2026-05-19,present
49,Vrinda Apte,moderate,Site_4,2026-05-20,present
49,Vrinda Apte,moderate,Site_4,2026-05-21,absent
49,Vrinda Apte,moderate,Site_4,2026-05-22,present
49,Vrinda Apte,moderate,Site_4,2026-05-23,present
49,Vrinda Apte,moderate,Site_4,2026-05-25,present
49,Vrinda Apte,moderate,Site_4,2026-05-26,present
49,Vrinda Apte,moderate,Site_4,2026-05-27,present
49,Vrinda Apte,moderate,Site_4,2026-05-28,present
49,Vrinda Apte,moderate,Site_4,2026-05-29,present
49,Vrinda Apte,moderate,Site_4,2026-05-30,present
49,Vrinda Apte,moderate,Site_4,2026-06-01,present
49,Vrinda Apte,moderate,Site_4,2026-06-02,absent
49,Vrinda Apte,moderate,Site_4,2026-06-03,present
49,Vrinda Apte,moderate,Site_4,2026-06-04,absent
49,Vrinda Apte,moderate,Site_4,2026-06-05,present
49,Vrinda Apte,moderate,Site_4,2026-06-06,present
49,Vrinda Apte,moderate,Site_4,2026-06-08,present
49,Vrinda Apte,moderate,Site_4,2026-06-09,absent
49,Vrinda Apte,moderate,Site_4,2026-06-10,present
49,Vrinda Apte,moderate,Site_4,2026-06-11,present
49,Vrinda Apte,moderate,Site_4,2026-06-12,present
49,Vrinda Apte,moderate,Site_4,2026-06-13,absent
49,Vrinda Apte,moderate,Site_4,2026-06-15,present
49,Vrinda Apte,moderate,Site_4,2026-06-16,present
49,Vrinda Apte,moderate,Site_4,2026-06-17,present
49,Vrinda Apte,moderate,Site_4,2026-06-18,present
49,Vrinda Apte,moderate,Site_4,2026-06-19,absent
49,Vrinda Apte,moderate,Site_4,2026-06-20,absent
49,Vrinda Apte,moderate,Site_4,2026-06-22,absent
49,Vrinda Apte,moderate,Site_4,2026-06-23,present
49,Vrinda Apte,moderate,Site_4,2026-06-24,present
49,Vrinda Apte,moderate,Site_4,2026-06-25,present
49,Vrinda Apte,moderate,Site_4,2026-06-26,present
49,Vrinda Apte,moderate,Site_4,2026-06-27,present
49,Vrinda Apte,moderate,Site_4,2026-06-29,present
49,Vrinda Apte,moderate,Site_4,2026-06-30,absent
49,Vrinda Apte,moderate,Site_4,2026-07-01,present
49,Vrinda Apte,moderate,Site_4,2026-07-02,absent
49,Vrinda Apte,moderate,Site_4,2026-07-03,present
49,Vrinda Apte,moderate,Site_4,2026-07-04,present
49,Vrinda Apte,moderate,Site_4,2026-07-06,absent
49,Vrinda Apte,moderate,Site_4,2026-07-07,present
49,Vrinda Apte,moderate,Site_4,2026-07-08,present
49,Vrinda Apte,moderate,Site_4,2026-07-09,absent
49,Vrinda Apte,moderate,Site_4,2026-07-10,present
50,Zayan Salvi,reliable,Site_7,2026-02-06,present
50,Zayan Salvi,reliable,Site_5,2026-02-07,present
50,Zayan Salvi,reliable,Site_7,2026-02-09,present
50,Zayan Salvi,reliable,Site_5,2026-02-10,present
50,Zayan Salvi,reliable,Site_5,2026-02-11,present
50,Zayan Salvi,reliable,Site_7,2026-02-12,present
50,Zayan Salvi,reliable,Site_5,2026-02-13,present
50,Zayan Salvi,reliable,Site_5,2026-02-14,present
50,Zayan Salvi,reliable,Site_5,2026-02-16,present
50,Zayan Salvi,reliable,Site_5,2026-02-17,present
50,Zayan Salvi,reliable,Site_7,2026-02-18,present
50,Zayan Salvi,reliable,Site_7,2026-02-19,present
50,Zayan Salvi,reliable,Site_7,2026-02-20,present
50,Zayan Salvi,reliable,Site_5,2026-02-21,present
50,Zayan Salvi,reliable,Site_5,2026-02-23,present
50,Zayan Salvi,reliable,Site_7,2026-02-24,present
50,Zayan Salvi,reliable,Site_7,2026-02-25,present
50,Zayan Salvi,reliable,Site_5,2026-02-26,present
50,Zayan Salvi,reliable,Site_7,2026-02-27,present
50,Zayan Salvi,reliable,Site_7,2026-02-28,present
50,Zayan Salvi,reliable,Site_5,2026-03-02,present
50,Zayan Salvi,reliable,Site_5,2026-03-03,present
50,Zayan Salvi,reliable,Site_5,2026-03-04,present
50,Zayan Salvi,reliable,Site_5,2026-03-05,present
50,Zayan Salvi,reliable,Site_5,2026-03-06,absent
50,Zayan Salvi,reliable,Site_7,2026-03-07,present
50,Zayan Salvi,reliable,Site_7,2026-03-09,present
50,Zayan Salvi,reliable,Site_7,2026-03-10,present
50,Zayan Salvi,reliable,Site_7,2026-03-11,present
50,Zayan Salvi,reliable,Site_7,2026-03-12,present
50,Zayan Salvi,reliable,Site_7,2026-03-13,present
50,Zayan Salvi,reliable,Site_5,2026-03-14,present
50,Zayan Salvi,reliable,Site_5,2026-03-16,present
50,Zayan Salvi,reliable,Site_5,2026-03-17,present
50,Zayan Salvi,reliable,Site_5,2026-03-18,present
50,Zayan Salvi,reliable,Site_5,2026-03-19,present
50,Zayan Salvi,reliable,Site_7,2026-03-20,present
50,Zayan Salvi,reliable,Site_7,2026-03-21,present
50,Zayan Salvi,reliable,Site_5,2026-03-23,present
50,Zayan Salvi,reliable,Site_5,2026-03-24,present
50,Zayan Salvi,reliable,Site_5,2026-03-25,present
50,Zayan Salvi,reliable,Site_5,2026-03-26,present
50,Zayan Salvi,reliable,Site_7,2026-03-27,present
50,Zayan Salvi,reliable,Site_7,2026-03-28,present
50,Zayan Salvi,reliable,Site_5,2026-03-30,present
50,Zayan Salvi,reliable,Site_7,2026-03-31,present
50,Zayan Salvi,reliable,Site_7,2026-04-01,present
50,Zayan Salvi,reliable,Site_7,2026-04-02,present
50,Zayan Salvi,reliable,Site_5,2026-04-03,present
50,Zayan Salvi,reliable,Site_5,2026-04-04,present
50,Zayan Salvi,reliable,Site_7,2026-04-06,present
50,Zayan Salvi,reliable,Site_5,2026-04-07,present
50,Zayan Salvi,reliable,Site_5,2026-04-08,present
50,Zayan Salvi,reliable,Site_5,2026-04-09,present
50,Zayan Salvi,reliable,Site_5,2026-04-10,present
50,Zayan Salvi,reliable,Site_5,2026-04-11,present
50,Zayan Salvi,reliable,Site_7,2026-04-13,present
50,Zayan Salvi,reliable,Site_7,2026-04-14,present
50,Zayan Salvi,reliable,Site_5,2026-04-15,present
50,Zayan Salvi,reliable,Site_5,2026-04-16,present
50,Zayan Salvi,reliable,Site_5,2026-04-17,present
50,Zayan Salvi,reliable,Site_7,2026-04-18,present
50,Zayan Salvi,reliable,Site_7,2026-04-20,present
50,Zayan Salvi,reliable,Site_5,2026-04-21,absent
50,Zayan Salvi,reliable,Site_5,2026-04-22,present
50,Zayan Salvi,reliable,Site_7,2026-04-23,present
50,Zayan Salvi,reliable,Site_7,2026-04-24,present
50,Zayan Salvi,reliable,Site_7,2026-04-25,present
50,Zayan Salvi,reliable,Site_7,2026-04-27,present
50,Zayan Salvi,reliable,Site_5,2026-04-28,present
50,Zayan Salvi,reliable,Site_5,2026-04-29,present
50,Zayan Salvi,reliable,Site_7,2026-04-30,present
50,Zayan Salvi,reliable,Site_7,2026-05-01,present
50,Zayan Salvi,reliable,Site_7,2026-05-02,present
50,Zayan Salvi,reliable,Site_7,2026-05-04,present
50,Zayan Salvi,reliable,Site_7,2026-05-05,present
50,Zayan Salvi,reliable,Site_7,2026-05-06,present
50,Zayan Salvi,reliable,Site_7,2026-05-07,present
50,Zayan Salvi,reliable,Site_5,2026-05-08,present
50,Zayan Salvi,reliable,Site_5,2026-05-09,present
50,Zayan Salvi,reliable,Site_5,2026-05-11,present
50,Zayan Salvi,reliable,Site_7,2026-05-12,present
50,Zayan Salvi,reliable,Site_7,2026-05-13,present
50,Zayan Salvi,reliable,Site_7,2026-05-14,present
50,Zayan Salvi,reliable,Site_5,2026-05-15,present
50,Zayan Salvi,reliable,Site_5,2026-05-16,present
50,Zayan Salvi,reliable,Site_7,2026-05-18,present
50,Zayan Salvi,reliable,Site_5,2026-05-19,present
50,Zayan Salvi,reliable,Site_7,2026-05-20,present
50,Zayan Salvi,reliable,Site_7,2026-05-21,present
50,Zayan Salvi,reliable,Site_7,2026-05-22,present
50,Zayan Salvi,reliable,Site_7,2026-05-23,present
50,Zayan Salvi,reliable,Site_5,2026-05-25,present
50,Zayan Salvi,reliable,Site_5,2026-05-26,present
50,Zayan Salvi,reliable,Site_5,2026-05-27,present
50,Zayan Salvi,reliable,Site_5,2026-05-28,present
50,Zayan Salvi,reliable,Site_5,2026-05-29,present
50,Zayan Salvi,reliable,Site_5,2026-05-30,present
50,Zayan Salvi,reliable,Site_5,2026-06-01,present
50,Zayan Salvi,reliable,Site_5,2026-06-02,present
50,Zayan Salvi,reliable,Site_7,2026-06-03,present
50,Zayan Salvi,reliable,Site_7,2026-06-04,present
50,Zayan Salvi,reliable,Site_5,2026-06-05,present
50,Zayan Salvi,reliable,Site_7,2026-06-06,absent
50,Zayan Salvi,reliable,Site_7,2026-06-08,present
50,Zayan Salvi,reliable,Site_7,2026-06-09,present
50,Zayan Salvi,reliable,Site_7,2026-06-10,present
50,Zayan Salvi,reliable,Site_5,2026-06-11,present
50,Zayan Salvi,reliable,Site_5,2026-06-12,present
50,Zayan Salvi,reliable,Site_5,2026-06-13,present
50,Zayan Salvi,reliable,Site_5,2026-06-15,present
50,Zayan Salvi,reliable,Site_7,2026-06-16,present
50,Zayan Salvi,reliable,Site_7,2026-06-17,present
50,Zayan Salvi,reliable,Site_5,2026-06-18,present
50,Zayan Salvi,reliable,Site_5,2026-06-19,present
50,Zayan Salvi,reliable,Site_7,2026-06-20,present
50,Zayan Salvi,reliable,Site_7,2026-06-22,present
50,Zayan Salvi,reliable,Site_5,2026-06-23,present
50,Zayan Salvi,reliable,Site_5,2026-06-24,present
50,Zayan Salvi,reliable,Site_5,2026-06-25,present
50,Zayan Salvi,reliable,Site_7,2026-06-26,present
50,Zayan Salvi,reliable,Site_7,2026-06-27,present
50,Zayan Salvi,reliable,Site_7,2026-06-29,present
50,Zayan Salvi,reliable,Site_7,2026-06-30,present
50,Zayan Salvi,reliable,Site_5,2026-07-01,present
50,Zayan Salvi,reliable,Site_5,2026-07-02,present
50,Zayan Salvi,reliable,Site_5,2026-07-03,present
50,Zayan Salvi,reliable,Site_7,2026-07-04,absent
50,Zayan Salvi,reliable,Site_7,2026-07-06,present
50,Zayan Salvi,reliable,Site_5,2026-07-07,absent
50,Zayan Salvi,reliable,Site_5,2026-07-08,present
50,Zayan Salvi,reliable,Site_5,2026-07-09,present
50,Zayan Salvi,reliable,Site_7,2026-07-10,present
51,Siya Sen,moderate,Site_2,2026-03-16,present
51,Siya Sen,moderate,Site_3,2026-03-17,present
51,Siya Sen,moderate,Site_2,2026-03-18,present
51,Siya Sen,moderate,Site_3,2026-03-19,present
51,Siya Sen,moderate,Site_2,2026-03-20,present
51,Siya Sen,moderate,Site_2,2026-03-21,present
51,Siya Sen,moderate,Site_3,2026-03-23,present
51,Siya Sen,moderate,Site_2,2026-03-24,present
51,Siya Sen,moderate,Site_3,2026-03-25,present
51,Siya Sen,moderate,Site_2,2026-03-26,present
51,Siya Sen,moderate,Site_3,2026-03-27,present
51,Siya Sen,moderate,Site_2,2026-03-28,present
51,Siya Sen,moderate,Site_2,2026-03-30,present
51,Siya Sen,moderate,Site_2,2026-03-31,present
51,Siya Sen,moderate,Site_3,2026-04-01,present
51,Siya Sen,moderate,Site_3,2026-04-02,present
51,Siya Sen,moderate,Site_3,2026-04-03,present
51,Siya Sen,moderate,Site_2,2026-04-04,present
51,Siya Sen,moderate,Site_3,2026-04-06,absent
51,Siya Sen,moderate,Site_3,2026-04-07,present
51,Siya Sen,moderate,Site_2,2026-04-08,present
51,Siya Sen,moderate,Site_3,2026-04-09,present
51,Siya Sen,moderate,Site_2,2026-04-10,present
51,Siya Sen,moderate,Site_3,2026-04-11,present
51,Siya Sen,moderate,Site_3,2026-04-13,present
51,Siya Sen,moderate,Site_3,2026-04-14,present
51,Siya Sen,moderate,Site_2,2026-04-15,present
51,Siya Sen,moderate,Site_2,2026-04-16,present
51,Siya Sen,moderate,Site_3,2026-04-17,absent
51,Siya Sen,moderate,Site_2,2026-04-18,present
51,Siya Sen,moderate,Site_2,2026-04-20,present
51,Siya Sen,moderate,Site_2,2026-04-21,present
51,Siya Sen,moderate,Site_2,2026-04-22,present
51,Siya Sen,moderate,Site_3,2026-04-23,present
51,Siya Sen,moderate,Site_2,2026-04-24,present
51,Siya Sen,moderate,Site_2,2026-04-25,present
51,Siya Sen,moderate,Site_3,2026-04-27,absent
51,Siya Sen,moderate,Site_2,2026-04-28,absent
51,Siya Sen,moderate,Site_2,2026-04-29,absent
51,Siya Sen,moderate,Site_3,2026-04-30,present
51,Siya Sen,moderate,Site_2,2026-05-01,present
51,Siya Sen,moderate,Site_2,2026-05-02,present
51,Siya Sen,moderate,Site_2,2026-05-04,present
51,Siya Sen,moderate,Site_3,2026-05-05,present
51,Siya Sen,moderate,Site_3,2026-05-06,present
51,Siya Sen,moderate,Site_3,2026-05-07,absent
51,Siya Sen,moderate,Site_3,2026-05-08,present
51,Siya Sen,moderate,Site_2,2026-05-09,present
51,Siya Sen,moderate,Site_3,2026-05-11,present
51,Siya Sen,moderate,Site_2,2026-05-12,present
51,Siya Sen,moderate,Site_2,2026-05-13,present
51,Siya Sen,moderate,Site_3,2026-05-14,present
51,Siya Sen,moderate,Site_3,2026-05-15,present
51,Siya Sen,moderate,Site_2,2026-05-16,absent
51,Siya Sen,moderate,Site_2,2026-05-18,absent
51,Siya Sen,moderate,Site_2,2026-05-19,present
51,Siya Sen,moderate,Site_3,2026-05-20,present
51,Siya Sen,moderate,Site_2,2026-05-21,present
51,Siya Sen,moderate,Site_2,2026-05-22,present
51,Siya Sen,moderate,Site_2,2026-05-23,present
51,Siya Sen,moderate,Site_2,2026-05-25,present
51,Siya Sen,moderate,Site_2,2026-05-26,absent
51,Siya Sen,moderate,Site_2,2026-05-27,present
51,Siya Sen,moderate,Site_2,2026-05-28,absent
51,Siya Sen,moderate,Site_3,2026-05-29,present
51,Siya Sen,moderate,Site_2,2026-05-30,present
51,Siya Sen,moderate,Site_3,2026-06-01,present
51,Siya Sen,moderate,Site_2,2026-06-02,present
51,Siya Sen,moderate,Site_2,2026-06-03,present
51,Siya Sen,moderate,Site_2,2026-06-04,present
51,Siya Sen,moderate,Site_2,2026-06-05,present
51,Siya Sen,moderate,Site_2,2026-06-06,present
51,Siya Sen,moderate,Site_2,2026-06-08,present
51,Siya Sen,moderate,Site_2,2026-06-09,present
51,Siya Sen,moderate,Site_2,2026-06-10,absent
51,Siya Sen,moderate,Site_2,2026-06-11,present
51,Siya Sen,moderate,Site_2,2026-06-12,present
51,Siya Sen,moderate,Site_3,2026-06-13,absent
51,Siya Sen,moderate,Site_2,2026-06-15,present
51,Siya Sen,moderate,Site_3,2026-06-16,present
51,Siya Sen,moderate,Site_2,2026-06-17,absent
51,Siya Sen,moderate,Site_2,2026-06-18,present
51,Siya Sen,moderate,Site_2,2026-06-19,present
51,Siya Sen,moderate,Site_3,2026-06-20,present
51,Siya Sen,moderate,Site_2,2026-06-22,present
51,Siya Sen,moderate,Site_2,2026-06-23,present
51,Siya Sen,moderate,Site_3,2026-06-24,present
51,Siya Sen,moderate,Site_3,2026-06-25,present
51,Siya Sen,moderate,Site_2,2026-06-26,present
51,Siya Sen,moderate,Site_3,2026-06-27,present
51,Siya Sen,moderate,Site_2,2026-06-29,absent
51,Siya Sen,moderate,Site_2,2026-06-30,present
51,Siya Sen,moderate,Site_2,2026-07-01,present
51,Siya Sen,moderate,Site_3,2026-07-02,present
51,Siya Sen,moderate,Site_2,2026-07-03,present
51,Siya Sen,moderate,Site_3,2026-07-04,present
51,Siya Sen,moderate,Site_3,2026-07-06,absent
51,Siya Sen,moderate,Site_2,2026-07-07,present
51,Siya Sen,moderate,Site_3,2026-07-08,present
51,Siya Sen,moderate,Site_2,2026-07-09,present
51,Siya Sen,moderate,Site_2,2026-07-10,present
52,Chatura Sekhon,reliable,Site_5,2026-01-15,present
52,Chatura Sekhon,reliable,Site_5,2026-01-16,present
52,Chatura Sekhon,reliable,Site_4,2026-01-17,present
52,Chatura Sekhon,reliable,Site_5,2026-01-19,present
52,Chatura Sekhon,reliable,Site_5,2026-01-20,present
52,Chatura Sekhon,reliable,Site_4,2026-01-21,present
52,Chatura Sekhon,reliable,Site_4,2026-01-22,present
52,Chatura Sekhon,reliable,Site_4,2026-01-23,present
52,Chatura Sekhon,reliable,Site_5,2026-01-24,present
52,Chatura Sekhon,reliable,Site_4,2026-01-26,present
52,Chatura Sekhon,reliable,Site_4,2026-01-27,present
52,Chatura Sekhon,reliable,Site_5,2026-01-28,present
52,Chatura Sekhon,reliable,Site_4,2026-01-29,present
52,Chatura Sekhon,reliable,Site_5,2026-01-30,present
52,Chatura Sekhon,reliable,Site_5,2026-01-31,present
52,Chatura Sekhon,reliable,Site_5,2026-02-02,present
52,Chatura Sekhon,reliable,Site_4,2026-02-03,present
52,Chatura Sekhon,reliable,Site_5,2026-02-04,present
52,Chatura Sekhon,reliable,Site_5,2026-02-05,present
52,Chatura Sekhon,reliable,Site_4,2026-02-06,present
52,Chatura Sekhon,reliable,Site_5,2026-02-07,present
52,Chatura Sekhon,reliable,Site_5,2026-02-09,present
52,Chatura Sekhon,reliable,Site_5,2026-02-10,present
52,Chatura Sekhon,reliable,Site_5,2026-02-11,present
52,Chatura Sekhon,reliable,Site_5,2026-02-12,present
52,Chatura Sekhon,reliable,Site_4,2026-02-13,present
52,Chatura Sekhon,reliable,Site_5,2026-02-14,present
52,Chatura Sekhon,reliable,Site_5,2026-02-16,present
52,Chatura Sekhon,reliable,Site_4,2026-02-17,present
52,Chatura Sekhon,reliable,Site_4,2026-02-18,present
52,Chatura Sekhon,reliable,Site_5,2026-02-19,absent
52,Chatura Sekhon,reliable,Site_4,2026-02-20,present
52,Chatura Sekhon,reliable,Site_4,2026-02-21,present
52,Chatura Sekhon,reliable,Site_5,2026-02-23,present
52,Chatura Sekhon,reliable,Site_4,2026-02-24,present
52,Chatura Sekhon,reliable,Site_4,2026-02-25,present
52,Chatura Sekhon,reliable,Site_4,2026-02-26,present
52,Chatura Sekhon,reliable,Site_4,2026-02-27,present
52,Chatura Sekhon,reliable,Site_5,2026-02-28,present
52,Chatura Sekhon,reliable,Site_4,2026-03-02,present
52,Chatura Sekhon,reliable,Site_5,2026-03-03,present
52,Chatura Sekhon,reliable,Site_5,2026-03-04,present
52,Chatura Sekhon,reliable,Site_4,2026-03-05,present
52,Chatura Sekhon,reliable,Site_4,2026-03-06,present
52,Chatura Sekhon,reliable,Site_4,2026-03-07,present
52,Chatura Sekhon,reliable,Site_5,2026-03-09,present
52,Chatura Sekhon,reliable,Site_5,2026-03-10,present
52,Chatura Sekhon,reliable,Site_5,2026-03-11,present
52,Chatura Sekhon,reliable,Site_4,2026-03-12,present
52,Chatura Sekhon,reliable,Site_4,2026-03-13,present
52,Chatura Sekhon,reliable,Site_4,2026-03-14,present
52,Chatura Sekhon,reliable,Site_4,2026-03-16,present
52,Chatura Sekhon,reliable,Site_5,2026-03-17,present
52,Chatura Sekhon,reliable,Site_5,2026-03-18,present
52,Chatura Sekhon,reliable,Site_5,2026-03-19,absent
52,Chatura Sekhon,reliable,Site_5,2026-03-20,present
52,Chatura Sekhon,reliable,Site_4,2026-03-21,present
52,Chatura Sekhon,reliable,Site_4,2026-03-23,absent
52,Chatura Sekhon,reliable,Site_4,2026-03-24,present
52,Chatura Sekhon,reliable,Site_4,2026-03-25,present
52,Chatura Sekhon,reliable,Site_4,2026-03-26,present
52,Chatura Sekhon,reliable,Site_5,2026-03-27,present
52,Chatura Sekhon,reliable,Site_5,2026-03-28,present
52,Chatura Sekhon,reliable,Site_4,2026-03-30,present
52,Chatura Sekhon,reliable,Site_5,2026-03-31,present
52,Chatura Sekhon,reliable,Site_5,2026-04-01,present
52,Chatura Sekhon,reliable,Site_4,2026-04-02,present
52,Chatura Sekhon,reliable,Site_5,2026-04-03,present
52,Chatura Sekhon,reliable,Site_5,2026-04-04,present
52,Chatura Sekhon,reliable,Site_5,2026-04-06,present
52,Chatura Sekhon,reliable,Site_4,2026-04-07,present
52,Chatura Sekhon,reliable,Site_5,2026-04-08,present
52,Chatura Sekhon,reliable,Site_5,2026-04-09,present
52,Chatura Sekhon,reliable,Site_5,2026-04-10,present
52,Chatura Sekhon,reliable,Site_4,2026-04-11,present
52,Chatura Sekhon,reliable,Site_4,2026-04-13,present
52,Chatura Sekhon,reliable,Site_4,2026-04-14,present
52,Chatura Sekhon,reliable,Site_5,2026-04-15,present
52,Chatura Sekhon,reliable,Site_4,2026-04-16,present
52,Chatura Sekhon,reliable,Site_4,2026-04-17,present
52,Chatura Sekhon,reliable,Site_4,2026-04-18,present
52,Chatura Sekhon,reliable,Site_5,2026-04-20,present
52,Chatura Sekhon,reliable,Site_4,2026-04-21,absent
52,Chatura Sekhon,reliable,Site_5,2026-04-22,present
52,Chatura Sekhon,reliable,Site_4,2026-04-23,present
52,Chatura Sekhon,reliable,Site_4,2026-04-24,present
52,Chatura Sekhon,reliable,Site_5,2026-04-25,present
52,Chatura Sekhon,reliable,Site_5,2026-04-27,present
52,Chatura Sekhon,reliable,Site_5,2026-04-28,present
52,Chatura Sekhon,reliable,Site_5,2026-04-29,present
52,Chatura Sekhon,reliable,Site_5,2026-04-30,present
52,Chatura Sekhon,reliable,Site_5,2026-05-01,present
52,Chatura Sekhon,reliable,Site_5,2026-05-02,present
52,Chatura Sekhon,reliable,Site_4,2026-05-04,present
52,Chatura Sekhon,reliable,Site_5,2026-05-05,present
52,Chatura Sekhon,reliable,Site_5,2026-05-06,present
52,Chatura Sekhon,reliable,Site_5,2026-05-07,present
52,Chatura Sekhon,reliable,Site_4,2026-05-08,present
52,Chatura Sekhon,reliable,Site_5,2026-05-09,present
52,Chatura Sekhon,reliable,Site_4,2026-05-11,present
52,Chatura Sekhon,reliable,Site_5,2026-05-12,present
52,Chatura Sekhon,reliable,Site_4,2026-05-13,present
52,Chatura Sekhon,reliable,Site_5,2026-05-14,present
52,Chatura Sekhon,reliable,Site_5,2026-05-15,present
52,Chatura Sekhon,reliable,Site_5,2026-05-16,present
52,Chatura Sekhon,reliable,Site_4,2026-05-18,present
52,Chatura Sekhon,reliable,Site_4,2026-05-19,present
52,Chatura Sekhon,reliable,Site_4,2026-05-20,present
52,Chatura Sekhon,reliable,Site_4,2026-05-21,present
52,Chatura Sekhon,reliable,Site_5,2026-05-22,absent
52,Chatura Sekhon,reliable,Site_4,2026-05-23,present
52,Chatura Sekhon,reliable,Site_5,2026-05-25,present
52,Chatura Sekhon,reliable,Site_4,2026-05-26,absent
52,Chatura Sekhon,reliable,Site_5,2026-05-27,present
52,Chatura Sekhon,reliable,Site_4,2026-05-28,present
52,Chatura Sekhon,reliable,Site_5,2026-05-29,present
52,Chatura Sekhon,reliable,Site_5,2026-05-30,present
52,Chatura Sekhon,reliable,Site_4,2026-06-01,present
52,Chatura Sekhon,reliable,Site_5,2026-06-02,absent
52,Chatura Sekhon,reliable,Site_4,2026-06-03,present
52,Chatura Sekhon,reliable,Site_5,2026-06-04,present
52,Chatura Sekhon,reliable,Site_4,2026-06-05,present
52,Chatura Sekhon,reliable,Site_4,2026-06-06,present
52,Chatura Sekhon,reliable,Site_4,2026-06-08,present
52,Chatura Sekhon,reliable,Site_5,2026-06-09,present
52,Chatura Sekhon,reliable,Site_4,2026-06-10,present
52,Chatura Sekhon,reliable,Site_5,2026-06-11,present
52,Chatura Sekhon,reliable,Site_4,2026-06-12,present
52,Chatura Sekhon,reliable,Site_5,2026-06-13,absent
52,Chatura Sekhon,reliable,Site_4,2026-06-15,present
52,Chatura Sekhon,reliable,Site_5,2026-06-16,present
52,Chatura Sekhon,reliable,Site_5,2026-06-17,present
52,Chatura Sekhon,reliable,Site_5,2026-06-18,present
52,Chatura Sekhon,reliable,Site_4,2026-06-19,present
52,Chatura Sekhon,reliable,Site_4,2026-06-20,present
52,Chatura Sekhon,reliable,Site_4,2026-06-22,absent
52,Chatura Sekhon,reliable,Site_5,2026-06-23,present
52,Chatura Sekhon,reliable,Site_5,2026-06-24,present
52,Chatura Sekhon,reliable,Site_5,2026-06-25,present
52,Chatura Sekhon,reliable,Site_5,2026-06-26,present
52,Chatura Sekhon,reliable,Site_4,2026-06-27,present
52,Chatura Sekhon,reliable,Site_4,2026-06-29,present
52,Chatura Sekhon,reliable,Site_4,2026-06-30,present
52,Chatura Sekhon,reliable,Site_5,2026-07-01,present
52,Chatura Sekhon,reliable,Site_4,2026-07-02,present
52,Chatura Sekhon,reliable,Site_4,2026-07-03,present
52,Chatura Sekhon,reliable,Site_5,2026-07-04,present
52,Chatura Sekhon,reliable,Site_4,2026-07-06,present
52,Chatura Sekhon,reliable,Site_4,2026-07-07,present
52,Chatura Sekhon,reliable,Site_4,2026-07-08,present
52,Chatura Sekhon,reliable,Site_5,2026-07-09,present
52,Chatura Sekhon,reliable,Site_4,2026-07-10,present
53,Lila Shankar,reliable,Site_9,2026-01-26,present
53,Lila Shankar,reliable,Site_4,2026-01-27,present
53,Lila Shankar,reliable,Site_2,2026-01-28,present
53,Lila Shankar,reliable,Site_9,2026-01-29,present
53,Lila Shankar,reliable,Site_6,2026-01-30,present
53,Lila Shankar,reliable,Site_2,2026-01-31,present
53,Lila Shankar,reliable,Site_2,2026-02-02,present
53,Lila Shankar,reliable,Site_4,2026-02-03,present
53,Lila Shankar,reliable,Site_9,2026-02-04,present
53,Lila Shankar,reliable,Site_6,2026-02-05,present
53,Lila Shankar,reliable,Site_9,2026-02-06,present
53,Lila Shankar,reliable,Site_2,2026-02-07,present
53,Lila Shankar,reliable,Site_2,2026-02-09,present
53,Lila Shankar,reliable,Site_4,2026-02-10,present
53,Lila Shankar,reliable,Site_6,2026-02-11,present
53,Lila Shankar,reliable,Site_4,2026-02-12,present
53,Lila Shankar,reliable,Site_9,2026-02-13,present
53,Lila Shankar,reliable,Site_2,2026-02-14,present
53,Lila Shankar,reliable,Site_9,2026-02-16,present
53,Lila Shankar,reliable,Site_6,2026-02-17,present
53,Lila Shankar,reliable,Site_2,2026-02-18,present
53,Lila Shankar,reliable,Site_2,2026-02-19,present
53,Lila Shankar,reliable,Site_4,2026-02-20,present
53,Lila Shankar,reliable,Site_2,2026-02-21,absent
53,Lila Shankar,reliable,Site_9,2026-02-23,present
53,Lila Shankar,reliable,Site_2,2026-02-24,present
53,Lila Shankar,reliable,Site_9,2026-02-25,absent
53,Lila Shankar,reliable,Site_9,2026-02-26,present
53,Lila Shankar,reliable,Site_9,2026-02-27,absent
53,Lila Shankar,reliable,Site_6,2026-02-28,present
53,Lila Shankar,reliable,Site_2,2026-03-02,present
53,Lila Shankar,reliable,Site_9,2026-03-03,present
53,Lila Shankar,reliable,Site_6,2026-03-04,present
53,Lila Shankar,reliable,Site_4,2026-03-05,present
53,Lila Shankar,reliable,Site_6,2026-03-06,present
53,Lila Shankar,reliable,Site_2,2026-03-07,present
53,Lila Shankar,reliable,Site_9,2026-03-09,present
53,Lila Shankar,reliable,Site_6,2026-03-10,present
53,Lila Shankar,reliable,Site_2,2026-03-11,present
53,Lila Shankar,reliable,Site_2,2026-03-12,present
53,Lila Shankar,reliable,Site_4,2026-03-13,present
53,Lila Shankar,reliable,Site_4,2026-03-14,present
53,Lila Shankar,reliable,Site_2,2026-03-16,present
53,Lila Shankar,reliable,Site_9,2026-03-17,present
53,Lila Shankar,reliable,Site_2,2026-03-18,present
53,Lila Shankar,reliable,Site_4,2026-03-19,absent
53,Lila Shankar,reliable,Site_9,2026-03-20,present
53,Lila Shankar,reliable,Site_4,2026-03-21,present
53,Lila Shankar,reliable,Site_6,2026-03-23,present
53,Lila Shankar,reliable,Site_2,2026-03-24,present
53,Lila Shankar,reliable,Site_9,2026-03-25,present
53,Lila Shankar,reliable,Site_4,2026-03-26,present
53,Lila Shankar,reliable,Site_9,2026-03-27,present
53,Lila Shankar,reliable,Site_2,2026-03-28,present
53,Lila Shankar,reliable,Site_9,2026-03-30,present
53,Lila Shankar,reliable,Site_4,2026-03-31,present
53,Lila Shankar,reliable,Site_9,2026-04-01,present
53,Lila Shankar,reliable,Site_9,2026-04-02,present
53,Lila Shankar,reliable,Site_4,2026-04-03,present
53,Lila Shankar,reliable,Site_4,2026-04-04,present
53,Lila Shankar,reliable,Site_2,2026-04-06,present
53,Lila Shankar,reliable,Site_9,2026-04-07,present
53,Lila Shankar,reliable,Site_4,2026-04-08,present
53,Lila Shankar,reliable,Site_2,2026-04-09,present
53,Lila Shankar,reliable,Site_9,2026-04-10,present
53,Lila Shankar,reliable,Site_2,2026-04-11,present
53,Lila Shankar,reliable,Site_4,2026-04-13,present
53,Lila Shankar,reliable,Site_2,2026-04-14,present
53,Lila Shankar,reliable,Site_4,2026-04-15,present
53,Lila Shankar,reliable,Site_9,2026-04-16,present
53,Lila Shankar,reliable,Site_4,2026-04-17,present
53,Lila Shankar,reliable,Site_2,2026-04-18,present
53,Lila Shankar,reliable,Site_4,2026-04-20,absent
53,Lila Shankar,reliable,Site_2,2026-04-21,present
53,Lila Shankar,reliable,Site_9,2026-04-22,present
53,Lila Shankar,reliable,Site_4,2026-04-23,present
53,Lila Shankar,reliable,Site_2,2026-04-24,present
53,Lila Shankar,reliable,Site_4,2026-04-25,present
53,Lila Shankar,reliable,Site_4,2026-04-27,present
53,Lila Shankar,reliable,Site_4,2026-04-28,present
53,Lila Shankar,reliable,Site_6,2026-04-29,present
53,Lila Shankar,reliable,Site_2,2026-04-30,absent
53,Lila Shankar,reliable,Site_4,2026-05-01,present
53,Lila Shankar,reliable,Site_4,2026-05-02,present
53,Lila Shankar,reliable,Site_6,2026-05-04,absent
53,Lila Shankar,reliable,Site_9,2026-05-05,present
53,Lila Shankar,reliable,Site_9,2026-05-06,present
53,Lila Shankar,reliable,Site_6,2026-05-07,present
53,Lila Shankar,reliable,Site_2,2026-05-08,present
53,Lila Shankar,reliable,Site_4,2026-05-09,present
53,Lila Shankar,reliable,Site_2,2026-05-11,present
53,Lila Shankar,reliable,Site_2,2026-05-12,present
53,Lila Shankar,reliable,Site_2,2026-05-13,absent
53,Lila Shankar,reliable,Site_6,2026-05-14,present
53,Lila Shankar,reliable,Site_9,2026-05-15,present
53,Lila Shankar,reliable,Site_6,2026-05-16,present
53,Lila Shankar,reliable,Site_2,2026-05-18,present
53,Lila Shankar,reliable,Site_4,2026-05-19,present
53,Lila Shankar,reliable,Site_9,2026-05-20,absent
53,Lila Shankar,reliable,Site_2,2026-05-21,absent
53,Lila Shankar,reliable,Site_4,2026-05-22,present
53,Lila Shankar,reliable,Site_6,2026-05-23,present
53,Lila Shankar,reliable,Site_2,2026-05-25,absent
53,Lila Shankar,reliable,Site_2,2026-05-26,present
53,Lila Shankar,reliable,Site_2,2026-05-27,present
53,Lila Shankar,reliable,Site_9,2026-05-28,present
53,Lila Shankar,reliable,Site_2,2026-05-29,present
53,Lila Shankar,reliable,Site_4,2026-05-30,present
53,Lila Shankar,reliable,Site_9,2026-06-01,present
53,Lila Shankar,reliable,Site_4,2026-06-02,present
53,Lila Shankar,reliable,Site_6,2026-06-03,present
53,Lila Shankar,reliable,Site_2,2026-06-04,present
53,Lila Shankar,reliable,Site_2,2026-06-05,present
53,Lila Shankar,reliable,Site_4,2026-06-06,present
53,Lila Shankar,reliable,Site_2,2026-06-08,present
53,Lila Shankar,reliable,Site_4,2026-06-09,present
53,Lila Shankar,reliable,Site_4,2026-06-10,present
53,Lila Shankar,reliable,Site_6,2026-06-11,present
53,Lila Shankar,reliable,Site_9,2026-06-12,present
53,Lila Shankar,reliable,Site_6,2026-06-13,present
53,Lila Shankar,reliable,Site_6,2026-06-15,present
53,Lila Shankar,reliable,Site_4,2026-06-16,present
53,Lila Shankar,reliable,Site_2,2026-06-17,present
53,Lila Shankar,reliable,Site_9,2026-06-18,present
53,Lila Shankar,reliable,Site_9,2026-06-19,present
53,Lila Shankar,reliable,Site_2,2026-06-20,present
53,Lila Shankar,reliable,Site_2,2026-06-22,present
53,Lila Shankar,reliable,Site_2,2026-06-23,present
53,Lila Shankar,reliable,Site_6,2026-06-24,present
53,Lila Shankar,reliable,Site_6,2026-06-25,present
53,Lila Shankar,reliable,Site_2,2026-06-26,present
53,Lila Shankar,reliable,Site_9,2026-06-27,present
53,Lila Shankar,reliable,Site_2,2026-06-29,present
53,Lila Shankar,reliable,Site_6,2026-06-30,present
53,Lila Shankar,reliable,Site_6,2026-07-01,present
53,Lila Shankar,reliable,Site_9,2026-07-02,present
53,Lila Shankar,reliable,Site_2,2026-07-03,present
53,Lila Shankar,reliable,Site_4,2026-07-04,present
53,Lila Shankar,reliable,Site_9,2026-07-06,absent
53,Lila Shankar,reliable,Site_4,2026-07-07,present
53,Lila Shankar,reliable,Site_4,2026-07-08,present
53,Lila Shankar,reliable,Site_4,2026-07-09,present
53,Lila Shankar,reliable,Site_4,2026-07-10,present
54,Adya Mital,reliable,Site_3,2026-01-13,present
54,Adya Mital,reliable,Site_3,2026-01-14,present
54,Adya Mital,reliable,Site_3,2026-01-15,present
54,Adya Mital,reliable,Site_1,2026-01-16,present
54,Adya Mital,reliable,Site_3,2026-01-17,present
54,Adya Mital,reliable,Site_7,2026-01-19,present
54,Adya Mital,reliable,Site_3,2026-01-20,present
54,Adya Mital,reliable,Site_3,2026-01-21,present
54,Adya Mital,reliable,Site_3,2026-01-22,present
54,Adya Mital,reliable,Site_1,2026-01-23,present
54,Adya Mital,reliable,Site_1,2026-01-24,present
54,Adya Mital,reliable,Site_3,2026-01-26,present
54,Adya Mital,reliable,Site_1,2026-01-27,present
54,Adya Mital,reliable,Site_1,2026-01-28,present
54,Adya Mital,reliable,Site_1,2026-01-29,present
54,Adya Mital,reliable,Site_7,2026-01-30,present
54,Adya Mital,reliable,Site_1,2026-01-31,present
54,Adya Mital,reliable,Site_3,2026-02-02,present
54,Adya Mital,reliable,Site_3,2026-02-03,present
54,Adya Mital,reliable,Site_1,2026-02-04,present
54,Adya Mital,reliable,Site_7,2026-02-05,present
54,Adya Mital,reliable,Site_1,2026-02-06,present
54,Adya Mital,reliable,Site_3,2026-02-07,present
54,Adya Mital,reliable,Site_1,2026-02-09,present
54,Adya Mital,reliable,Site_3,2026-02-10,absent
54,Adya Mital,reliable,Site_1,2026-02-11,present
54,Adya Mital,reliable,Site_3,2026-02-12,absent
54,Adya Mital,reliable,Site_1,2026-02-13,present
54,Adya Mital,reliable,Site_3,2026-02-14,present
54,Adya Mital,reliable,Site_7,2026-02-16,present
54,Adya Mital,reliable,Site_1,2026-02-17,present
54,Adya Mital,reliable,Site_3,2026-02-18,present
54,Adya Mital,reliable,Site_7,2026-02-19,present
54,Adya Mital,reliable,Site_7,2026-02-20,present
54,Adya Mital,reliable,Site_1,2026-02-21,present
54,Adya Mital,reliable,Site_1,2026-02-23,present
54,Adya Mital,reliable,Site_7,2026-02-24,present
54,Adya Mital,reliable,Site_3,2026-02-25,present
54,Adya Mital,reliable,Site_7,2026-02-26,present
54,Adya Mital,reliable,Site_7,2026-02-27,present
54,Adya Mital,reliable,Site_1,2026-02-28,present
54,Adya Mital,reliable,Site_7,2026-03-02,present
54,Adya Mital,reliable,Site_7,2026-03-03,present
54,Adya Mital,reliable,Site_7,2026-03-04,present
54,Adya Mital,reliable,Site_7,2026-03-05,present
54,Adya Mital,reliable,Site_1,2026-03-06,present
54,Adya Mital,reliable,Site_3,2026-03-07,present
54,Adya Mital,reliable,Site_1,2026-03-09,present
54,Adya Mital,reliable,Site_1,2026-03-10,present
54,Adya Mital,reliable,Site_3,2026-03-11,present
54,Adya Mital,reliable,Site_1,2026-03-12,present
54,Adya Mital,reliable,Site_1,2026-03-13,present
54,Adya Mital,reliable,Site_3,2026-03-14,absent
54,Adya Mital,reliable,Site_1,2026-03-16,absent
54,Adya Mital,reliable,Site_3,2026-03-17,present
54,Adya Mital,reliable,Site_3,2026-03-18,present
54,Adya Mital,reliable,Site_7,2026-03-19,present
54,Adya Mital,reliable,Site_7,2026-03-20,present
54,Adya Mital,reliable,Site_3,2026-03-21,present
54,Adya Mital,reliable,Site_7,2026-03-23,present
54,Adya Mital,reliable,Site_1,2026-03-24,present
54,Adya Mital,reliable,Site_1,2026-03-25,present
54,Adya Mital,reliable,Site_3,2026-03-26,present
54,Adya Mital,reliable,Site_3,2026-03-27,present
54,Adya Mital,reliable,Site_3,2026-03-28,present
54,Adya Mital,reliable,Site_7,2026-03-30,present
54,Adya Mital,reliable,Site_3,2026-03-31,absent
54,Adya Mital,reliable,Site_7,2026-04-01,present
54,Adya Mital,reliable,Site_7,2026-04-02,present
54,Adya Mital,reliable,Site_7,2026-04-03,present
54,Adya Mital,reliable,Site_1,2026-04-04,present
54,Adya Mital,reliable,Site_1,2026-04-06,present
54,Adya Mital,reliable,Site_1,2026-04-07,present
54,Adya Mital,reliable,Site_3,2026-04-08,present
54,Adya Mital,reliable,Site_7,2026-04-09,present
54,Adya Mital,reliable,Site_3,2026-04-10,present
54,Adya Mital,reliable,Site_1,2026-04-11,present
54,Adya Mital,reliable,Site_3,2026-04-13,present
54,Adya Mital,reliable,Site_1,2026-04-14,present
54,Adya Mital,reliable,Site_3,2026-04-15,absent
54,Adya Mital,reliable,Site_1,2026-04-16,present
54,Adya Mital,reliable,Site_1,2026-04-17,present
54,Adya Mital,reliable,Site_7,2026-04-18,present
54,Adya Mital,reliable,Site_1,2026-04-20,absent
54,Adya Mital,reliable,Site_3,2026-04-21,present
54,Adya Mital,reliable,Site_1,2026-04-22,present
54,Adya Mital,reliable,Site_3,2026-04-23,present
54,Adya Mital,reliable,Site_3,2026-04-24,present
54,Adya Mital,reliable,Site_1,2026-04-25,absent
54,Adya Mital,reliable,Site_7,2026-04-27,present
54,Adya Mital,reliable,Site_7,2026-04-28,present
54,Adya Mital,reliable,Site_7,2026-04-29,present
54,Adya Mital,reliable,Site_7,2026-04-30,present
54,Adya Mital,reliable,Site_7,2026-05-01,present
54,Adya Mital,reliable,Site_1,2026-05-02,present
54,Adya Mital,reliable,Site_1,2026-05-04,present
54,Adya Mital,reliable,Site_1,2026-05-05,present
54,Adya Mital,reliable,Site_3,2026-05-06,present
54,Adya Mital,reliable,Site_7,2026-05-07,present
54,Adya Mital,reliable,Site_3,2026-05-08,present
54,Adya Mital,reliable,Site_1,2026-05-09,present
54,Adya Mital,reliable,Site_7,2026-05-11,present
54,Adya Mital,reliable,Site_7,2026-05-12,present
54,Adya Mital,reliable,Site_3,2026-05-13,present
54,Adya Mital,reliable,Site_3,2026-05-14,present
54,Adya Mital,reliable,Site_1,2026-05-15,present
54,Adya Mital,reliable,Site_3,2026-05-16,present
54,Adya Mital,reliable,Site_3,2026-05-18,present
54,Adya Mital,reliable,Site_3,2026-05-19,present
54,Adya Mital,reliable,Site_1,2026-05-20,present
54,Adya Mital,reliable,Site_1,2026-05-21,present
54,Adya Mital,reliable,Site_1,2026-05-22,present
54,Adya Mital,reliable,Site_1,2026-05-23,present
54,Adya Mital,reliable,Site_3,2026-05-25,present
54,Adya Mital,reliable,Site_3,2026-05-26,present
54,Adya Mital,reliable,Site_3,2026-05-27,absent
54,Adya Mital,reliable,Site_1,2026-05-28,present
54,Adya Mital,reliable,Site_1,2026-05-29,present
54,Adya Mital,reliable,Site_3,2026-05-30,present
54,Adya Mital,reliable,Site_7,2026-06-01,present
54,Adya Mital,reliable,Site_1,2026-06-02,present
54,Adya Mital,reliable,Site_1,2026-06-03,present
54,Adya Mital,reliable,Site_1,2026-06-04,present
54,Adya Mital,reliable,Site_3,2026-06-05,present
54,Adya Mital,reliable,Site_3,2026-06-06,present
54,Adya Mital,reliable,Site_7,2026-06-08,absent
54,Adya Mital,reliable,Site_3,2026-06-09,present
54,Adya Mital,reliable,Site_7,2026-06-10,present
54,Adya Mital,reliable,Site_7,2026-06-11,present
54,Adya Mital,reliable,Site_3,2026-06-12,present
54,Adya Mital,reliable,Site_1,2026-06-13,present
54,Adya Mital,reliable,Site_3,2026-06-15,present
54,Adya Mital,reliable,Site_7,2026-06-16,absent
54,Adya Mital,reliable,Site_3,2026-06-17,present
54,Adya Mital,reliable,Site_3,2026-06-18,present
54,Adya Mital,reliable,Site_7,2026-06-19,present
54,Adya Mital,reliable,Site_3,2026-06-20,present
54,Adya Mital,reliable,Site_1,2026-06-22,present
54,Adya Mital,reliable,Site_3,2026-06-23,present
54,Adya Mital,reliable,Site_7,2026-06-24,present
54,Adya Mital,reliable,Site_7,2026-06-25,present
54,Adya Mital,reliable,Site_1,2026-06-26,present
54,Adya Mital,reliable,Site_1,2026-06-27,present
54,Adya Mital,reliable,Site_1,2026-06-29,present
54,Adya Mital,reliable,Site_3,2026-06-30,present
54,Adya Mital,reliable,Site_3,2026-07-01,present
54,Adya Mital,reliable,Site_7,2026-07-02,present
54,Adya Mital,reliable,Site_1,2026-07-03,present
54,Adya Mital,reliable,Site_7,2026-07-04,present
54,Adya Mital,reliable,Site_1,2026-07-06,present
54,Adya Mital,reliable,Site_3,2026-07-07,present
54,Adya Mital,reliable,Site_1,2026-07-08,present
54,Adya Mital,reliable,Site_7,2026-07-09,present
54,Adya Mital,reliable,Site_7,2026-07-10,absent
55,Qadim Nagarajan,unreliable,Site_9,2026-06-12,present
55,Qadim Nagarajan,unreliable,Site_9,2026-06-13,absent
55,Qadim Nagarajan,unreliable,Site_9,2026-06-15,present
55,Qadim Nagarajan,unreliable,Site_9,2026-06-16,absent
55,Qadim Nagarajan,unreliable,Site_9,2026-06-17,absent
55,Qadim Nagarajan,unreliable,Site_9,2026-06-18,present
55,Qadim Nagarajan,unreliable,Site_9,2026-06-19,absent
55,Qadim Nagarajan,unreliable,Site_9,2026-06-20,absent
55,Qadim Nagarajan,unreliable,Site_9,2026-06-22,absent
55,Qadim Nagarajan,unreliable,Site_9,2026-06-23,present
55,Qadim Nagarajan,unreliable,Site_9,2026-06-24,absent
55,Qadim Nagarajan,unreliable,Site_9,2026-06-25,absent
55,Qadim Nagarajan,unreliable,Site_9,2026-06-26,absent
55,Qadim Nagarajan,unreliable,Site_9,2026-06-27,absent
55,Qadim Nagarajan,unreliable,Site_9,2026-06-29,absent
55,Qadim Nagarajan,unreliable,Site_9,2026-06-30,present
55,Qadim Nagarajan,unreliable,Site_9,2026-07-01,absent
55,Qadim Nagarajan,unreliable,Site_9,2026-07-02,present
55,Qadim Nagarajan,unreliable,Site_9,2026-07-03,absent
55,Qadim Nagarajan,unreliable,Site_9,2026-07-04,present
55,Qadim Nagarajan,unreliable,Site_9,2026-07-06,present
55,Qadim Nagarajan,unreliable,Site_9,2026-07-07,absent
55,Qadim Nagarajan,unreliable,Site_9,2026-07-08,present
55,Qadim Nagarajan,unreliable,Site_9,2026-07-09,absent
55,Qadim Nagarajan,unreliable,Site_9,2026-07-10,absent
56,Tamanna Bajaj,moderate,Site_10,2026-03-21,present
56,Tamanna Bajaj,moderate,Site_4,2026-03-23,present
56,Tamanna Bajaj,moderate,Site_4,2026-03-24,absent
56,Tamanna Bajaj,moderate,Site_10,2026-03-25,present
56,Tamanna Bajaj,moderate,Site_10,2026-03-26,present
56,Tamanna Bajaj,moderate,Site_4,2026-03-27,present
56,Tamanna Bajaj,moderate,Site_10,2026-03-28,present
56,Tamanna Bajaj,moderate,Site_10,2026-03-30,present
56,Tamanna Bajaj,moderate,Site_10,2026-03-31,present
56,Tamanna Bajaj,moderate,Site_10,2026-04-01,present
56,Tamanna Bajaj,moderate,Site_10,2026-04-02,present
56,Tamanna Bajaj,moderate,Site_10,2026-04-03,absent
56,Tamanna Bajaj,moderate,Site_4,2026-04-04,present
56,Tamanna Bajaj,moderate,Site_10,2026-04-06,absent
56,Tamanna Bajaj,moderate,Site_4,2026-04-07,present
56,Tamanna Bajaj,moderate,Site_4,2026-04-08,present
56,Tamanna Bajaj,moderate,Site_4,2026-04-09,present
56,Tamanna Bajaj,moderate,Site_10,2026-04-10,present
56,Tamanna Bajaj,moderate,Site_4,2026-04-11,present
56,Tamanna Bajaj,moderate,Site_10,2026-04-13,present
56,Tamanna Bajaj,moderate,Site_10,2026-04-14,present
56,Tamanna Bajaj,moderate,Site_4,2026-04-15,present
56,Tamanna Bajaj,moderate,Site_4,2026-04-16,present
56,Tamanna Bajaj,moderate,Site_10,2026-04-17,present
56,Tamanna Bajaj,moderate,Site_4,2026-04-18,present
56,Tamanna Bajaj,moderate,Site_4,2026-04-20,present
56,Tamanna Bajaj,moderate,Site_10,2026-04-21,present
56,Tamanna Bajaj,moderate,Site_4,2026-04-22,absent
56,Tamanna Bajaj,moderate,Site_10,2026-04-23,present
56,Tamanna Bajaj,moderate,Site_10,2026-04-24,present
56,Tamanna Bajaj,moderate,Site_4,2026-04-25,present
56,Tamanna Bajaj,moderate,Site_4,2026-04-27,present
56,Tamanna Bajaj,moderate,Site_10,2026-04-28,present
56,Tamanna Bajaj,moderate,Site_10,2026-04-29,absent
56,Tamanna Bajaj,moderate,Site_4,2026-04-30,present
56,Tamanna Bajaj,moderate,Site_4,2026-05-01,present
56,Tamanna Bajaj,moderate,Site_4,2026-05-02,present
56,Tamanna Bajaj,moderate,Site_4,2026-05-04,present
56,Tamanna Bajaj,moderate,Site_10,2026-05-05,present
56,Tamanna Bajaj,moderate,Site_4,2026-05-06,present
56,Tamanna Bajaj,moderate,Site_4,2026-05-07,present
56,Tamanna Bajaj,moderate,Site_10,2026-05-08,present
56,Tamanna Bajaj,moderate,Site_10,2026-05-09,present
56,Tamanna Bajaj,moderate,Site_10,2026-05-11,present
56,Tamanna Bajaj,moderate,Site_4,2026-05-12,present
56,Tamanna Bajaj,moderate,Site_4,2026-05-13,present
56,Tamanna Bajaj,moderate,Site_10,2026-05-14,present
56,Tamanna Bajaj,moderate,Site_4,2026-05-15,present
56,Tamanna Bajaj,moderate,Site_4,2026-05-16,present
56,Tamanna Bajaj,moderate,Site_10,2026-05-18,absent
56,Tamanna Bajaj,moderate,Site_4,2026-05-19,present
56,Tamanna Bajaj,moderate,Site_4,2026-05-20,present
56,Tamanna Bajaj,moderate,Site_4,2026-05-21,present
56,Tamanna Bajaj,moderate,Site_4,2026-05-22,present
56,Tamanna Bajaj,moderate,Site_10,2026-05-23,present
56,Tamanna Bajaj,moderate,Site_4,2026-05-25,present
56,Tamanna Bajaj,moderate,Site_4,2026-05-26,present
56,Tamanna Bajaj,moderate,Site_10,2026-05-27,present
56,Tamanna Bajaj,moderate,Site_4,2026-05-28,present
56,Tamanna Bajaj,moderate,Site_10,2026-05-29,present
56,Tamanna Bajaj,moderate,Site_10,2026-05-30,present
56,Tamanna Bajaj,moderate,Site_10,2026-06-01,present
56,Tamanna Bajaj,moderate,Site_10,2026-06-02,absent
56,Tamanna Bajaj,moderate,Site_4,2026-06-03,present
56,Tamanna Bajaj,moderate,Site_10,2026-06-04,absent
56,Tamanna Bajaj,moderate,Site_4,2026-06-05,present
56,Tamanna Bajaj,moderate,Site_10,2026-06-06,present
56,Tamanna Bajaj,moderate,Site_10,2026-06-08,present
56,Tamanna Bajaj,moderate,Site_4,2026-06-09,absent
56,Tamanna Bajaj,moderate,Site_10,2026-06-10,present
56,Tamanna Bajaj,moderate,Site_10,2026-06-11,present
56,Tamanna Bajaj,moderate,Site_10,2026-06-12,present
56,Tamanna Bajaj,moderate,Site_10,2026-06-13,present
56,Tamanna Bajaj,moderate,Site_4,2026-06-15,present
56,Tamanna Bajaj,moderate,Site_10,2026-06-16,present
56,Tamanna Bajaj,moderate,Site_10,2026-06-17,present
56,Tamanna Bajaj,moderate,Site_10,2026-06-18,present
56,Tamanna Bajaj,moderate,Site_4,2026-06-19,present
56,Tamanna Bajaj,moderate,Site_10,2026-06-20,present
56,Tamanna Bajaj,moderate,Site_4,2026-06-22,present
56,Tamanna Bajaj,moderate,Site_10,2026-06-23,present
56,Tamanna Bajaj,moderate,Site_10,2026-06-24,present
56,Tamanna Bajaj,moderate,Site_4,2026-06-25,present
56,Tamanna Bajaj,moderate,Site_4,2026-06-26,present
56,Tamanna Bajaj,moderate,Site_10,2026-06-27,present
56,Tamanna Bajaj,moderate,Site_10,2026-06-29,present
56,Tamanna Bajaj,moderate,Site_10,2026-06-30,present
56,Tamanna Bajaj,moderate,Site_10,2026-07-01,present
56,Tamanna Bajaj,moderate,Site_10,2026-07-02,present
56,Tamanna Bajaj,moderate,Site_4,2026-07-03,present
56,Tamanna Bajaj,moderate,Site_4,2026-07-04,present
56,Tamanna Bajaj,moderate,Site_4,2026-07-06,present
56,Tamanna Bajaj,moderate,Site_4,2026-07-07,absent
56,Tamanna Bajaj,moderate,Site_4,2026-07-08,present
56,Tamanna Bajaj,moderate,Site_4,2026-07-09,absent
56,Tamanna Bajaj,moderate,Site_4,2026-07-10,absent
57,Unnati Sridhar,new,Site_10,2026-07-06,present
57,Unnati Sridhar,new,Site_10,2026-07-07,present
57,Unnati Sridhar,new,Site_10,2026-07-08,absent
57,Unnati Sridhar,new,Site_10,2026-07-09,present
57,Unnati Sridhar,new,Site_10,2026-07-10,absent
58,Barkha Amble,reliable,Site_2,2026-02-14,present
58,Barkha Amble,reliable,Site_2,2026-02-16,present
58,Barkha Amble,reliable,Site_2,2026-02-17,present
58,Barkha Amble,reliable,Site_5,2026-02-18,present
58,Barkha Amble,reliable,Site_5,2026-02-19,present
58,Barkha Amble,reliable,Site_2,2026-02-20,present
58,Barkha Amble,reliable,Site_5,2026-02-21,present
58,Barkha Amble,reliable,Site_5,2026-02-23,present
58,Barkha Amble,reliable,Site_5,2026-02-24,present
58,Barkha Amble,reliable,Site_5,2026-02-25,absent
58,Barkha Amble,reliable,Site_2,2026-02-26,present
58,Barkha Amble,reliable,Site_2,2026-02-27,present
58,Barkha Amble,reliable,Site_2,2026-02-28,present
58,Barkha Amble,reliable,Site_2,2026-03-02,present
58,Barkha Amble,reliable,Site_2,2026-03-03,present
58,Barkha Amble,reliable,Site_2,2026-03-04,present
58,Barkha Amble,reliable,Site_2,2026-03-05,present
58,Barkha Amble,reliable,Site_5,2026-03-06,absent
58,Barkha Amble,reliable,Site_5,2026-03-07,present
58,Barkha Amble,reliable,Site_5,2026-03-09,present
58,Barkha Amble,reliable,Site_2,2026-03-10,present
58,Barkha Amble,reliable,Site_5,2026-03-11,present
58,Barkha Amble,reliable,Site_5,2026-03-12,present
58,Barkha Amble,reliable,Site_5,2026-03-13,present
58,Barkha Amble,reliable,Site_5,2026-03-14,present
58,Barkha Amble,reliable,Site_5,2026-03-16,absent
58,Barkha Amble,reliable,Site_5,2026-03-17,present
58,Barkha Amble,reliable,Site_5,2026-03-18,present
58,Barkha Amble,reliable,Site_2,2026-03-19,absent
58,Barkha Amble,reliable,Site_5,2026-03-20,present
58,Barkha Amble,reliable,Site_2,2026-03-21,present
58,Barkha Amble,reliable,Site_2,2026-03-23,present
58,Barkha Amble,reliable,Site_2,2026-03-24,present
58,Barkha Amble,reliable,Site_5,2026-03-25,present
58,Barkha Amble,reliable,Site_2,2026-03-26,absent
58,Barkha Amble,reliable,Site_5,2026-03-27,present
58,Barkha Amble,reliable,Site_2,2026-03-28,present
58,Barkha Amble,reliable,Site_5,2026-03-30,present
58,Barkha Amble,reliable,Site_2,2026-03-31,present
58,Barkha Amble,reliable,Site_2,2026-04-01,present
58,Barkha Amble,reliable,Site_2,2026-04-02,present
58,Barkha Amble,reliable,Site_2,2026-04-03,present
58,Barkha Amble,reliable,Site_5,2026-04-04,present
58,Barkha Amble,reliable,Site_2,2026-04-06,present
58,Barkha Amble,reliable,Site_2,2026-04-07,present
58,Barkha Amble,reliable,Site_2,2026-04-08,absent
58,Barkha Amble,reliable,Site_5,2026-04-09,present
58,Barkha Amble,reliable,Site_2,2026-04-10,absent
58,Barkha Amble,reliable,Site_2,2026-04-11,present
58,Barkha Amble,reliable,Site_5,2026-04-13,present
58,Barkha Amble,reliable,Site_2,2026-04-14,present
58,Barkha Amble,reliable,Site_2,2026-04-15,present
58,Barkha Amble,reliable,Site_2,2026-04-16,present
58,Barkha Amble,reliable,Site_5,2026-04-17,present
58,Barkha Amble,reliable,Site_5,2026-04-18,present
58,Barkha Amble,reliable,Site_5,2026-04-20,present
58,Barkha Amble,reliable,Site_5,2026-04-21,present
58,Barkha Amble,reliable,Site_5,2026-04-22,present
58,Barkha Amble,reliable,Site_5,2026-04-23,present
58,Barkha Amble,reliable,Site_5,2026-04-24,present
58,Barkha Amble,reliable,Site_2,2026-04-25,present
58,Barkha Amble,reliable,Site_2,2026-04-27,present
58,Barkha Amble,reliable,Site_2,2026-04-28,present
58,Barkha Amble,reliable,Site_5,2026-04-29,present
58,Barkha Amble,reliable,Site_2,2026-04-30,present
58,Barkha Amble,reliable,Site_5,2026-05-01,present
58,Barkha Amble,reliable,Site_5,2026-05-02,present
58,Barkha Amble,reliable,Site_2,2026-05-04,present
58,Barkha Amble,reliable,Site_2,2026-05-05,present
58,Barkha Amble,reliable,Site_2,2026-05-06,present
58,Barkha Amble,reliable,Site_5,2026-05-07,present
58,Barkha Amble,reliable,Site_5,2026-05-08,absent
58,Barkha Amble,reliable,Site_2,2026-05-09,present
58,Barkha Amble,reliable,Site_2,2026-05-11,present
58,Barkha Amble,reliable,Site_2,2026-05-12,present
58,Barkha Amble,reliable,Site_2,2026-05-13,present
58,Barkha Amble,reliable,Site_5,2026-05-14,present
58,Barkha Amble,reliable,Site_2,2026-05-15,present
58,Barkha Amble,reliable,Site_5,2026-05-16,present
58,Barkha Amble,reliable,Site_5,2026-05-18,present
58,Barkha Amble,reliable,Site_5,2026-05-19,present
58,Barkha Amble,reliable,Site_2,2026-05-20,present
58,Barkha Amble,reliable,Site_5,2026-05-21,present
58,Barkha Amble,reliable,Site_2,2026-05-22,present
58,Barkha Amble,reliable,Site_5,2026-05-23,present
58,Barkha Amble,reliable,Site_2,2026-05-25,present
58,Barkha Amble,reliable,Site_2,2026-05-26,present
58,Barkha Amble,reliable,Site_2,2026-05-27,present
58,Barkha Amble,reliable,Site_2,2026-05-28,absent
58,Barkha Amble,reliable,Site_5,2026-05-29,present
58,Barkha Amble,reliable,Site_2,2026-05-30,absent
58,Barkha Amble,reliable,Site_2,2026-06-01,present
58,Barkha Amble,reliable,Site_5,2026-06-02,present
58,Barkha Amble,reliable,Site_5,2026-06-03,present
58,Barkha Amble,reliable,Site_2,2026-06-04,present
58,Barkha Amble,reliable,Site_2,2026-06-05,present
58,Barkha Amble,reliable,Site_2,2026-06-06,absent
58,Barkha Amble,reliable,Site_5,2026-06-08,present
58,Barkha Amble,reliable,Site_2,2026-06-09,present
58,Barkha Amble,reliable,Site_5,2026-06-10,present
58,Barkha Amble,reliable,Site_5,2026-06-11,absent
58,Barkha Amble,reliable,Site_5,2026-06-12,present
58,Barkha Amble,reliable,Site_5,2026-06-13,present
58,Barkha Amble,reliable,Site_5,2026-06-15,present
58,Barkha Amble,reliable,Site_5,2026-06-16,present
58,Barkha Amble,reliable,Site_5,2026-06-17,present
58,Barkha Amble,reliable,Site_5,2026-06-18,absent
58,Barkha Amble,reliable,Site_2,2026-06-19,present
58,Barkha Amble,reliable,Site_2,2026-06-20,present
58,Barkha Amble,reliable,Site_5,2026-06-22,present
58,Barkha Amble,reliable,Site_2,2026-06-23,present
58,Barkha Amble,reliable,Site_2,2026-06-24,present
58,Barkha Amble,reliable,Site_2,2026-06-25,present
58,Barkha Amble,reliable,Site_2,2026-06-26,present
58,Barkha Amble,reliable,Site_5,2026-06-27,present
58,Barkha Amble,reliable,Site_2,2026-06-29,present
58,Barkha Amble,reliable,Site_5,2026-06-30,present
58,Barkha Amble,reliable,Site_2,2026-07-01,present
58,Barkha Amble,reliable,Site_2,2026-07-02,present
58,Barkha Amble,reliable,Site_5,2026-07-03,present
58,Barkha Amble,reliable,Site_5,2026-07-04,absent
58,Barkha Amble,reliable,Site_5,2026-07-06,present
58,Barkha Amble,reliable,Site_2,2026-07-07,present
58,Barkha Amble,reliable,Site_5,2026-07-08,present
58,Barkha Amble,reliable,Site_5,2026-07-09,present
58,Barkha Amble,reliable,Site_2,2026-07-10,present
59,Rajata Mahajan,reliable,Site_4,2026-02-06,present
59,Rajata Mahajan,reliable,Site_4,2026-02-07,absent
59,Rajata Mahajan,reliable,Site_8,2026-02-09,present
59,Rajata Mahajan,reliable,Site_8,2026-02-10,present
59,Rajata Mahajan,reliable,Site_4,2026-02-11,present
59,Rajata Mahajan,reliable,Site_8,2026-02-12,present
59,Rajata Mahajan,reliable,Site_8,2026-02-13,present
59,Rajata Mahajan,reliable,Site_4,2026-02-14,present
59,Rajata Mahajan,reliable,Site_2,2026-02-16,present
59,Rajata Mahajan,reliable,Site_4,2026-02-17,present
59,Rajata Mahajan,reliable,Site_2,2026-02-18,present
59,Rajata Mahajan,reliable,Site_4,2026-02-19,present
59,Rajata Mahajan,reliable,Site_8,2026-02-20,present
59,Rajata Mahajan,reliable,Site_8,2026-02-21,present
59,Rajata Mahajan,reliable,Site_2,2026-02-23,present
59,Rajata Mahajan,reliable,Site_4,2026-02-24,present
59,Rajata Mahajan,reliable,Site_4,2026-02-25,present
59,Rajata Mahajan,reliable,Site_8,2026-02-26,present
59,Rajata Mahajan,reliable,Site_2,2026-02-27,present
59,Rajata Mahajan,reliable,Site_8,2026-02-28,present
59,Rajata Mahajan,reliable,Site_8,2026-03-02,present
59,Rajata Mahajan,reliable,Site_8,2026-03-03,present
59,Rajata Mahajan,reliable,Site_4,2026-03-04,present
59,Rajata Mahajan,reliable,Site_4,2026-03-05,present
59,Rajata Mahajan,reliable,Site_8,2026-03-06,present
59,Rajata Mahajan,reliable,Site_8,2026-03-07,present
59,Rajata Mahajan,reliable,Site_8,2026-03-09,present
59,Rajata Mahajan,reliable,Site_8,2026-03-10,present
59,Rajata Mahajan,reliable,Site_8,2026-03-11,present
59,Rajata Mahajan,reliable,Site_4,2026-03-12,present
59,Rajata Mahajan,reliable,Site_2,2026-03-13,present
59,Rajata Mahajan,reliable,Site_2,2026-03-14,present
59,Rajata Mahajan,reliable,Site_8,2026-03-16,present
59,Rajata Mahajan,reliable,Site_8,2026-03-17,present
59,Rajata Mahajan,reliable,Site_2,2026-03-18,present
59,Rajata Mahajan,reliable,Site_2,2026-03-19,present
59,Rajata Mahajan,reliable,Site_2,2026-03-20,present
59,Rajata Mahajan,reliable,Site_8,2026-03-21,absent
59,Rajata Mahajan,reliable,Site_4,2026-03-23,present
59,Rajata Mahajan,reliable,Site_8,2026-03-24,present
59,Rajata Mahajan,reliable,Site_4,2026-03-25,present
59,Rajata Mahajan,reliable,Site_2,2026-03-26,present
59,Rajata Mahajan,reliable,Site_4,2026-03-27,present
59,Rajata Mahajan,reliable,Site_8,2026-03-28,present
59,Rajata Mahajan,reliable,Site_2,2026-03-30,present
59,Rajata Mahajan,reliable,Site_8,2026-03-31,present
59,Rajata Mahajan,reliable,Site_8,2026-04-01,present
59,Rajata Mahajan,reliable,Site_2,2026-04-02,present
59,Rajata Mahajan,reliable,Site_8,2026-04-03,present
59,Rajata Mahajan,reliable,Site_2,2026-04-04,present
59,Rajata Mahajan,reliable,Site_2,2026-04-06,present
59,Rajata Mahajan,reliable,Site_4,2026-04-07,present
59,Rajata Mahajan,reliable,Site_2,2026-04-08,present
59,Rajata Mahajan,reliable,Site_4,2026-04-09,present
59,Rajata Mahajan,reliable,Site_4,2026-04-10,present
59,Rajata Mahajan,reliable,Site_8,2026-04-11,present
59,Rajata Mahajan,reliable,Site_8,2026-04-13,present
59,Rajata Mahajan,reliable,Site_4,2026-04-14,present
59,Rajata Mahajan,reliable,Site_4,2026-04-15,present
59,Rajata Mahajan,reliable,Site_2,2026-04-16,present
59,Rajata Mahajan,reliable,Site_2,2026-04-17,present
59,Rajata Mahajan,reliable,Site_8,2026-04-18,present
59,Rajata Mahajan,reliable,Site_2,2026-04-20,present
59,Rajata Mahajan,reliable,Site_4,2026-04-21,present
59,Rajata Mahajan,reliable,Site_4,2026-04-22,absent
59,Rajata Mahajan,reliable,Site_8,2026-04-23,absent
59,Rajata Mahajan,reliable,Site_2,2026-04-24,present
59,Rajata Mahajan,reliable,Site_4,2026-04-25,present
59,Rajata Mahajan,reliable,Site_2,2026-04-27,present
59,Rajata Mahajan,reliable,Site_8,2026-04-28,present
59,Rajata Mahajan,reliable,Site_8,2026-04-29,present
59,Rajata Mahajan,reliable,Site_2,2026-04-30,present
59,Rajata Mahajan,reliable,Site_2,2026-05-01,present
59,Rajata Mahajan,reliable,Site_2,2026-05-02,present
59,Rajata Mahajan,reliable,Site_2,2026-05-04,present
59,Rajata Mahajan,reliable,Site_8,2026-05-05,present
59,Rajata Mahajan,reliable,Site_4,2026-05-06,present
59,Rajata Mahajan,reliable,Site_2,2026-05-07,present
59,Rajata Mahajan,reliable,Site_4,2026-05-08,present
59,Rajata Mahajan,reliable,Site_8,2026-05-09,present
59,Rajata Mahajan,reliable,Site_8,2026-05-11,present
59,Rajata Mahajan,reliable,Site_4,2026-05-12,present
59,Rajata Mahajan,reliable,Site_4,2026-05-13,present
59,Rajata Mahajan,reliable,Site_4,2026-05-14,present
59,Rajata Mahajan,reliable,Site_8,2026-05-15,present
59,Rajata Mahajan,reliable,Site_8,2026-05-16,present
59,Rajata Mahajan,reliable,Site_4,2026-05-18,present
59,Rajata Mahajan,reliable,Site_8,2026-05-19,present
59,Rajata Mahajan,reliable,Site_2,2026-05-20,present
59,Rajata Mahajan,reliable,Site_4,2026-05-21,present
59,Rajata Mahajan,reliable,Site_4,2026-05-22,present
59,Rajata Mahajan,reliable,Site_8,2026-05-23,present
59,Rajata Mahajan,reliable,Site_4,2026-05-25,present
59,Rajata Mahajan,reliable,Site_8,2026-05-26,present
59,Rajata Mahajan,reliable,Site_2,2026-05-27,present
59,Rajata Mahajan,reliable,Site_4,2026-05-28,present
59,Rajata Mahajan,reliable,Site_2,2026-05-29,present
59,Rajata Mahajan,reliable,Site_2,2026-05-30,present
59,Rajata Mahajan,reliable,Site_4,2026-06-01,present
59,Rajata Mahajan,reliable,Site_4,2026-06-02,present
59,Rajata Mahajan,reliable,Site_8,2026-06-03,present
59,Rajata Mahajan,reliable,Site_8,2026-06-04,present
59,Rajata Mahajan,reliable,Site_2,2026-06-05,present
59,Rajata Mahajan,reliable,Site_4,2026-06-06,present
59,Rajata Mahajan,reliable,Site_2,2026-06-08,present
59,Rajata Mahajan,reliable,Site_2,2026-06-09,present
59,Rajata Mahajan,reliable,Site_4,2026-06-10,present
59,Rajata Mahajan,reliable,Site_4,2026-06-11,present
59,Rajata Mahajan,reliable,Site_4,2026-06-12,present
59,Rajata Mahajan,reliable,Site_8,2026-06-13,present
59,Rajata Mahajan,reliable,Site_4,2026-06-15,present
59,Rajata Mahajan,reliable,Site_4,2026-06-16,present
59,Rajata Mahajan,reliable,Site_8,2026-06-17,present
59,Rajata Mahajan,reliable,Site_4,2026-06-18,present
59,Rajata Mahajan,reliable,Site_8,2026-06-19,present
59,Rajata Mahajan,reliable,Site_8,2026-06-20,present
59,Rajata Mahajan,reliable,Site_8,2026-06-22,present
59,Rajata Mahajan,reliable,Site_8,2026-06-23,present
59,Rajata Mahajan,reliable,Site_8,2026-06-24,present
59,Rajata Mahajan,reliable,Site_4,2026-06-25,present
59,Rajata Mahajan,reliable,Site_4,2026-06-26,present
59,Rajata Mahajan,reliable,Site_2,2026-06-27,present
59,Rajata Mahajan,reliable,Site_4,2026-06-29,present
59,Rajata Mahajan,reliable,Site_4,2026-06-30,present
59,Rajata Mahajan,reliable,Site_2,2026-07-01,present
59,Rajata Mahajan,reliable,Site_8,2026-07-02,present
59,Rajata Mahajan,reliable,Site_4,2026-07-03,present
59,Rajata Mahajan,reliable,Site_2,2026-07-04,present
59,Rajata Mahajan,reliable,Site_8,2026-07-06,present
59,Rajata Mahajan,reliable,Site_8,2026-07-07,present
59,Rajata Mahajan,reliable,Site_4,2026-07-08,absent
59,Rajata Mahajan,reliable,Site_4,2026-07-09,present
59,Rajata Mahajan,reliable,Site_8,2026-07-10,present
60,Bahadurjit Bhagat,new,Site_2,2026-06-29,present
60,Bahadurjit Bhagat,new,Site_2,2026-06-30,absent
60,Bahadurjit Bhagat,new,Site_2,2026-07-01,present
60,Bahadurjit Bhagat,new,Site_2,2026-07-02,present
60,Bahadurjit Bhagat,new,Site_2,2026-07-03,present
60,Bahadurjit Bhagat,new,Site_2,2026-07-04,present
60,Bahadurjit Bhagat,new,Site_2,2026-07-06,present
60,Bahadurjit Bhagat,new,Site_2,2026-07-07,absent
60,Bahadurjit Bhagat,new,Site_2,2026-07-08,present
60,Bahadurjit Bhagat,new,Site_2,2026-07-09,absent
60,Bahadurjit Bhagat,new,Site_2,2026-07-10,present
61,Devansh Dara,unreliable,Site_2,2026-06-13,present
61,Devansh Dara,unreliable,Site_2,2026-06-15,absent
61,Devansh Dara,unreliable,Site_2,2026-06-16,absent
61,Devansh Dara,unreliable,Site_2,2026-06-17,present
61,Devansh Dara,unreliable,Site_2,2026-06-18,present
61,Devansh Dara,unreliable,Site_2,2026-06-19,present
61,Devansh Dara,unreliable,Site_2,2026-06-20,absent
61,Devansh Dara,unreliable,Site_2,2026-06-22,present
61,Devansh Dara,unreliable,Site_2,2026-06-23,absent
61,Devansh Dara,unreliable,Site_2,2026-06-24,present
61,Devansh Dara,unreliable,Site_2,2026-06-25,absent
61,Devansh Dara,unreliable,Site_2,2026-06-26,absent
61,Devansh Dara,unreliable,Site_2,2026-06-27,present
61,Devansh Dara,unreliable,Site_2,2026-06-29,present
61,Devansh Dara,unreliable,Site_2,2026-06-30,absent
61,Devansh Dara,unreliable,Site_2,2026-07-01,absent
61,Devansh Dara,unreliable,Site_2,2026-07-02,present
61,Devansh Dara,unreliable,Site_2,2026-07-03,absent
61,Devansh Dara,unreliable,Site_2,2026-07-04,present
61,Devansh Dara,unreliable,Site_2,2026-07-06,absent
61,Devansh Dara,unreliable,Site_2,2026-07-07,absent
61,Devansh Dara,unreliable,Site_2,2026-07-08,absent
61,Devansh Dara,unreliable,Site_2,2026-07-09,present
61,Devansh Dara,unreliable,Site_2,2026-07-10,present
62,Balhaar Talwar,reliable,Site_7,2026-02-28,absent
62,Balhaar Talwar,reliable,Site_9,2026-03-02,present
62,Balhaar Talwar,reliable,Site_10,2026-03-03,absent
62,Balhaar Talwar,reliable,Site_7,2026-03-04,absent
62,Balhaar Talwar,reliable,Site_10,2026-03-05,absent
62,Balhaar Talwar,reliable,Site_10,2026-03-06,present
62,Balhaar Talwar,reliable,Site_7,2026-03-07,present
62,Balhaar Talwar,reliable,Site_6,2026-03-09,present
62,Balhaar Talwar,reliable,Site_9,2026-03-10,absent
62,Balhaar Talwar,reliable,Site_9,2026-03-11,present
62,Balhaar Talwar,reliable,Site_10,2026-03-12,present
62,Balhaar Talwar,reliable,Site_7,2026-03-13,present
62,Balhaar Talwar,reliable,Site_9,2026-03-14,present
62,Balhaar Talwar,reliable,Site_7,2026-03-16,present
62,Balhaar Talwar,reliable,Site_9,2026-03-17,present
62,Balhaar Talwar,reliable,Site_9,2026-03-18,absent
62,Balhaar Talwar,reliable,Site_10,2026-03-19,present
62,Balhaar Talwar,reliable,Site_7,2026-03-20,present
62,Balhaar Talwar,reliable,Site_9,2026-03-21,present
62,Balhaar Talwar,reliable,Site_6,2026-03-23,present
62,Balhaar Talwar,reliable,Site_7,2026-03-24,present
62,Balhaar Talwar,reliable,Site_7,2026-03-25,present
62,Balhaar Talwar,reliable,Site_10,2026-03-26,present
62,Balhaar Talwar,reliable,Site_6,2026-03-27,present
62,Balhaar Talwar,reliable,Site_7,2026-03-28,present
62,Balhaar Talwar,reliable,Site_9,2026-03-30,present
62,Balhaar Talwar,reliable,Site_10,2026-03-31,present
62,Balhaar Talwar,reliable,Site_10,2026-04-01,absent
62,Balhaar Talwar,reliable,Site_9,2026-04-02,present
62,Balhaar Talwar,reliable,Site_10,2026-04-03,present
62,Balhaar Talwar,reliable,Site_9,2026-04-04,present
62,Balhaar Talwar,reliable,Site_7,2026-04-06,present
62,Balhaar Talwar,reliable,Site_9,2026-04-07,present
62,Balhaar Talwar,reliable,Site_6,2026-04-08,present
62,Balhaar Talwar,reliable,Site_10,2026-04-09,present
62,Balhaar Talwar,reliable,Site_6,2026-04-10,present
62,Balhaar Talwar,reliable,Site_6,2026-04-11,present
62,Balhaar Talwar,reliable,Site_9,2026-04-13,present
62,Balhaar Talwar,reliable,Site_7,2026-04-14,present
62,Balhaar Talwar,reliable,Site_10,2026-04-15,present
62,Balhaar Talwar,reliable,Site_9,2026-04-16,present
62,Balhaar Talwar,reliable,Site_6,2026-04-17,present
62,Balhaar Talwar,reliable,Site_10,2026-04-18,present
62,Balhaar Talwar,reliable,Site_7,2026-04-20,absent
62,Balhaar Talwar,reliable,Site_9,2026-04-21,present
62,Balhaar Talwar,reliable,Site_6,2026-04-22,present
62,Balhaar Talwar,reliable,Site_10,2026-04-23,present
62,Balhaar Talwar,reliable,Site_9,2026-04-24,present
62,Balhaar Talwar,reliable,Site_7,2026-04-25,present
62,Balhaar Talwar,reliable,Site_7,2026-04-27,present
62,Balhaar Talwar,reliable,Site_7,2026-04-28,present
62,Balhaar Talwar,reliable,Site_9,2026-04-29,present
62,Balhaar Talwar,reliable,Site_6,2026-04-30,present
62,Balhaar Talwar,reliable,Site_10,2026-05-01,present
62,Balhaar Talwar,reliable,Site_9,2026-05-02,present
62,Balhaar Talwar,reliable,Site_6,2026-05-04,present
62,Balhaar Talwar,reliable,Site_6,2026-05-05,present
62,Balhaar Talwar,reliable,Site_6,2026-05-06,absent
62,Balhaar Talwar,reliable,Site_6,2026-05-07,present
62,Balhaar Talwar,reliable,Site_9,2026-05-08,present
62,Balhaar Talwar,reliable,Site_6,2026-05-09,present
62,Balhaar Talwar,reliable,Site_7,2026-05-11,present
62,Balhaar Talwar,reliable,Site_9,2026-05-12,present
62,Balhaar Talwar,reliable,Site_7,2026-05-13,present
62,Balhaar Talwar,reliable,Site_10,2026-05-14,present
62,Balhaar Talwar,reliable,Site_9,2026-05-15,present
62,Balhaar Talwar,reliable,Site_7,2026-05-16,present
62,Balhaar Talwar,reliable,Site_9,2026-05-18,present
62,Balhaar Talwar,reliable,Site_7,2026-05-19,present
62,Balhaar Talwar,reliable,Site_6,2026-05-20,present
62,Balhaar Talwar,reliable,Site_7,2026-05-21,present
62,Balhaar Talwar,reliable,Site_10,2026-05-22,absent
62,Balhaar Talwar,reliable,Site_6,2026-05-23,present
62,Balhaar Talwar,reliable,Site_7,2026-05-25,present
62,Balhaar Talwar,reliable,Site_6,2026-05-26,present
62,Balhaar Talwar,reliable,Site_9,2026-05-27,present
62,Balhaar Talwar,reliable,Site_6,2026-05-28,present
62,Balhaar Talwar,reliable,Site_9,2026-05-29,present
62,Balhaar Talwar,reliable,Site_7,2026-05-30,present
62,Balhaar Talwar,reliable,Site_6,2026-06-01,present
62,Balhaar Talwar,reliable,Site_9,2026-06-02,present
62,Balhaar Talwar,reliable,Site_10,2026-06-03,present
62,Balhaar Talwar,reliable,Site_10,2026-06-04,present
62,Balhaar Talwar,reliable,Site_6,2026-06-05,present
62,Balhaar Talwar,reliable,Site_10,2026-06-06,present
62,Balhaar Talwar,reliable,Site_6,2026-06-08,present
62,Balhaar Talwar,reliable,Site_6,2026-06-09,present
62,Balhaar Talwar,reliable,Site_9,2026-06-10,present
62,Balhaar Talwar,reliable,Site_9,2026-06-11,present
62,Balhaar Talwar,reliable,Site_6,2026-06-12,present
62,Balhaar Talwar,reliable,Site_6,2026-06-13,present
62,Balhaar Talwar,reliable,Site_9,2026-06-15,present
62,Balhaar Talwar,reliable,Site_10,2026-06-16,present
62,Balhaar Talwar,reliable,Site_6,2026-06-17,present
62,Balhaar Talwar,reliable,Site_10,2026-06-18,present
62,Balhaar Talwar,reliable,Site_6,2026-06-19,absent
62,Balhaar Talwar,reliable,Site_10,2026-06-20,present
62,Balhaar Talwar,reliable,Site_9,2026-06-22,present
62,Balhaar Talwar,reliable,Site_9,2026-06-23,present
62,Balhaar Talwar,reliable,Site_6,2026-06-24,present
62,Balhaar Talwar,reliable,Site_7,2026-06-25,present
62,Balhaar Talwar,reliable,Site_9,2026-06-26,present
62,Balhaar Talwar,reliable,Site_6,2026-06-27,present
62,Balhaar Talwar,reliable,Site_10,2026-06-29,present
62,Balhaar Talwar,reliable,Site_6,2026-06-30,present
62,Balhaar Talwar,reliable,Site_10,2026-07-01,present
62,Balhaar Talwar,reliable,Site_10,2026-07-02,present
62,Balhaar Talwar,reliable,Site_7,2026-07-03,present
62,Balhaar Talwar,reliable,Site_6,2026-07-04,present
62,Balhaar Talwar,reliable,Site_6,2026-07-06,present
62,Balhaar Talwar,reliable,Site_7,2026-07-07,present
62,Balhaar Talwar,reliable,Site_7,2026-07-08,present
62,Balhaar Talwar,reliable,Site_7,2026-07-09,present
62,Balhaar Talwar,reliable,Site_7,2026-07-10,present
63,Madhavi Venkataraman,unreliable,Site_6,2026-06-05,present
63,Madhavi Venkataraman,unreliable,Site_6,2026-06-06,absent
63,Madhavi Venkataraman,unreliable,Site_6,2026-06-08,present
63,Madhavi Venkataraman,unreliable,Site_6,2026-06-09,absent
63,Madhavi Venkataraman,unreliable,Site_6,2026-06-10,present
63,Madhavi Venkataraman,unreliable,Site_6,2026-06-11,absent
63,Madhavi Venkataraman,unreliable,Site_6,2026-06-12,absent
63,Madhavi Venkataraman,unreliable,Site_6,2026-06-13,present
63,Madhavi Venkataraman,unreliable,Site_6,2026-06-15,present
63,Madhavi Venkataraman,unreliable,Site_6,2026-06-16,present
63,Madhavi Venkataraman,unreliable,Site_6,2026-06-17,present
63,Madhavi Venkataraman,unreliable,Site_6,2026-06-18,absent
63,Madhavi Venkataraman,unreliable,Site_6,2026-06-19,present
63,Madhavi Venkataraman,unreliable,Site_6,2026-06-20,present
63,Madhavi Venkataraman,unreliable,Site_6,2026-06-22,absent
63,Madhavi Venkataraman,unreliable,Site_6,2026-06-23,absent
63,Madhavi Venkataraman,unreliable,Site_6,2026-06-24,present
63,Madhavi Venkataraman,unreliable,Site_6,2026-06-25,absent
63,Madhavi Venkataraman,unreliable,Site_6,2026-06-26,absent
63,Madhavi Venkataraman,unreliable,Site_6,2026-06-27,present
63,Madhavi Venkataraman,unreliable,Site_6,2026-06-29,present
63,Madhavi Venkataraman,unreliable,Site_6,2026-06-30,absent
63,Madhavi Venkataraman,unreliable,Site_6,2026-07-01,absent
63,Madhavi Venkataraman,unreliable,Site_6,2026-07-02,present
63,Madhavi Venkataraman,unreliable,Site_6,2026-07-03,present
63,Madhavi Venkataraman,unreliable,Site_6,2026-07-04,present
63,Madhavi Venkataraman,unreliable,Site_6,2026-07-06,present
63,Madhavi Venkataraman,unreliable,Site_6,2026-07-07,present
63,Madhavi Venkataraman,unreliable,Site_6,2026-07-08,present
63,Madhavi Venkataraman,unreliable,Site_6,2026-07-09,present
63,Madhavi Venkataraman,unreliable,Site_6,2026-07-10,absent
64,Tarak Deep,unreliable,Site_7,2026-05-30,present
64,Tarak Deep,unreliable,Site_7,2026-06-01,present
64,Tarak Deep,unreliable,Site_7,2026-06-02,present
64,Tarak Deep,unreliable,Site_7,2026-06-03,present
64,Tarak Deep,unreliable,Site_7,2026-06-04,present
64,Tarak Deep,unreliable,Site_7,2026-06-05,absent
64,Tarak Deep,unreliable,Site_7,2026-06-06,present
64,Tarak Deep,unreliable,Site_7,2026-06-08,present
64,Tarak Deep,unreliable,Site_7,2026-06-09,present
64,Tarak Deep,unreliable,Site_7,2026-06-10,present
64,Tarak Deep,unreliable,Site_7,2026-06-11,present
64,Tarak Deep,unreliable,Site_7,2026-06-12,present
64,Tarak Deep,unreliable,Site_7,2026-06-13,present
64,Tarak Deep,unreliable,Site_7,2026-06-15,present
64,Tarak Deep,unreliable,Site_7,2026-06-16,absent
64,Tarak Deep,unreliable,Site_7,2026-06-17,absent
64,Tarak Deep,unreliable,Site_7,2026-06-18,present
64,Tarak Deep,unreliable,Site_7,2026-06-19,present
64,Tarak Deep,unreliable,Site_7,2026-06-20,present
64,Tarak Deep,unreliable,Site_7,2026-06-22,present
64,Tarak Deep,unreliable,Site_7,2026-06-23,absent
64,Tarak Deep,unreliable,Site_7,2026-06-24,absent
64,Tarak Deep,unreliable,Site_7,2026-06-25,present
64,Tarak Deep,unreliable,Site_7,2026-06-26,present
64,Tarak Deep,unreliable,Site_7,2026-06-27,absent
64,Tarak Deep,unreliable,Site_7,2026-06-29,absent
64,Tarak Deep,unreliable,Site_7,2026-06-30,present
64,Tarak Deep,unreliable,Site_7,2026-07-01,absent
64,Tarak Deep,unreliable,Site_7,2026-07-02,absent
64,Tarak Deep,unreliable,Site_7,2026-07-03,present
64,Tarak Deep,unreliable,Site_7,2026-07-04,absent
64,Tarak Deep,unreliable,Site_7,2026-07-06,absent
64,Tarak Deep,unreliable,Site_7,2026-07-07,present
64,Tarak Deep,unreliable,Site_7,2026-07-08,absent
64,Tarak Deep,unreliable,Site_7,2026-07-09,present
64,Tarak Deep,unreliable,Site_7,2026-07-10,present
65,Bakhshi Thakkar,moderate,Site_2,2026-03-24,absent
65,Bakhshi Thakkar,moderate,Site_2,2026-03-25,present
65,Bakhshi Thakkar,moderate,Site_2,2026-03-26,absent
65,Bakhshi Thakkar,moderate,Site_2,2026-03-27,absent
65,Bakhshi Thakkar,moderate,Site_2,2026-03-28,present
65,Bakhshi Thakkar,moderate,Site_2,2026-03-30,present
65,Bakhshi Thakkar,moderate,Site_2,2026-03-31,present
65,Bakhshi Thakkar,moderate,Site_2,2026-04-01,present
65,Bakhshi Thakkar,moderate,Site_2,2026-04-02,absent
65,Bakhshi Thakkar,moderate,Site_2,2026-04-03,present
65,Bakhshi Thakkar,moderate,Site_2,2026-04-04,present
65,Bakhshi Thakkar,moderate,Site_2,2026-04-06,present
65,Bakhshi Thakkar,moderate,Site_2,2026-04-07,present
65,Bakhshi Thakkar,moderate,Site_2,2026-04-08,present
65,Bakhshi Thakkar,moderate,Site_2,2026-04-09,present
65,Bakhshi Thakkar,moderate,Site_2,2026-04-10,present
65,Bakhshi Thakkar,moderate,Site_2,2026-04-11,present
65,Bakhshi Thakkar,moderate,Site_2,2026-04-13,present
65,Bakhshi Thakkar,moderate,Site_2,2026-04-14,absent
65,Bakhshi Thakkar,moderate,Site_2,2026-04-15,absent
65,Bakhshi Thakkar,moderate,Site_2,2026-04-16,present
65,Bakhshi Thakkar,moderate,Site_2,2026-04-17,present
65,Bakhshi Thakkar,moderate,Site_2,2026-04-18,present
65,Bakhshi Thakkar,moderate,Site_2,2026-04-20,present
65,Bakhshi Thakkar,moderate,Site_2,2026-04-21,present
65,Bakhshi Thakkar,moderate,Site_2,2026-04-22,absent
65,Bakhshi Thakkar,moderate,Site_2,2026-04-23,present
65,Bakhshi Thakkar,moderate,Site_2,2026-04-24,absent
65,Bakhshi Thakkar,moderate,Site_2,2026-04-25,present
65,Bakhshi Thakkar,moderate,Site_2,2026-04-27,present
65,Bakhshi Thakkar,moderate,Site_2,2026-04-28,present
65,Bakhshi Thakkar,moderate,Site_2,2026-04-29,present
65,Bakhshi Thakkar,moderate,Site_2,2026-04-30,absent
65,Bakhshi Thakkar,moderate,Site_2,2026-05-01,present
65,Bakhshi Thakkar,moderate,Site_2,2026-05-02,present
65,Bakhshi Thakkar,moderate,Site_2,2026-05-04,absent
65,Bakhshi Thakkar,moderate,Site_2,2026-05-05,present
65,Bakhshi Thakkar,moderate,Site_2,2026-05-06,absent
65,Bakhshi Thakkar,moderate,Site_2,2026-05-07,present
65,Bakhshi Thakkar,moderate,Site_2,2026-05-08,present
65,Bakhshi Thakkar,moderate,Site_2,2026-05-09,present
65,Bakhshi Thakkar,moderate,Site_2,2026-05-11,present
65,Bakhshi Thakkar,moderate,Site_2,2026-05-12,present
65,Bakhshi Thakkar,moderate,Site_2,2026-05-13,present
65,Bakhshi Thakkar,moderate,Site_2,2026-05-14,present
65,Bakhshi Thakkar,moderate,Site_2,2026-05-15,absent
65,Bakhshi Thakkar,moderate,Site_2,2026-05-16,present
65,Bakhshi Thakkar,moderate,Site_2,2026-05-18,absent
65,Bakhshi Thakkar,moderate,Site_2,2026-05-19,present
65,Bakhshi Thakkar,moderate,Site_2,2026-05-20,absent
65,Bakhshi Thakkar,moderate,Site_2,2026-05-21,absent
65,Bakhshi Thakkar,moderate,Site_2,2026-05-22,absent
65,Bakhshi Thakkar,moderate,Site_2,2026-05-23,present
65,Bakhshi Thakkar,moderate,Site_2,2026-05-25,present
65,Bakhshi Thakkar,moderate,Site_2,2026-05-26,present
65,Bakhshi Thakkar,moderate,Site_2,2026-05-27,present
65,Bakhshi Thakkar,moderate,Site_2,2026-05-28,present
65,Bakhshi Thakkar,moderate,Site_2,2026-05-29,present
65,Bakhshi Thakkar,moderate,Site_2,2026-05-30,present
65,Bakhshi Thakkar,moderate,Site_2,2026-06-01,present
65,Bakhshi Thakkar,moderate,Site_2,2026-06-02,present
65,Bakhshi Thakkar,moderate,Site_2,2026-06-03,present
65,Bakhshi Thakkar,moderate,Site_2,2026-06-04,present
65,Bakhshi Thakkar,moderate,Site_2,2026-06-05,present
65,Bakhshi Thakkar,moderate,Site_2,2026-06-06,present
65,Bakhshi Thakkar,moderate,Site_2,2026-06-08,absent
65,Bakhshi Thakkar,moderate,Site_2,2026-06-09,present
65,Bakhshi Thakkar,moderate,Site_2,2026-06-10,present
65,Bakhshi Thakkar,moderate,Site_2,2026-06-11,present
65,Bakhshi Thakkar,moderate,Site_2,2026-06-12,present
65,Bakhshi Thakkar,moderate,Site_2,2026-06-13,present
65,Bakhshi Thakkar,moderate,Site_2,2026-06-15,absent
65,Bakhshi Thakkar,moderate,Site_2,2026-06-16,absent
65,Bakhshi Thakkar,moderate,Site_2,2026-06-17,absent
65,Bakhshi Thakkar,moderate,Site_2,2026-06-18,present
65,Bakhshi Thakkar,moderate,Site_2,2026-06-19,present
65,Bakhshi Thakkar,moderate,Site_2,2026-06-20,present
65,Bakhshi Thakkar,moderate,Site_2,2026-06-22,absent
65,Bakhshi Thakkar,moderate,Site_2,2026-06-23,present
65,Bakhshi Thakkar,moderate,Site_2,2026-06-24,present
65,Bakhshi Thakkar,moderate,Site_2,2026-06-25,present
65,Bakhshi Thakkar,moderate,Site_2,2026-06-26,present
65,Bakhshi Thakkar,moderate,Site_2,2026-06-27,absent
65,Bakhshi Thakkar,moderate,Site_2,2026-06-29,present
65,Bakhshi Thakkar,moderate,Site_2,2026-06-30,absent
65,Bakhshi Thakkar,moderate,Site_2,2026-07-01,absent
65,Bakhshi Thakkar,moderate,Site_2,2026-07-02,present
65,Bakhshi Thakkar,moderate,Site_2,2026-07-03,present
65,Bakhshi Thakkar,moderate,Site_2,2026-07-04,present
65,Bakhshi Thakkar,moderate,Site_2,2026-07-06,present
65,Bakhshi Thakkar,moderate,Site_2,2026-07-07,present
65,Bakhshi Thakkar,moderate,Site_2,2026-07-08,absent
65,Bakhshi Thakkar,moderate,Site_2,2026-07-09,present
65,Bakhshi Thakkar,moderate,Site_2,2026-07-10,present
66,Gayathri Nazareth,reliable,Site_1,2026-02-13,present
66,Gayathri Nazareth,reliable,Site_4,2026-02-14,present
66,Gayathri Nazareth,reliable,Site_8,2026-02-16,present
66,Gayathri Nazareth,reliable,Site_4,2026-02-17,present
66,Gayathri Nazareth,reliable,Site_4,2026-02-18,present
66,Gayathri Nazareth,reliable,Site_8,2026-02-19,present
66,Gayathri Nazareth,reliable,Site_4,2026-02-20,present
66,Gayathri Nazareth,reliable,Site_4,2026-02-21,present
66,Gayathri Nazareth,reliable,Site_1,2026-02-23,present
66,Gayathri Nazareth,reliable,Site_1,2026-02-24,present
66,Gayathri Nazareth,reliable,Site_1,2026-02-25,absent
66,Gayathri Nazareth,reliable,Site_1,2026-02-26,absent
66,Gayathri Nazareth,reliable,Site_2,2026-02-27,present
66,Gayathri Nazareth,reliable,Site_1,2026-02-28,present
66,Gayathri Nazareth,reliable,Site_4,2026-03-02,present
66,Gayathri Nazareth,reliable,Site_8,2026-03-03,present
66,Gayathri Nazareth,reliable,Site_4,2026-03-04,present
66,Gayathri Nazareth,reliable,Site_1,2026-03-05,absent
66,Gayathri Nazareth,reliable,Site_4,2026-03-06,present
66,Gayathri Nazareth,reliable,Site_1,2026-03-07,present
66,Gayathri Nazareth,reliable,Site_4,2026-03-09,present
66,Gayathri Nazareth,reliable,Site_2,2026-03-10,present
66,Gayathri Nazareth,reliable,Site_8,2026-03-11,present
66,Gayathri Nazareth,reliable,Site_1,2026-03-12,present
66,Gayathri Nazareth,reliable,Site_2,2026-03-13,present
66,Gayathri Nazareth,reliable,Site_1,2026-03-14,present
66,Gayathri Nazareth,reliable,Site_4,2026-03-16,present
66,Gayathri Nazareth,reliable,Site_1,2026-03-17,present
66,Gayathri Nazareth,reliable,Site_1,2026-03-18,present
66,Gayathri Nazareth,reliable,Site_8,2026-03-19,present
66,Gayathri Nazareth,reliable,Site_1,2026-03-20,present
66,Gayathri Nazareth,reliable,Site_2,2026-03-21,present
66,Gayathri Nazareth,reliable,Site_8,2026-03-23,present
66,Gayathri Nazareth,reliable,Site_4,2026-03-24,present
66,Gayathri Nazareth,reliable,Site_1,2026-03-25,present
66,Gayathri Nazareth,reliable,Site_2,2026-03-26,present
66,Gayathri Nazareth,reliable,Site_8,2026-03-27,present
66,Gayathri Nazareth,reliable,Site_1,2026-03-28,present
66,Gayathri Nazareth,reliable,Site_4,2026-03-30,absent
66,Gayathri Nazareth,reliable,Site_1,2026-03-31,present
66,Gayathri Nazareth,reliable,Site_4,2026-04-01,present
66,Gayathri Nazareth,reliable,Site_2,2026-04-02,present
66,Gayathri Nazareth,reliable,Site_8,2026-04-03,present
66,Gayathri Nazareth,reliable,Site_8,2026-04-04,present
66,Gayathri Nazareth,reliable,Site_4,2026-04-06,present
66,Gayathri Nazareth,reliable,Site_8,2026-04-07,present
66,Gayathri Nazareth,reliable,Site_2,2026-04-08,present
66,Gayathri Nazareth,reliable,Site_1,2026-04-09,present
66,Gayathri Nazareth,reliable,Site_8,2026-04-10,absent
66,Gayathri Nazareth,reliable,Site_1,2026-04-11,present
66,Gayathri Nazareth,reliable,Site_8,2026-04-13,present
66,Gayathri Nazareth,reliable,Site_1,2026-04-14,present
66,Gayathri Nazareth,reliable,Site_4,2026-04-15,present
66,Gayathri Nazareth,reliable,Site_8,2026-04-16,present
66,Gayathri Nazareth,reliable,Site_1,2026-04-17,present
66,Gayathri Nazareth,reliable,Site_4,2026-04-18,present
66,Gayathri Nazareth,reliable,Site_4,2026-04-20,present
66,Gayathri Nazareth,reliable,Site_2,2026-04-21,present
66,Gayathri Nazareth,reliable,Site_1,2026-04-22,present
66,Gayathri Nazareth,reliable,Site_4,2026-04-23,present
66,Gayathri Nazareth,reliable,Site_1,2026-04-24,present
66,Gayathri Nazareth,reliable,Site_1,2026-04-25,present
66,Gayathri Nazareth,reliable,Site_2,2026-04-27,present
66,Gayathri Nazareth,reliable,Site_1,2026-04-28,present
66,Gayathri Nazareth,reliable,Site_8,2026-04-29,absent
66,Gayathri Nazareth,reliable,Site_2,2026-04-30,present
66,Gayathri Nazareth,reliable,Site_1,2026-05-01,present
66,Gayathri Nazareth,reliable,Site_4,2026-05-02,absent
66,Gayathri Nazareth,reliable,Site_8,2026-05-04,present
66,Gayathri Nazareth,reliable,Site_2,2026-05-05,present
66,Gayathri Nazareth,reliable,Site_8,2026-05-06,present
66,Gayathri Nazareth,reliable,Site_2,2026-05-07,absent
66,Gayathri Nazareth,reliable,Site_4,2026-05-08,present
66,Gayathri Nazareth,reliable,Site_8,2026-05-09,present
66,Gayathri Nazareth,reliable,Site_8,2026-05-11,present
66,Gayathri Nazareth,reliable,Site_4,2026-05-12,present
66,Gayathri Nazareth,reliable,Site_2,2026-05-13,present
66,Gayathri Nazareth,reliable,Site_1,2026-05-14,present
66,Gayathri Nazareth,reliable,Site_1,2026-05-15,present
66,Gayathri Nazareth,reliable,Site_1,2026-05-16,present
66,Gayathri Nazareth,reliable,Site_1,2026-05-18,present
66,Gayathri Nazareth,reliable,Site_8,2026-05-19,present
66,Gayathri Nazareth,reliable,Site_4,2026-05-20,present
66,Gayathri Nazareth,reliable,Site_4,2026-05-21,present
66,Gayathri Nazareth,reliable,Site_1,2026-05-22,present
66,Gayathri Nazareth,reliable,Site_8,2026-05-23,present
66,Gayathri Nazareth,reliable,Site_4,2026-05-25,present
66,Gayathri Nazareth,reliable,Site_4,2026-05-26,present
66,Gayathri Nazareth,reliable,Site_2,2026-05-27,present
66,Gayathri Nazareth,reliable,Site_2,2026-05-28,present
66,Gayathri Nazareth,reliable,Site_2,2026-05-29,absent
66,Gayathri Nazareth,reliable,Site_4,2026-05-30,present
66,Gayathri Nazareth,reliable,Site_2,2026-06-01,present
66,Gayathri Nazareth,reliable,Site_1,2026-06-02,present
66,Gayathri Nazareth,reliable,Site_8,2026-06-03,present
66,Gayathri Nazareth,reliable,Site_4,2026-06-04,present
66,Gayathri Nazareth,reliable,Site_2,2026-06-05,present
66,Gayathri Nazareth,reliable,Site_2,2026-06-06,present
66,Gayathri Nazareth,reliable,Site_4,2026-06-08,present
66,Gayathri Nazareth,reliable,Site_8,2026-06-09,present
66,Gayathri Nazareth,reliable,Site_4,2026-06-10,present
66,Gayathri Nazareth,reliable,Site_2,2026-06-11,present
66,Gayathri Nazareth,reliable,Site_4,2026-06-12,present
66,Gayathri Nazareth,reliable,Site_2,2026-06-13,present
66,Gayathri Nazareth,reliable,Site_2,2026-06-15,absent
66,Gayathri Nazareth,reliable,Site_4,2026-06-16,present
66,Gayathri Nazareth,reliable,Site_1,2026-06-17,present
66,Gayathri Nazareth,reliable,Site_2,2026-06-18,present
66,Gayathri Nazareth,reliable,Site_8,2026-06-19,present
66,Gayathri Nazareth,reliable,Site_1,2026-06-20,present
66,Gayathri Nazareth,reliable,Site_8,2026-06-22,present
66,Gayathri Nazareth,reliable,Site_8,2026-06-23,absent
66,Gayathri Nazareth,reliable,Site_1,2026-06-24,present
66,Gayathri Nazareth,reliable,Site_4,2026-06-25,absent
66,Gayathri Nazareth,reliable,Site_4,2026-06-26,present
66,Gayathri Nazareth,reliable,Site_4,2026-06-27,present
66,Gayathri Nazareth,reliable,Site_2,2026-06-29,present
66,Gayathri Nazareth,reliable,Site_8,2026-06-30,present
66,Gayathri Nazareth,reliable,Site_8,2026-07-01,present
66,Gayathri Nazareth,reliable,Site_1,2026-07-02,present
66,Gayathri Nazareth,reliable,Site_4,2026-07-03,present
66,Gayathri Nazareth,reliable,Site_4,2026-07-04,present
66,Gayathri Nazareth,reliable,Site_1,2026-07-06,present
66,Gayathri Nazareth,reliable,Site_8,2026-07-07,absent
66,Gayathri Nazareth,reliable,Site_4,2026-07-08,present
66,Gayathri Nazareth,reliable,Site_4,2026-07-09,present
66,Gayathri Nazareth,reliable,Site_4,2026-07-10,present
67,Yuvraj Lal,moderate,Site_4,2026-05-04,present
67,Yuvraj Lal,moderate,Site_4,2026-05-05,present
67,Yuvraj Lal,moderate,Site_4,2026-05-06,present
67,Yuvraj Lal,moderate,Site_4,2026-05-07,present
67,Yuvraj Lal,moderate,Site_4,2026-05-08,present
67,Yuvraj Lal,moderate,Site_4,2026-05-09,present
67,Yuvraj Lal,moderate,Site_4,2026-05-11,present
67,Yuvraj Lal,moderate,Site_4,2026-05-12,absent
67,Yuvraj Lal,moderate,Site_4,2026-05-13,absent
67,Yuvraj Lal,moderate,Site_4,2026-05-14,present
67,Yuvraj Lal,moderate,Site_4,2026-05-15,present
67,Yuvraj Lal,moderate,Site_4,2026-05-16,present
67,Yuvraj Lal,moderate,Site_4,2026-05-18,absent
67,Yuvraj Lal,moderate,Site_4,2026-05-19,present
67,Yuvraj Lal,moderate,Site_4,2026-05-20,present
67,Yuvraj Lal,moderate,Site_4,2026-05-21,absent
67,Yuvraj Lal,moderate,Site_4,2026-05-22,absent
67,Yuvraj Lal,moderate,Site_4,2026-05-23,absent
67,Yuvraj Lal,moderate,Site_4,2026-05-25,absent
67,Yuvraj Lal,moderate,Site_4,2026-05-26,present
67,Yuvraj Lal,moderate,Site_4,2026-05-27,present
67,Yuvraj Lal,moderate,Site_4,2026-05-28,absent
67,Yuvraj Lal,moderate,Site_4,2026-05-29,absent
67,Yuvraj Lal,moderate,Site_4,2026-05-30,absent
67,Yuvraj Lal,moderate,Site_4,2026-06-01,absent
67,Yuvraj Lal,moderate,Site_4,2026-06-02,absent
67,Yuvraj Lal,moderate,Site_4,2026-06-03,present
67,Yuvraj Lal,moderate,Site_4,2026-06-04,present
67,Yuvraj Lal,moderate,Site_4,2026-06-05,present
67,Yuvraj Lal,moderate,Site_4,2026-06-06,absent
67,Yuvraj Lal,moderate,Site_4,2026-06-08,present
67,Yuvraj Lal,moderate,Site_4,2026-06-09,present
67,Yuvraj Lal,moderate,Site_4,2026-06-10,absent
67,Yuvraj Lal,moderate,Site_4,2026-06-11,present
67,Yuvraj Lal,moderate,Site_4,2026-06-12,absent
67,Yuvraj Lal,moderate,Site_4,2026-06-13,present
67,Yuvraj Lal,moderate,Site_4,2026-06-15,present
67,Yuvraj Lal,moderate,Site_4,2026-06-16,absent
67,Yuvraj Lal,moderate,Site_4,2026-06-17,present
67,Yuvraj Lal,moderate,Site_4,2026-06-18,present
67,Yuvraj Lal,moderate,Site_4,2026-06-19,absent
67,Yuvraj Lal,moderate,Site_4,2026-06-20,present
67,Yuvraj Lal,moderate,Site_4,2026-06-22,present
67,Yuvraj Lal,moderate,Site_4,2026-06-23,present
67,Yuvraj Lal,moderate,Site_4,2026-06-24,present
67,Yuvraj Lal,moderate,Site_4,2026-06-25,present
67,Yuvraj Lal,moderate,Site_4,2026-06-26,present
67,Yuvraj Lal,moderate,Site_4,2026-06-27,present
67,Yuvraj Lal,moderate,Site_4,2026-06-29,absent
67,Yuvraj Lal,moderate,Site_4,2026-06-30,absent
67,Yuvraj Lal,moderate,Site_4,2026-07-01,present
67,Yuvraj Lal,moderate,Site_4,2026-07-02,present
67,Yuvraj Lal,moderate,Site_4,2026-07-03,present
67,Yuvraj Lal,moderate,Site_4,2026-07-04,present
67,Yuvraj Lal,moderate,Site_4,2026-07-06,present
67,Yuvraj Lal,moderate,Site_4,2026-07-07,present
67,Yuvraj Lal,moderate,Site_4,2026-07-08,present
67,Yuvraj Lal,moderate,Site_4,2026-07-09,absent
67,Yuvraj Lal,moderate,Site_4,2026-07-10,present
68,Zehaan Kapadia,unreliable,Site_10,2026-05-28,present
68,Zehaan Kapadia,unreliable,Site_10,2026-05-29,present
68,Zehaan Kapadia,unreliable,Site_10,2026-05-30,present
68,Zehaan Kapadia,unreliable,Site_10,2026-06-01,present
68,Zehaan Kapadia,unreliable,Site_10,2026-06-02,present
68,Zehaan Kapadia,unreliable,Site_10,2026-06-03,present
68,Zehaan Kapadia,unreliable,Site_10,2026-06-04,present
68,Zehaan Kapadia,unreliable,Site_10,2026-06-05,absent
68,Zehaan Kapadia,unreliable,Site_10,2026-06-06,present
68,Zehaan Kapadia,unreliable,Site_10,2026-06-08,present
68,Zehaan Kapadia,unreliable,Site_10,2026-06-09,present
68,Zehaan Kapadia,unreliable,Site_10,2026-06-10,present
68,Zehaan Kapadia,unreliable,Site_10,2026-06-11,present
68,Zehaan Kapadia,unreliable,Site_10,2026-06-12,absent
68,Zehaan Kapadia,unreliable,Site_10,2026-06-13,present
68,Zehaan Kapadia,unreliable,Site_10,2026-06-15,absent
68,Zehaan Kapadia,unreliable,Site_10,2026-06-16,absent
68,Zehaan Kapadia,unreliable,Site_10,2026-06-17,absent
68,Zehaan Kapadia,unreliable,Site_10,2026-06-18,absent
68,Zehaan Kapadia,unreliable,Site_10,2026-06-19,absent
68,Zehaan Kapadia,unreliable,Site_10,2026-06-20,present
68,Zehaan Kapadia,unreliable,Site_10,2026-06-22,absent
68,Zehaan Kapadia,unreliable,Site_10,2026-06-23,absent
68,Zehaan Kapadia,unreliable,Site_10,2026-06-24,present
68,Zehaan Kapadia,unreliable,Site_10,2026-06-25,absent
68,Zehaan Kapadia,unreliable,Site_10,2026-06-26,present
68,Zehaan Kapadia,unreliable,Site_10,2026-06-27,absent
68,Zehaan Kapadia,unreliable,Site_10,2026-06-29,absent
68,Zehaan Kapadia,unreliable,Site_10,2026-06-30,present
68,Zehaan Kapadia,unreliable,Site_10,2026-07-01,present
68,Zehaan Kapadia,unreliable,Site_10,2026-07-02,present
68,Zehaan Kapadia,unreliable,Site_10,2026-07-03,absent
68,Zehaan Kapadia,unreliable,Site_10,2026-07-04,present
68,Zehaan Kapadia,unreliable,Site_10,2026-07-06,absent
68,Zehaan Kapadia,unreliable,Site_10,2026-07-07,absent
68,Zehaan Kapadia,unreliable,Site_10,2026-07-08,absent
68,Zehaan Kapadia,unreliable,Site_10,2026-07-09,absent
68,Zehaan Kapadia,unreliable,Site_10,2026-07-10,present
69,Bhavika Gour,reliable,Site_7,2026-02-07,present
69,Bhavika Gour,reliable,Site_9,2026-02-09,present
69,Bhavika Gour,reliable,Site_3,2026-02-10,present
69,Bhavika Gour,reliable,Site_9,2026-02-11,present
69,Bhavika Gour,reliable,Site_7,2026-02-12,present
69,Bhavika Gour,reliable,Site_9,2026-02-13,absent
69,Bhavika Gour,reliable,Site_9,2026-02-14,present
69,Bhavika Gour,reliable,Site_9,2026-02-16,present
69,Bhavika Gour,reliable,Site_9,2026-02-17,present
69,Bhavika Gour,reliable,Site_2,2026-02-18,present
69,Bhavika Gour,reliable,Site_9,2026-02-19,present
69,Bhavika Gour,reliable,Site_7,2026-02-20,present
69,Bhavika Gour,reliable,Site_3,2026-02-21,present
69,Bhavika Gour,reliable,Site_3,2026-02-23,present
69,Bhavika Gour,reliable,Site_2,2026-02-24,present
69,Bhavika Gour,reliable,Site_9,2026-02-25,present
69,Bhavika Gour,reliable,Site_7,2026-02-26,present
69,Bhavika Gour,reliable,Site_3,2026-02-27,present
69,Bhavika Gour,reliable,Site_2,2026-02-28,present
69,Bhavika Gour,reliable,Site_9,2026-03-02,present
69,Bhavika Gour,reliable,Site_3,2026-03-03,present
69,Bhavika Gour,reliable,Site_9,2026-03-04,present
69,Bhavika Gour,reliable,Site_2,2026-03-05,present
69,Bhavika Gour,reliable,Site_9,2026-03-06,present
69,Bhavika Gour,reliable,Site_7,2026-03-07,present
69,Bhavika Gour,reliable,Site_2,2026-03-09,present
69,Bhavika Gour,reliable,Site_9,2026-03-10,present
69,Bhavika Gour,reliable,Site_7,2026-03-11,present
69,Bhavika Gour,reliable,Site_9,2026-03-12,present
69,Bhavika Gour,reliable,Site_7,2026-03-13,present
69,Bhavika Gour,reliable,Site_2,2026-03-14,absent
69,Bhavika Gour,reliable,Site_9,2026-03-16,present
69,Bhavika Gour,reliable,Site_3,2026-03-17,present
69,Bhavika Gour,reliable,Site_9,2026-03-18,present
69,Bhavika Gour,reliable,Site_9,2026-03-19,present
69,Bhavika Gour,reliable,Site_3,2026-03-20,present
69,Bhavika Gour,reliable,Site_3,2026-03-21,present
69,Bhavika Gour,reliable,Site_9,2026-03-23,present
69,Bhavika Gour,reliable,Site_3,2026-03-24,present
69,Bhavika Gour,reliable,Site_9,2026-03-25,present
69,Bhavika Gour,reliable,Site_9,2026-03-26,present
69,Bhavika Gour,reliable,Site_9,2026-03-27,present
69,Bhavika Gour,reliable,Site_7,2026-03-28,present
69,Bhavika Gour,reliable,Site_7,2026-03-30,present
69,Bhavika Gour,reliable,Site_7,2026-03-31,present
69,Bhavika Gour,reliable,Site_7,2026-04-01,present
69,Bhavika Gour,reliable,Site_2,2026-04-02,present
69,Bhavika Gour,reliable,Site_2,2026-04-03,present
69,Bhavika Gour,reliable,Site_7,2026-04-04,present
69,Bhavika Gour,reliable,Site_7,2026-04-06,present
69,Bhavika Gour,reliable,Site_2,2026-04-07,present
69,Bhavika Gour,reliable,Site_2,2026-04-08,present
69,Bhavika Gour,reliable,Site_9,2026-04-09,present
69,Bhavika Gour,reliable,Site_9,2026-04-10,present
69,Bhavika Gour,reliable,Site_9,2026-04-11,present
69,Bhavika Gour,reliable,Site_3,2026-04-13,present
69,Bhavika Gour,reliable,Site_2,2026-04-14,present
69,Bhavika Gour,reliable,Site_3,2026-04-15,present
69,Bhavika Gour,reliable,Site_7,2026-04-16,present
69,Bhavika Gour,reliable,Site_9,2026-04-17,present
69,Bhavika Gour,reliable,Site_3,2026-04-18,present
69,Bhavika Gour,reliable,Site_2,2026-04-20,present
69,Bhavika Gour,reliable,Site_3,2026-04-21,present
69,Bhavika Gour,reliable,Site_7,2026-04-22,present
69,Bhavika Gour,reliable,Site_9,2026-04-23,present
69,Bhavika Gour,reliable,Site_7,2026-04-24,present
69,Bhavika Gour,reliable,Site_9,2026-04-25,present
69,Bhavika Gour,reliable,Site_2,2026-04-27,present
69,Bhavika Gour,reliable,Site_2,2026-04-28,present
69,Bhavika Gour,reliable,Site_2,2026-04-29,present
69,Bhavika Gour,reliable,Site_7,2026-04-30,present
69,Bhavika Gour,reliable,Site_2,2026-05-01,present
69,Bhavika Gour,reliable,Site_9,2026-05-02,present
69,Bhavika Gour,reliable,Site_7,2026-05-04,present
69,Bhavika Gour,reliable,Site_9,2026-05-05,absent
69,Bhavika Gour,reliable,Site_3,2026-05-06,present
69,Bhavika Gour,reliable,Site_2,2026-05-07,present
69,Bhavika Gour,reliable,Site_2,2026-05-08,present
69,Bhavika Gour,reliable,Site_9,2026-05-09,present
69,Bhavika Gour,reliable,Site_7,2026-05-11,present
69,Bhavika Gour,reliable,Site_3,2026-05-12,present
69,Bhavika Gour,reliable,Site_9,2026-05-13,present
69,Bhavika Gour,reliable,Site_9,2026-05-14,present
69,Bhavika Gour,reliable,Site_3,2026-05-15,present
69,Bhavika Gour,reliable,Site_9,2026-05-16,present
69,Bhavika Gour,reliable,Site_9,2026-05-18,present
69,Bhavika Gour,reliable,Site_7,2026-05-19,present
69,Bhavika Gour,reliable,Site_7,2026-05-20,present
69,Bhavika Gour,reliable,Site_2,2026-05-21,present
69,Bhavika Gour,reliable,Site_7,2026-05-22,present
69,Bhavika Gour,reliable,Site_9,2026-05-23,present
69,Bhavika Gour,reliable,Site_9,2026-05-25,present
69,Bhavika Gour,reliable,Site_7,2026-05-26,present
69,Bhavika Gour,reliable,Site_9,2026-05-27,present
69,Bhavika Gour,reliable,Site_2,2026-05-28,present
69,Bhavika Gour,reliable,Site_7,2026-05-29,present
69,Bhavika Gour,reliable,Site_7,2026-05-30,present
69,Bhavika Gour,reliable,Site_2,2026-06-01,present
69,Bhavika Gour,reliable,Site_2,2026-06-02,present
69,Bhavika Gour,reliable,Site_2,2026-06-03,present
69,Bhavika Gour,reliable,Site_3,2026-06-04,present
69,Bhavika Gour,reliable,Site_7,2026-06-05,present
69,Bhavika Gour,reliable,Site_3,2026-06-06,present
69,Bhavika Gour,reliable,Site_7,2026-06-08,present
69,Bhavika Gour,reliable,Site_7,2026-06-09,present
69,Bhavika Gour,reliable,Site_3,2026-06-10,present
69,Bhavika Gour,reliable,Site_3,2026-06-11,present
69,Bhavika Gour,reliable,Site_9,2026-06-12,present
69,Bhavika Gour,reliable,Site_7,2026-06-13,present
69,Bhavika Gour,reliable,Site_3,2026-06-15,present
69,Bhavika Gour,reliable,Site_3,2026-06-16,absent
69,Bhavika Gour,reliable,Site_9,2026-06-17,present
69,Bhavika Gour,reliable,Site_9,2026-06-18,absent
69,Bhavika Gour,reliable,Site_9,2026-06-19,present
69,Bhavika Gour,reliable,Site_3,2026-06-20,present
69,Bhavika Gour,reliable,Site_3,2026-06-22,present
69,Bhavika Gour,reliable,Site_2,2026-06-23,present
69,Bhavika Gour,reliable,Site_2,2026-06-24,present
69,Bhavika Gour,reliable,Site_2,2026-06-25,present
69,Bhavika Gour,reliable,Site_3,2026-06-26,present
69,Bhavika Gour,reliable,Site_3,2026-06-27,present
69,Bhavika Gour,reliable,Site_7,2026-06-29,present
69,Bhavika Gour,reliable,Site_2,2026-06-30,absent
69,Bhavika Gour,reliable,Site_3,2026-07-01,present
69,Bhavika Gour,reliable,Site_7,2026-07-02,present
69,Bhavika Gour,reliable,Site_2,2026-07-03,present
69,Bhavika Gour,reliable,Site_7,2026-07-04,present
69,Bhavika Gour,reliable,Site_9,2026-07-06,present
69,Bhavika Gour,reliable,Site_3,2026-07-07,present
69,Bhavika Gour,reliable,Site_2,2026-07-08,present
69,Bhavika Gour,reliable,Site_3,2026-07-09,present
69,Bhavika Gour,reliable,Site_3,2026-07-10,present
70,Indira Dugar,moderate,Site_1,2026-04-10,present
70,Indira Dugar,moderate,Site_1,2026-04-11,present
70,Indira Dugar,moderate,Site_3,2026-04-13,present
70,Indira Dugar,moderate,Site_1,2026-04-14,present
70,Indira Dugar,moderate,Site_3,2026-04-15,present
70,Indira Dugar,moderate,Site_3,2026-04-16,present
70,Indira Dugar,moderate,Site_3,2026-04-17,present
70,Indira Dugar,moderate,Site_3,2026-04-18,absent
70,Indira Dugar,moderate,Site_1,2026-04-20,present
70,Indira Dugar,moderate,Site_3,2026-04-21,present
70,Indira Dugar,moderate,Site_3,2026-04-22,present
70,Indira Dugar,moderate,Site_3,2026-04-23,absent
70,Indira Dugar,moderate,Site_1,2026-04-24,present
70,Indira Dugar,moderate,Site_3,2026-04-25,present
70,Indira Dugar,moderate,Site_1,2026-04-27,present
70,Indira Dugar,moderate,Site_3,2026-04-28,present
70,Indira Dugar,moderate,Site_3,2026-04-29,present
70,Indira Dugar,moderate,Site_1,2026-04-30,present
70,Indira Dugar,moderate,Site_1,2026-05-01,present
70,Indira Dugar,moderate,Site_1,2026-05-02,present
70,Indira Dugar,moderate,Site_1,2026-05-04,present
70,Indira Dugar,moderate,Site_1,2026-05-05,present
70,Indira Dugar,moderate,Site_3,2026-05-06,absent
70,Indira Dugar,moderate,Site_1,2026-05-07,present
70,Indira Dugar,moderate,Site_3,2026-05-08,present
70,Indira Dugar,moderate,Site_1,2026-05-09,absent
70,Indira Dugar,moderate,Site_1,2026-05-11,present
70,Indira Dugar,moderate,Site_1,2026-05-12,present
70,Indira Dugar,moderate,Site_3,2026-05-13,present
70,Indira Dugar,moderate,Site_1,2026-05-14,present
70,Indira Dugar,moderate,Site_3,2026-05-15,present
70,Indira Dugar,moderate,Site_3,2026-05-16,present
70,Indira Dugar,moderate,Site_1,2026-05-18,present
70,Indira Dugar,moderate,Site_1,2026-05-19,present
70,Indira Dugar,moderate,Site_3,2026-05-20,present
70,Indira Dugar,moderate,Site_3,2026-05-21,present
70,Indira Dugar,moderate,Site_3,2026-05-22,present
70,Indira Dugar,moderate,Site_1,2026-05-23,present
70,Indira Dugar,moderate,Site_3,2026-05-25,present
70,Indira Dugar,moderate,Site_1,2026-05-26,present
70,Indira Dugar,moderate,Site_1,2026-05-27,present
70,Indira Dugar,moderate,Site_3,2026-05-28,present
70,Indira Dugar,moderate,Site_1,2026-05-29,present
70,Indira Dugar,moderate,Site_1,2026-05-30,present
70,Indira Dugar,moderate,Site_1,2026-06-01,absent
70,Indira Dugar,moderate,Site_1,2026-06-02,absent
70,Indira Dugar,moderate,Site_1,2026-06-03,present
70,Indira Dugar,moderate,Site_1,2026-06-04,present
70,Indira Dugar,moderate,Site_3,2026-06-05,present
70,Indira Dugar,moderate,Site_3,2026-06-06,absent
70,Indira Dugar,moderate,Site_1,2026-06-08,present
70,Indira Dugar,moderate,Site_1,2026-06-09,absent
70,Indira Dugar,moderate,Site_3,2026-06-10,present
70,Indira Dugar,moderate,Site_1,2026-06-11,present
70,Indira Dugar,moderate,Site_3,2026-06-12,absent
70,Indira Dugar,moderate,Site_3,2026-06-13,absent
70,Indira Dugar,moderate,Site_1,2026-06-15,present
70,Indira Dugar,moderate,Site_3,2026-06-16,absent
70,Indira Dugar,moderate,Site_1,2026-06-17,absent
70,Indira Dugar,moderate,Site_3,2026-06-18,absent
70,Indira Dugar,moderate,Site_1,2026-06-19,absent
70,Indira Dugar,moderate,Site_1,2026-06-20,present
70,Indira Dugar,moderate,Site_3,2026-06-22,present
70,Indira Dugar,moderate,Site_3,2026-06-23,present
70,Indira Dugar,moderate,Site_3,2026-06-24,present
70,Indira Dugar,moderate,Site_3,2026-06-25,present
70,Indira Dugar,moderate,Site_3,2026-06-26,present
70,Indira Dugar,moderate,Site_1,2026-06-27,present
70,Indira Dugar,moderate,Site_3,2026-06-29,present
70,Indira Dugar,moderate,Site_1,2026-06-30,present
70,Indira Dugar,moderate,Site_1,2026-07-01,present
70,Indira Dugar,moderate,Site_1,2026-07-02,present
70,Indira Dugar,moderate,Site_1,2026-07-03,present
70,Indira Dugar,moderate,Site_3,2026-07-04,present
70,Indira Dugar,moderate,Site_1,2026-07-06,present
70,Indira Dugar,moderate,Site_3,2026-07-07,absent
70,Indira Dugar,moderate,Site_1,2026-07-08,present
70,Indira Dugar,moderate,Site_1,2026-07-09,absent
70,Indira Dugar,moderate,Site_3,2026-07-10,present
71,Pallavi Sahni,moderate,Site_4,2026-04-06,absent
71,Pallavi Sahni,moderate,Site_4,2026-04-07,present
71,Pallavi Sahni,moderate,Site_4,2026-04-08,present
71,Pallavi Sahni,moderate,Site_4,2026-04-09,present
71,Pallavi Sahni,moderate,Site_4,2026-04-10,absent
71,Pallavi Sahni,moderate,Site_4,2026-04-11,present
71,Pallavi Sahni,moderate,Site_4,2026-04-13,present
71,Pallavi Sahni,moderate,Site_4,2026-04-14,present
71,Pallavi Sahni,moderate,Site_4,2026-04-15,present
71,Pallavi Sahni,moderate,Site_4,2026-04-16,present
71,Pallavi Sahni,moderate,Site_4,2026-04-17,present
71,Pallavi Sahni,moderate,Site_4,2026-04-18,present
71,Pallavi Sahni,moderate,Site_4,2026-04-20,present
71,Pallavi Sahni,moderate,Site_4,2026-04-21,present
71,Pallavi Sahni,moderate,Site_4,2026-04-22,present
71,Pallavi Sahni,moderate,Site_4,2026-04-23,present
71,Pallavi Sahni,moderate,Site_4,2026-04-24,present
71,Pallavi Sahni,moderate,Site_4,2026-04-25,absent
71,Pallavi Sahni,moderate,Site_4,2026-04-27,present
71,Pallavi Sahni,moderate,Site_4,2026-04-28,present
71,Pallavi Sahni,moderate,Site_4,2026-04-29,present
71,Pallavi Sahni,moderate,Site_4,2026-04-30,present
71,Pallavi Sahni,moderate,Site_4,2026-05-01,present
71,Pallavi Sahni,moderate,Site_4,2026-05-02,present
71,Pallavi Sahni,moderate,Site_4,2026-05-04,present
71,Pallavi Sahni,moderate,Site_4,2026-05-05,present
71,Pallavi Sahni,moderate,Site_4,2026-05-06,present
71,Pallavi Sahni,moderate,Site_4,2026-05-07,present
71,Pallavi Sahni,moderate,Site_4,2026-05-08,present
71,Pallavi Sahni,moderate,Site_4,2026-05-09,absent
71,Pallavi Sahni,moderate,Site_4,2026-05-11,absent
71,Pallavi Sahni,moderate,Site_4,2026-05-12,present
71,Pallavi Sahni,moderate,Site_4,2026-05-13,absent
71,Pallavi Sahni,moderate,Site_4,2026-05-14,present
71,Pallavi Sahni,moderate,Site_4,2026-05-15,present
71,Pallavi Sahni,moderate,Site_4,2026-05-16,present
71,Pallavi Sahni,moderate,Site_4,2026-05-18,absent
71,Pallavi Sahni,moderate,Site_4,2026-05-19,present
71,Pallavi Sahni,moderate,Site_4,2026-05-20,present
71,Pallavi Sahni,moderate,Site_4,2026-05-21,present
71,Pallavi Sahni,moderate,Site_4,2026-05-22,present
71,Pallavi Sahni,moderate,Site_4,2026-05-23,present
71,Pallavi Sahni,moderate,Site_4,2026-05-25,present
71,Pallavi Sahni,moderate,Site_4,2026-05-26,present
71,Pallavi Sahni,moderate,Site_4,2026-05-27,present
71,Pallavi Sahni,moderate,Site_4,2026-05-28,present
71,Pallavi Sahni,moderate,Site_4,2026-05-29,present
71,Pallavi Sahni,moderate,Site_4,2026-05-30,present
71,Pallavi Sahni,moderate,Site_4,2026-06-01,present
71,Pallavi Sahni,moderate,Site_4,2026-06-02,present
71,Pallavi Sahni,moderate,Site_4,2026-06-03,present
71,Pallavi Sahni,moderate,Site_4,2026-06-04,present
71,Pallavi Sahni,moderate,Site_4,2026-06-05,absent
71,Pallavi Sahni,moderate,Site_4,2026-06-06,present
71,Pallavi Sahni,moderate,Site_4,2026-06-08,present
71,Pallavi Sahni,moderate,Site_4,2026-06-09,present
71,Pallavi Sahni,moderate,Site_4,2026-06-10,present
71,Pallavi Sahni,moderate,Site_4,2026-06-11,present
71,Pallavi Sahni,moderate,Site_4,2026-06-12,present
71,Pallavi Sahni,moderate,Site_4,2026-06-13,present
71,Pallavi Sahni,moderate,Site_4,2026-06-15,present
71,Pallavi Sahni,moderate,Site_4,2026-06-16,absent
71,Pallavi Sahni,moderate,Site_4,2026-06-17,absent
71,Pallavi Sahni,moderate,Site_4,2026-06-18,present
71,Pallavi Sahni,moderate,Site_4,2026-06-19,present
71,Pallavi Sahni,moderate,Site_4,2026-06-20,present
71,Pallavi Sahni,moderate,Site_4,2026-06-22,present
71,Pallavi Sahni,moderate,Site_4,2026-06-23,present
71,Pallavi Sahni,moderate,Site_4,2026-06-24,present
71,Pallavi Sahni,moderate,Site_4,2026-06-25,present
71,Pallavi Sahni,moderate,Site_4,2026-06-26,present
71,Pallavi Sahni,moderate,Site_4,2026-06-27,present
71,Pallavi Sahni,moderate,Site_4,2026-06-29,present
71,Pallavi Sahni,moderate,Site_4,2026-06-30,present
71,Pallavi Sahni,moderate,Site_4,2026-07-01,present
71,Pallavi Sahni,moderate,Site_4,2026-07-02,present
71,Pallavi Sahni,moderate,Site_4,2026-07-03,present
71,Pallavi Sahni,moderate,Site_4,2026-07-04,present
71,Pallavi Sahni,moderate,Site_4,2026-07-06,present
71,Pallavi Sahni,moderate,Site_4,2026-07-07,present
71,Pallavi Sahni,moderate,Site_4,2026-07-08,present
71,Pallavi Sahni,moderate,Site_4,2026-07-09,present
71,Pallavi Sahni,moderate,Site_4,2026-07-10,absent
72,Jhalak Morar,moderate,Site_8,2026-03-21,absent
72,Jhalak Morar,moderate,Site_3,2026-03-23,present
72,Jhalak Morar,moderate,Site_8,2026-03-24,present
72,Jhalak Morar,moderate,Site_3,2026-03-25,present
72,Jhalak Morar,moderate,Site_8,2026-03-26,present
72,Jhalak Morar,moderate,Site_8,2026-03-27,present
72,Jhalak Morar,moderate,Site_8,2026-03-28,present
72,Jhalak Morar,moderate,Site_8,2026-03-30,present
72,Jhalak Morar,moderate,Site_3,2026-03-31,present
72,Jhalak Morar,moderate,Site_8,2026-04-01,present
72,Jhalak Morar,moderate,Site_3,2026-04-02,present
72,Jhalak Morar,moderate,Site_8,2026-04-03,absent
72,Jhalak Morar,moderate,Site_8,2026-04-04,present
72,Jhalak Morar,moderate,Site_8,2026-04-06,absent
72,Jhalak Morar,moderate,Site_3,2026-04-07,absent
72,Jhalak Morar,moderate,Site_3,2026-04-08,present
72,Jhalak Morar,moderate,Site_3,2026-04-09,present
72,Jhalak Morar,moderate,Site_3,2026-04-10,present
72,Jhalak Morar,moderate,Site_3,2026-04-11,present
72,Jhalak Morar,moderate,Site_8,2026-04-13,absent
72,Jhalak Morar,moderate,Site_8,2026-04-14,present
72,Jhalak Morar,moderate,Site_8,2026-04-15,absent
72,Jhalak Morar,moderate,Site_8,2026-04-16,absent
72,Jhalak Morar,moderate,Site_8,2026-04-17,present
72,Jhalak Morar,moderate,Site_8,2026-04-18,present
72,Jhalak Morar,moderate,Site_8,2026-04-20,present
72,Jhalak Morar,moderate,Site_8,2026-04-21,present
72,Jhalak Morar,moderate,Site_8,2026-04-22,present
72,Jhalak Morar,moderate,Site_8,2026-04-23,present
72,Jhalak Morar,moderate,Site_3,2026-04-24,present
72,Jhalak Morar,moderate,Site_3,2026-04-25,present
72,Jhalak Morar,moderate,Site_8,2026-04-27,present
72,Jhalak Morar,moderate,Site_3,2026-04-28,absent
72,Jhalak Morar,moderate,Site_3,2026-04-29,present
72,Jhalak Morar,moderate,Site_8,2026-04-30,present
72,Jhalak Morar,moderate,Site_8,2026-05-01,absent
72,Jhalak Morar,moderate,Site_3,2026-05-02,present
72,Jhalak Morar,moderate,Site_3,2026-05-04,present
72,Jhalak Morar,moderate,Site_3,2026-05-05,present
72,Jhalak Morar,moderate,Site_8,2026-05-06,present
72,Jhalak Morar,moderate,Site_8,2026-05-07,absent
72,Jhalak Morar,moderate,Site_3,2026-05-08,present
72,Jhalak Morar,moderate,Site_8,2026-05-09,present
72,Jhalak Morar,moderate,Site_8,2026-05-11,present
72,Jhalak Morar,moderate,Site_8,2026-05-12,present
72,Jhalak Morar,moderate,Site_3,2026-05-13,present
72,Jhalak Morar,moderate,Site_3,2026-05-14,absent
72,Jhalak Morar,moderate,Site_3,2026-05-15,present
72,Jhalak Morar,moderate,Site_3,2026-05-16,present
72,Jhalak Morar,moderate,Site_8,2026-05-18,present
72,Jhalak Morar,moderate,Site_3,2026-05-19,present
72,Jhalak Morar,moderate,Site_8,2026-05-20,present
72,Jhalak Morar,moderate,Site_8,2026-05-21,present
72,Jhalak Morar,moderate,Site_3,2026-05-22,absent
72,Jhalak Morar,moderate,Site_3,2026-05-23,absent
72,Jhalak Morar,moderate,Site_8,2026-05-25,absent
72,Jhalak Morar,moderate,Site_3,2026-05-26,absent
72,Jhalak Morar,moderate,Site_3,2026-05-27,present
72,Jhalak Morar,moderate,Site_3,2026-05-28,present
72,Jhalak Morar,moderate,Site_8,2026-05-29,present
72,Jhalak Morar,moderate,Site_8,2026-05-30,absent
72,Jhalak Morar,moderate,Site_3,2026-06-01,absent
72,Jhalak Morar,moderate,Site_8,2026-06-02,absent
72,Jhalak Morar,moderate,Site_3,2026-06-03,absent
72,Jhalak Morar,moderate,Site_3,2026-06-04,present
72,Jhalak Morar,moderate,Site_3,2026-06-05,present
72,Jhalak Morar,moderate,Site_8,2026-06-06,present
72,Jhalak Morar,moderate,Site_3,2026-06-08,absent
72,Jhalak Morar,moderate,Site_8,2026-06-09,present
72,Jhalak Morar,moderate,Site_3,2026-06-10,present
72,Jhalak Morar,moderate,Site_8,2026-06-11,present
72,Jhalak Morar,moderate,Site_3,2026-06-12,absent
72,Jhalak Morar,moderate,Site_8,2026-06-13,present
72,Jhalak Morar,moderate,Site_8,2026-06-15,present
72,Jhalak Morar,moderate,Site_3,2026-06-16,present
72,Jhalak Morar,moderate,Site_3,2026-06-17,absent
72,Jhalak Morar,moderate,Site_8,2026-06-18,present
72,Jhalak Morar,moderate,Site_3,2026-06-19,present
72,Jhalak Morar,moderate,Site_8,2026-06-20,present
72,Jhalak Morar,moderate,Site_8,2026-06-22,absent
72,Jhalak Morar,moderate,Site_8,2026-06-23,present
72,Jhalak Morar,moderate,Site_8,2026-06-24,present
72,Jhalak Morar,moderate,Site_8,2026-06-25,present
72,Jhalak Morar,moderate,Site_3,2026-06-26,present
72,Jhalak Morar,moderate,Site_8,2026-06-27,present
72,Jhalak Morar,moderate,Site_8,2026-06-29,present
72,Jhalak Morar,moderate,Site_8,2026-06-30,present
72,Jhalak Morar,moderate,Site_3,2026-07-01,present
72,Jhalak Morar,moderate,Site_8,2026-07-02,present
72,Jhalak Morar,moderate,Site_8,2026-07-03,present
72,Jhalak Morar,moderate,Site_3,2026-07-04,present
72,Jhalak Morar,moderate,Site_3,2026-07-06,present
72,Jhalak Morar,moderate,Site_8,2026-07-07,present
72,Jhalak Morar,moderate,Site_8,2026-07-08,absent
72,Jhalak Morar,moderate,Site_3,2026-07-09,present
72,Jhalak Morar,moderate,Site_8,2026-07-10,absent
73,Ekantika Cherian,reliable,Site_10,2026-02-18,present
73,Ekantika Cherian,reliable,Site_10,2026-02-19,absent
73,Ekantika Cherian,reliable,Site_7,2026-02-20,present
73,Ekantika Cherian,reliable,Site_4,2026-02-21,present
73,Ekantika Cherian,reliable,Site_4,2026-02-23,present
73,Ekantika Cherian,reliable,Site_4,2026-02-24,present
73,Ekantika Cherian,reliable,Site_4,2026-02-25,present
73,Ekantika Cherian,reliable,Site_9,2026-02-26,present
73,Ekantika Cherian,reliable,Site_7,2026-02-27,present
73,Ekantika Cherian,reliable,Site_10,2026-02-28,present
73,Ekantika Cherian,reliable,Site_9,2026-03-02,present
73,Ekantika Cherian,reliable,Site_7,2026-03-03,present
73,Ekantika Cherian,reliable,Site_9,2026-03-04,present
73,Ekantika Cherian,reliable,Site_10,2026-03-05,present
73,Ekantika Cherian,reliable,Site_7,2026-03-06,present
73,Ekantika Cherian,reliable,Site_4,2026-03-07,present
73,Ekantika Cherian,reliable,Site_7,2026-03-09,present
73,Ekantika Cherian,reliable,Site_7,2026-03-10,present
73,Ekantika Cherian,reliable,Site_9,2026-03-11,present
73,Ekantika Cherian,reliable,Site_9,2026-03-12,absent
73,Ekantika Cherian,reliable,Site_10,2026-03-13,present
73,Ekantika Cherian,reliable,Site_10,2026-03-14,present
73,Ekantika Cherian,reliable,Site_10,2026-03-16,present
73,Ekantika Cherian,reliable,Site_4,2026-03-17,present
73,Ekantika Cherian,reliable,Site_7,2026-03-18,present
73,Ekantika Cherian,reliable,Site_9,2026-03-19,present
73,Ekantika Cherian,reliable,Site_9,2026-03-20,present
73,Ekantika Cherian,reliable,Site_10,2026-03-21,absent
73,Ekantika Cherian,reliable,Site_9,2026-03-23,present
73,Ekantika Cherian,reliable,Site_10,2026-03-24,present
73,Ekantika Cherian,reliable,Site_4,2026-03-25,present
73,Ekantika Cherian,reliable,Site_9,2026-03-26,present
73,Ekantika Cherian,reliable,Site_9,2026-03-27,present
73,Ekantika Cherian,reliable,Site_9,2026-03-28,present
73,Ekantika Cherian,reliable,Site_4,2026-03-30,present
73,Ekantika Cherian,reliable,Site_10,2026-03-31,present
73,Ekantika Cherian,reliable,Site_7,2026-04-01,present
73,Ekantika Cherian,reliable,Site_4,2026-04-02,present
73,Ekantika Cherian,reliable,Site_9,2026-04-03,present
73,Ekantika Cherian,reliable,Site_4,2026-04-04,present
73,Ekantika Cherian,reliable,Site_10,2026-04-06,present
73,Ekantika Cherian,reliable,Site_4,2026-04-07,present
73,Ekantika Cherian,reliable,Site_7,2026-04-08,absent
73,Ekantika Cherian,reliable,Site_7,2026-04-09,present
73,Ekantika Cherian,reliable,Site_10,2026-04-10,present
73,Ekantika Cherian,reliable,Site_4,2026-04-11,present
73,Ekantika Cherian,reliable,Site_7,2026-04-13,present
73,Ekantika Cherian,reliable,Site_10,2026-04-14,present
73,Ekantika Cherian,reliable,Site_7,2026-04-15,present
73,Ekantika Cherian,reliable,Site_9,2026-04-16,present
73,Ekantika Cherian,reliable,Site_10,2026-04-17,absent
73,Ekantika Cherian,reliable,Site_7,2026-04-18,present
73,Ekantika Cherian,reliable,Site_4,2026-04-20,present
73,Ekantika Cherian,reliable,Site_10,2026-04-21,present
73,Ekantika Cherian,reliable,Site_4,2026-04-22,present
73,Ekantika Cherian,reliable,Site_9,2026-04-23,present
73,Ekantika Cherian,reliable,Site_4,2026-04-24,absent
73,Ekantika Cherian,reliable,Site_10,2026-04-25,present
73,Ekantika Cherian,reliable,Site_9,2026-04-27,present
73,Ekantika Cherian,reliable,Site_10,2026-04-28,present
73,Ekantika Cherian,reliable,Site_7,2026-04-29,present
73,Ekantika Cherian,reliable,Site_4,2026-04-30,present
73,Ekantika Cherian,reliable,Site_7,2026-05-01,present
73,Ekantika Cherian,reliable,Site_10,2026-05-02,absent
73,Ekantika Cherian,reliable,Site_10,2026-05-04,present
73,Ekantika Cherian,reliable,Site_10,2026-05-05,present
73,Ekantika Cherian,reliable,Site_10,2026-05-06,present
73,Ekantika Cherian,reliable,Site_10,2026-05-07,present
73,Ekantika Cherian,reliable,Site_4,2026-05-08,present
73,Ekantika Cherian,reliable,Site_4,2026-05-09,present
73,Ekantika Cherian,reliable,Site_7,2026-05-11,present
73,Ekantika Cherian,reliable,Site_7,2026-05-12,present
73,Ekantika Cherian,reliable,Site_7,2026-05-13,present
73,Ekantika Cherian,reliable,Site_7,2026-05-14,present
73,Ekantika Cherian,reliable,Site_7,2026-05-15,present
73,Ekantika Cherian,reliable,Site_7,2026-05-16,present
73,Ekantika Cherian,reliable,Site_4,2026-05-18,present
73,Ekantika Cherian,reliable,Site_4,2026-05-19,present
73,Ekantika Cherian,reliable,Site_4,2026-05-20,present
73,Ekantika Cherian,reliable,Site_4,2026-05-21,present
73,Ekantika Cherian,reliable,Site_10,2026-05-22,present
73,Ekantika Cherian,reliable,Site_7,2026-05-23,absent
73,Ekantika Cherian,reliable,Site_10,2026-05-25,present
73,Ekantika Cherian,reliable,Site_7,2026-05-26,present
73,Ekantika Cherian,reliable,Site_7,2026-05-27,present
73,Ekantika Cherian,reliable,Site_4,2026-05-28,present
73,Ekantika Cherian,reliable,Site_7,2026-05-29,present
73,Ekantika Cherian,reliable,Site_10,2026-05-30,present
73,Ekantika Cherian,reliable,Site_4,2026-06-01,present
73,Ekantika Cherian,reliable,Site_9,2026-06-02,present
73,Ekantika Cherian,reliable,Site_10,2026-06-03,present
73,Ekantika Cherian,reliable,Site_4,2026-06-04,present
73,Ekantika Cherian,reliable,Site_4,2026-06-05,absent
73,Ekantika Cherian,reliable,Site_9,2026-06-06,absent
73,Ekantika Cherian,reliable,Site_4,2026-06-08,present
73,Ekantika Cherian,reliable,Site_4,2026-06-09,present
73,Ekantika Cherian,reliable,Site_4,2026-06-10,present
73,Ekantika Cherian,reliable,Site_9,2026-06-11,present
73,Ekantika Cherian,reliable,Site_7,2026-06-12,present
73,Ekantika Cherian,reliable,Site_4,2026-06-13,present
73,Ekantika Cherian,reliable,Site_9,2026-06-15,absent
73,Ekantika Cherian,reliable,Site_9,2026-06-16,present
73,Ekantika Cherian,reliable,Site_4,2026-06-17,present
73,Ekantika Cherian,reliable,Site_10,2026-06-18,present
73,Ekantika Cherian,reliable,Site_10,2026-06-19,present
73,Ekantika Cherian,reliable,Site_4,2026-06-20,present
73,Ekantika Cherian,reliable,Site_7,2026-06-22,present
73,Ekantika Cherian,reliable,Site_7,2026-06-23,present
73,Ekantika Cherian,reliable,Site_10,2026-06-24,present
73,Ekantika Cherian,reliable,Site_9,2026-06-25,present
73,Ekantika Cherian,reliable,Site_7,2026-06-26,present
73,Ekantika Cherian,reliable,Site_7,2026-06-27,absent
73,Ekantika Cherian,reliable,Site_4,2026-06-29,absent
73,Ekantika Cherian,reliable,Site_10,2026-06-30,present
73,Ekantika Cherian,reliable,Site_4,2026-07-01,present
73,Ekantika Cherian,reliable,Site_7,2026-07-02,present
73,Ekantika Cherian,reliable,Site_7,2026-07-03,present
73,Ekantika Cherian,reliable,Site_9,2026-07-04,present
73,Ekantika Cherian,reliable,Site_4,2026-07-06,present
73,Ekantika Cherian,reliable,Site_4,2026-07-07,present
73,Ekantika Cherian,reliable,Site_9,2026-07-08,present
73,Ekantika Cherian,reliable,Site_7,2026-07-09,absent
73,Ekantika Cherian,reliable,Site_4,2026-07-10,present
74,Forum Puri,new,Site_5,2026-07-03,present
74,Forum Puri,new,Site_5,2026-07-04,present
74,Forum Puri,new,Site_5,2026-07-06,present
74,Forum Puri,new,Site_5,2026-07-07,present
74,Forum Puri,new,Site_5,2026-07-08,present
74,Forum Puri,new,Site_5,2026-07-09,present
74,Forum Puri,new,Site_5,2026-07-10,present
75,Vincent Bahri,unreliable,Site_2,2026-06-18,present
75,Vincent Bahri,unreliable,Site_2,2026-06-19,present
75,Vincent Bahri,unreliable,Site_2,2026-06-20,absent
75,Vincent Bahri,unreliable,Site_2,2026-06-22,absent
75,Vincent Bahri,unreliable,Site_2,2026-06-23,absent
75,Vincent Bahri,unreliable,Site_2,2026-06-24,present
75,Vincent Bahri,unreliable,Site_2,2026-06-25,present
75,Vincent Bahri,unreliable,Site_2,2026-06-26,present
75,Vincent Bahri,unreliable,Site_2,2026-06-27,absent
75,Vincent Bahri,unreliable,Site_2,2026-06-29,absent
75,Vincent Bahri,unreliable,Site_2,2026-06-30,absent
75,Vincent Bahri,unreliable,Site_2,2026-07-01,absent
75,Vincent Bahri,unreliable,Site_2,2026-07-02,present
75,Vincent Bahri,unreliable,Site_2,2026-07-03,present
75,Vincent Bahri,unreliable,Site_2,2026-07-04,present
75,Vincent Bahri,unreliable,Site_2,2026-07-06,absent
75,Vincent Bahri,unreliable,Site_2,2026-07-07,absent
75,Vincent Bahri,unreliable,Site_2,2026-07-08,absent
75,Vincent Bahri,unreliable,Site_2,2026-07-09,absent
75,Vincent Bahri,unreliable,Site_2,2026-07-10,present
76,Zaitra Seshadri,new,Site_1,2026-07-06,present
76,Zaitra Seshadri,new,Site_1,2026-07-07,present
76,Zaitra Seshadri,new,Site_1,2026-07-08,present
76,Zaitra Seshadri,new,Site_1,2026-07-09,present
76,Zaitra Seshadri,new,Site_1,2026-07-10,present
77,Harshil Behl,reliable,Site_2,2026-01-20,present
77,Harshil Behl,reliable,Site_2,2026-01-21,present
77,Harshil Behl,reliable,Site_3,2026-01-22,present
77,Harshil Behl,reliable,Site_3,2026-01-23,present
77,Harshil Behl,reliable,Site_3,2026-01-24,present
77,Harshil Behl,reliable,Site_2,2026-01-26,present
77,Harshil Behl,reliable,Site_3,2026-01-27,absent
77,Harshil Behl,reliable,Site_2,2026-01-28,present
77,Harshil Behl,reliable,Site_2,2026-01-29,absent
77,Harshil Behl,reliable,Site_3,2026-01-30,present
77,Harshil Behl,reliable,Site_2,2026-01-31,present
77,Harshil Behl,reliable,Site_3,2026-02-02,present
77,Harshil Behl,reliable,Site_3,2026-02-03,present
77,Harshil Behl,reliable,Site_3,2026-02-04,absent
77,Harshil Behl,reliable,Site_2,2026-02-05,present
77,Harshil Behl,reliable,Site_3,2026-02-06,present
77,Harshil Behl,reliable,Site_2,2026-02-07,present
77,Harshil Behl,reliable,Site_3,2026-02-09,absent
77,Harshil Behl,reliable,Site_3,2026-02-10,present
77,Harshil Behl,reliable,Site_2,2026-02-11,present
77,Harshil Behl,reliable,Site_2,2026-02-12,present
77,Harshil Behl,reliable,Site_2,2026-02-13,present
77,Harshil Behl,reliable,Site_3,2026-02-14,present
77,Harshil Behl,reliable,Site_2,2026-02-16,present
77,Harshil Behl,reliable,Site_2,2026-02-17,present
77,Harshil Behl,reliable,Site_3,2026-02-18,present
77,Harshil Behl,reliable,Site_3,2026-02-19,present
77,Harshil Behl,reliable,Site_3,2026-02-20,present
77,Harshil Behl,reliable,Site_2,2026-02-21,present
77,Harshil Behl,reliable,Site_2,2026-02-23,present
77,Harshil Behl,reliable,Site_2,2026-02-24,present
77,Harshil Behl,reliable,Site_2,2026-02-25,present
77,Harshil Behl,reliable,Site_3,2026-02-26,present
77,Harshil Behl,reliable,Site_3,2026-02-27,present
77,Harshil Behl,reliable,Site_3,2026-02-28,present
77,Harshil Behl,reliable,Site_2,2026-03-02,present
77,Harshil Behl,reliable,Site_3,2026-03-03,present
77,Harshil Behl,reliable,Site_3,2026-03-04,present
77,Harshil Behl,reliable,Site_2,2026-03-05,present
77,Harshil Behl,reliable,Site_2,2026-03-06,present
77,Harshil Behl,reliable,Site_2,2026-03-07,present
77,Harshil Behl,reliable,Site_2,2026-03-09,present
77,Harshil Behl,reliable,Site_2,2026-03-10,present
77,Harshil Behl,reliable,Site_2,2026-03-11,present
77,Harshil Behl,reliable,Site_3,2026-03-12,present
77,Harshil Behl,reliable,Site_3,2026-03-13,present
77,Harshil Behl,reliable,Site_3,2026-03-14,present
77,Harshil Behl,reliable,Site_2,2026-03-16,present
77,Harshil Behl,reliable,Site_3,2026-03-17,present
77,Harshil Behl,reliable,Site_3,2026-03-18,present
77,Harshil Behl,reliable,Site_3,2026-03-19,present
77,Harshil Behl,reliable,Site_2,2026-03-20,absent
77,Harshil Behl,reliable,Site_2,2026-03-21,present
77,Harshil Behl,reliable,Site_2,2026-03-23,present
77,Harshil Behl,reliable,Site_2,2026-03-24,present
77,Harshil Behl,reliable,Site_2,2026-03-25,present
77,Harshil Behl,reliable,Site_3,2026-03-26,present
77,Harshil Behl,reliable,Site_2,2026-03-27,present
77,Harshil Behl,reliable,Site_3,2026-03-28,present
77,Harshil Behl,reliable,Site_3,2026-03-30,present
77,Harshil Behl,reliable,Site_3,2026-03-31,present
77,Harshil Behl,reliable,Site_3,2026-04-01,present
77,Harshil Behl,reliable,Site_2,2026-04-02,present
77,Harshil Behl,reliable,Site_3,2026-04-03,present
77,Harshil Behl,reliable,Site_2,2026-04-04,present
77,Harshil Behl,reliable,Site_3,2026-04-06,present
77,Harshil Behl,reliable,Site_2,2026-04-07,present
77,Harshil Behl,reliable,Site_2,2026-04-08,absent
77,Harshil Behl,reliable,Site_2,2026-04-09,present
77,Harshil Behl,reliable,Site_2,2026-04-10,present
77,Harshil Behl,reliable,Site_3,2026-04-11,present
77,Harshil Behl,reliable,Site_3,2026-04-13,present
77,Harshil Behl,reliable,Site_3,2026-04-14,present
77,Harshil Behl,reliable,Site_3,2026-04-15,present
77,Harshil Behl,reliable,Site_2,2026-04-16,present
77,Harshil Behl,reliable,Site_3,2026-04-17,present
77,Harshil Behl,reliable,Site_2,2026-04-18,present
77,Harshil Behl,reliable,Site_3,2026-04-20,present
77,Harshil Behl,reliable,Site_2,2026-04-21,present
77,Harshil Behl,reliable,Site_3,2026-04-22,present
77,Harshil Behl,reliable,Site_3,2026-04-23,present
77,Harshil Behl,reliable,Site_3,2026-04-24,present
77,Harshil Behl,reliable,Site_3,2026-04-25,present
77,Harshil Behl,reliable,Site_3,2026-04-27,present
77,Harshil Behl,reliable,Site_2,2026-04-28,present
77,Harshil Behl,reliable,Site_2,2026-04-29,absent
77,Harshil Behl,reliable,Site_3,2026-04-30,present
77,Harshil Behl,reliable,Site_2,2026-05-01,present
77,Harshil Behl,reliable,Site_3,2026-05-02,present
77,Harshil Behl,reliable,Site_3,2026-05-04,present
77,Harshil Behl,reliable,Site_3,2026-05-05,present
77,Harshil Behl,reliable,Site_2,2026-05-06,present
77,Harshil Behl,reliable,Site_2,2026-05-07,absent
77,Harshil Behl,reliable,Site_2,2026-05-08,present
77,Harshil Behl,reliable,Site_2,2026-05-09,present
77,Harshil Behl,reliable,Site_2,2026-05-11,present
77,Harshil Behl,reliable,Site_3,2026-05-12,present
77,Harshil Behl,reliable,Site_2,2026-05-13,present
77,Harshil Behl,reliable,Site_2,2026-05-14,present
77,Harshil Behl,reliable,Site_3,2026-05-15,present
77,Harshil Behl,reliable,Site_2,2026-05-16,present
77,Harshil Behl,reliable,Site_2,2026-05-18,present
77,Harshil Behl,reliable,Site_2,2026-05-19,present
77,Harshil Behl,reliable,Site_2,2026-05-20,present
77,Harshil Behl,reliable,Site_3,2026-05-21,present
77,Harshil Behl,reliable,Site_3,2026-05-22,present
77,Harshil Behl,reliable,Site_3,2026-05-23,present
77,Harshil Behl,reliable,Site_3,2026-05-25,present
77,Harshil Behl,reliable,Site_3,2026-05-26,present
77,Harshil Behl,reliable,Site_3,2026-05-27,present
77,Harshil Behl,reliable,Site_3,2026-05-28,present
77,Harshil Behl,reliable,Site_3,2026-05-29,present
77,Harshil Behl,reliable,Site_2,2026-05-30,present
77,Harshil Behl,reliable,Site_3,2026-06-01,present
77,Harshil Behl,reliable,Site_3,2026-06-02,present
77,Harshil Behl,reliable,Site_2,2026-06-03,present
77,Harshil Behl,reliable,Site_2,2026-06-04,present
77,Harshil Behl,reliable,Site_3,2026-06-05,present
77,Harshil Behl,reliable,Site_2,2026-06-06,present
77,Harshil Behl,reliable,Site_2,2026-06-08,present
77,Harshil Behl,reliable,Site_3,2026-06-09,present
77,Harshil Behl,reliable,Site_3,2026-06-10,present
77,Harshil Behl,reliable,Site_2,2026-06-11,present
77,Harshil Behl,reliable,Site_2,2026-06-12,present
77,Harshil Behl,reliable,Site_3,2026-06-13,present
77,Harshil Behl,reliable,Site_2,2026-06-15,present
77,Harshil Behl,reliable,Site_2,2026-06-16,present
77,Harshil Behl,reliable,Site_3,2026-06-17,present
77,Harshil Behl,reliable,Site_3,2026-06-18,present
77,Harshil Behl,reliable,Site_2,2026-06-19,present
77,Harshil Behl,reliable,Site_3,2026-06-20,present
77,Harshil Behl,reliable,Site_3,2026-06-22,present
77,Harshil Behl,reliable,Site_2,2026-06-23,present
77,Harshil Behl,reliable,Site_3,2026-06-24,present
77,Harshil Behl,reliable,Site_3,2026-06-25,present
77,Harshil Behl,reliable,Site_2,2026-06-26,present
77,Harshil Behl,reliable,Site_3,2026-06-27,present
77,Harshil Behl,reliable,Site_2,2026-06-29,present
77,Harshil Behl,reliable,Site_2,2026-06-30,present
77,Harshil Behl,reliable,Site_3,2026-07-01,absent
77,Harshil Behl,reliable,Site_3,2026-07-02,present
77,Harshil Behl,reliable,Site_3,2026-07-03,present
77,Harshil Behl,reliable,Site_2,2026-07-04,present
77,Harshil Behl,reliable,Site_3,2026-07-06,present
77,Harshil Behl,reliable,Site_3,2026-07-07,present
77,Harshil Behl,reliable,Site_3,2026-07-08,present
77,Harshil Behl,reliable,Site_3,2026-07-09,present
77,Harshil Behl,reliable,Site_2,2026-07-10,absent
78,Ekiya Hari,reliable,Site_8,2026-02-10,present
78,Ekiya Hari,reliable,Site_10,2026-02-11,present
78,Ekiya Hari,reliable,Site_8,2026-02-12,absent
78,Ekiya Hari,reliable,Site_8,2026-02-13,present
78,Ekiya Hari,reliable,Site_8,2026-02-14,present
78,Ekiya Hari,reliable,Site_10,2026-02-16,present
78,Ekiya Hari,reliable,Site_10,2026-02-17,present
78,Ekiya Hari,reliable,Site_10,2026-02-18,present
78,Ekiya Hari,reliable,Site_10,2026-02-19,absent
78,Ekiya Hari,reliable,Site_8,2026-02-20,present
78,Ekiya Hari,reliable,Site_10,2026-02-21,present
78,Ekiya Hari,reliable,Site_8,2026-02-23,present
78,Ekiya Hari,reliable,Site_10,2026-02-24,present
78,Ekiya Hari,reliable,Site_8,2026-02-25,present
78,Ekiya Hari,reliable,Site_10,2026-02-26,present
78,Ekiya Hari,reliable,Site_10,2026-02-27,present
78,Ekiya Hari,reliable,Site_8,2026-02-28,present
78,Ekiya Hari,reliable,Site_8,2026-03-02,present
78,Ekiya Hari,reliable,Site_8,2026-03-03,present
78,Ekiya Hari,reliable,Site_8,2026-03-04,present
78,Ekiya Hari,reliable,Site_8,2026-03-05,present
78,Ekiya Hari,reliable,Site_10,2026-03-06,present
78,Ekiya Hari,reliable,Site_10,2026-03-07,present
78,Ekiya Hari,reliable,Site_8,2026-03-09,present
78,Ekiya Hari,reliable,Site_10,2026-03-10,present
78,Ekiya Hari,reliable,Site_8,2026-03-11,present
78,Ekiya Hari,reliable,Site_8,2026-03-12,present
78,Ekiya Hari,reliable,Site_10,2026-03-13,present
78,Ekiya Hari,reliable,Site_10,2026-03-14,present
78,Ekiya Hari,reliable,Site_10,2026-03-16,present
78,Ekiya Hari,reliable,Site_8,2026-03-17,present
78,Ekiya Hari,reliable,Site_10,2026-03-18,present
78,Ekiya Hari,reliable,Site_8,2026-03-19,present
78,Ekiya Hari,reliable,Site_10,2026-03-20,present
78,Ekiya Hari,reliable,Site_10,2026-03-21,present
78,Ekiya Hari,reliable,Site_8,2026-03-23,present
78,Ekiya Hari,reliable,Site_8,2026-03-24,present
78,Ekiya Hari,reliable,Site_10,2026-03-25,present
78,Ekiya Hari,reliable,Site_8,2026-03-26,absent
78,Ekiya Hari,reliable,Site_10,2026-03-27,present
78,Ekiya Hari,reliable,Site_8,2026-03-28,present
78,Ekiya Hari,reliable,Site_10,2026-03-30,present
78,Ekiya Hari,reliable,Site_10,2026-03-31,present
78,Ekiya Hari,reliable,Site_10,2026-04-01,present
78,Ekiya Hari,reliable,Site_8,2026-04-02,present
78,Ekiya Hari,reliable,Site_10,2026-04-03,present
78,Ekiya Hari,reliable,Site_8,2026-04-04,present
78,Ekiya Hari,reliable,Site_8,2026-04-06,present
78,Ekiya Hari,reliable,Site_8,2026-04-07,present
78,Ekiya Hari,reliable,Site_10,2026-04-08,present
78,Ekiya Hari,reliable,Site_10,2026-04-09,present
78,Ekiya Hari,reliable,Site_10,2026-04-10,present
78,Ekiya Hari,reliable,Site_10,2026-04-11,present
78,Ekiya Hari,reliable,Site_8,2026-04-13,present
78,Ekiya Hari,reliable,Site_10,2026-04-14,present
78,Ekiya Hari,reliable,Site_10,2026-04-15,present
78,Ekiya Hari,reliable,Site_10,2026-04-16,present
78,Ekiya Hari,reliable,Site_10,2026-04-17,present
78,Ekiya Hari,reliable,Site_8,2026-04-18,present
78,Ekiya Hari,reliable,Site_10,2026-04-20,present
78,Ekiya Hari,reliable,Site_8,2026-04-21,present
78,Ekiya Hari,reliable,Site_8,2026-04-22,present
78,Ekiya Hari,reliable,Site_10,2026-04-23,present
78,Ekiya Hari,reliable,Site_8,2026-04-24,present
78,Ekiya Hari,reliable,Site_8,2026-04-25,present
78,Ekiya Hari,reliable,Site_8,2026-04-27,present
78,Ekiya Hari,reliable,Site_8,2026-04-28,present
78,Ekiya Hari,reliable,Site_8,2026-04-29,present
78,Ekiya Hari,reliable,Site_10,2026-04-30,present
78,Ekiya Hari,reliable,Site_8,2026-05-01,present
78,Ekiya Hari,reliable,Site_10,2026-05-02,present
78,Ekiya Hari,reliable,Site_10,2026-05-04,present
78,Ekiya Hari,reliable,Site_10,2026-05-05,present
78,Ekiya Hari,reliable,Site_8,2026-05-06,present
78,Ekiya Hari,reliable,Site_10,2026-05-07,present
78,Ekiya Hari,reliable,Site_10,2026-05-08,present
78,Ekiya Hari,reliable,Site_10,2026-05-09,present
78,Ekiya Hari,reliable,Site_10,2026-05-11,present
78,Ekiya Hari,reliable,Site_8,2026-05-12,present
78,Ekiya Hari,reliable,Site_8,2026-05-13,present
78,Ekiya Hari,reliable,Site_10,2026-05-14,present
78,Ekiya Hari,reliable,Site_8,2026-05-15,present
78,Ekiya Hari,reliable,Site_10,2026-05-16,present
78,Ekiya Hari,reliable,Site_8,2026-05-18,present
78,Ekiya Hari,reliable,Site_10,2026-05-19,present
78,Ekiya Hari,reliable,Site_8,2026-05-20,present
78,Ekiya Hari,reliable,Site_8,2026-05-21,present
78,Ekiya Hari,reliable,Site_10,2026-05-22,present
78,Ekiya Hari,reliable,Site_8,2026-05-23,present
78,Ekiya Hari,reliable,Site_10,2026-05-25,present
78,Ekiya Hari,reliable,Site_10,2026-05-26,absent
78,Ekiya Hari,reliable,Site_8,2026-05-27,present
78,Ekiya Hari,reliable,Site_8,2026-05-28,present
78,Ekiya Hari,reliable,Site_8,2026-05-29,present
78,Ekiya Hari,reliable,Site_8,2026-05-30,present
78,Ekiya Hari,reliable,Site_10,2026-06-01,present
78,Ekiya Hari,reliable,Site_8,2026-06-02,present
78,Ekiya Hari,reliable,Site_10,2026-06-03,present
78,Ekiya Hari,reliable,Site_8,2026-06-04,present
78,Ekiya Hari,reliable,Site_10,2026-06-05,present
78,Ekiya Hari,reliable,Site_10,2026-06-06,present
78,Ekiya Hari,reliable,Site_10,2026-06-08,present
78,Ekiya Hari,reliable,Site_8,2026-06-09,present
78,Ekiya Hari,reliable,Site_8,2026-06-10,present
78,Ekiya Hari,reliable,Site_8,2026-06-11,present
78,Ekiya Hari,reliable,Site_8,2026-06-12,present
78,Ekiya Hari,reliable,Site_8,2026-06-13,present
78,Ekiya Hari,reliable,Site_10,2026-06-15,present
78,Ekiya Hari,reliable,Site_10,2026-06-16,present
78,Ekiya Hari,reliable,Site_8,2026-06-17,present
78,Ekiya Hari,reliable,Site_8,2026-06-18,present
78,Ekiya Hari,reliable,Site_8,2026-06-19,present
78,Ekiya Hari,reliable,Site_8,2026-06-20,present
78,Ekiya Hari,reliable,Site_10,2026-06-22,present
78,Ekiya Hari,reliable,Site_10,2026-06-23,present
78,Ekiya Hari,reliable,Site_10,2026-06-24,present
78,Ekiya Hari,reliable,Site_10,2026-06-25,present
78,Ekiya Hari,reliable,Site_10,2026-06-26,present
78,Ekiya Hari,reliable,Site_10,2026-06-27,absent
78,Ekiya Hari,reliable,Site_10,2026-06-29,present
78,Ekiya Hari,reliable,Site_10,2026-06-30,present
78,Ekiya Hari,reliable,Site_8,2026-07-01,present
78,Ekiya Hari,reliable,Site_8,2026-07-02,present
78,Ekiya Hari,reliable,Site_10,2026-07-03,present
78,Ekiya Hari,reliable,Site_8,2026-07-04,present
78,Ekiya Hari,reliable,Site_10,2026-07-06,present
78,Ekiya Hari,reliable,Site_10,2026-07-07,absent
78,Ekiya Hari,reliable,Site_10,2026-07-08,present
78,Ekiya Hari,reliable,Site_10,2026-07-09,present
78,Ekiya Hari,reliable,Site_10,2026-07-10,present
79,Yamini Sen,moderate,Site_10,2026-04-14,present
79,Yamini Sen,moderate,Site_10,2026-04-15,present
79,Yamini Sen,moderate,Site_10,2026-04-16,absent
79,Yamini Sen,moderate,Site_10,2026-04-17,present
79,Yamini Sen,moderate,Site_10,2026-04-18,present
79,Yamini Sen,moderate,Site_10,2026-04-20,absent
79,Yamini Sen,moderate,Site_10,2026-04-21,present
79,Yamini Sen,moderate,Site_10,2026-04-22,absent
79,Yamini Sen,moderate,Site_10,2026-04-23,absent
79,Yamini Sen,moderate,Site_10,2026-04-24,present
79,Yamini Sen,moderate,Site_10,2026-04-25,present
79,Yamini Sen,moderate,Site_10,2026-04-27,present
79,Yamini Sen,moderate,Site_10,2026-04-28,present
79,Yamini Sen,moderate,Site_10,2026-04-29,present
79,Yamini Sen,moderate,Site_10,2026-04-30,present
79,Yamini Sen,moderate,Site_10,2026-05-01,absent
79,Yamini Sen,moderate,Site_10,2026-05-02,present
79,Yamini Sen,moderate,Site_10,2026-05-04,absent
79,Yamini Sen,moderate,Site_10,2026-05-05,present
79,Yamini Sen,moderate,Site_10,2026-05-06,absent
79,Yamini Sen,moderate,Site_10,2026-05-07,present
79,Yamini Sen,moderate,Site_10,2026-05-08,present
79,Yamini Sen,moderate,Site_10,2026-05-09,present
79,Yamini Sen,moderate,Site_10,2026-05-11,present
79,Yamini Sen,moderate,Site_10,2026-05-12,present
79,Yamini Sen,moderate,Site_10,2026-05-13,present
79,Yamini Sen,moderate,Site_10,2026-05-14,present
79,Yamini Sen,moderate,Site_10,2026-05-15,present
79,Yamini Sen,moderate,Site_10,2026-05-16,present
79,Yamini Sen,moderate,Site_10,2026-05-18,present
79,Yamini Sen,moderate,Site_10,2026-05-19,present
79,Yamini Sen,moderate,Site_10,2026-05-20,present
79,Yamini Sen,moderate,Site_10,2026-05-21,present
79,Yamini Sen,moderate,Site_10,2026-05-22,present
79,Yamini Sen,moderate,Site_10,2026-05-23,present
79,Yamini Sen,moderate,Site_10,2026-05-25,absent
79,Yamini Sen,moderate,Site_10,2026-05-26,present
79,Yamini Sen,moderate,Site_10,2026-05-27,absent
79,Yamini Sen,moderate,Site_10,2026-05-28,present
79,Yamini Sen,moderate,Site_10,2026-05-29,present
79,Yamini Sen,moderate,Site_10,2026-05-30,absent
79,Yamini Sen,moderate,Site_10,2026-06-01,present
79,Yamini Sen,moderate,Site_10,2026-06-02,absent
79,Yamini Sen,moderate,Site_10,2026-06-03,present
79,Yamini Sen,moderate,Site_10,2026-06-04,present
79,Yamini Sen,moderate,Site_10,2026-06-05,present
79,Yamini Sen,moderate,Site_10,2026-06-06,present
79,Yamini Sen,moderate,Site_10,2026-06-08,absent
79,Yamini Sen,moderate,Site_10,2026-06-09,absent
79,Yamini Sen,moderate,Site_10,2026-06-10,absent
79,Yamini Sen,moderate,Site_10,2026-06-11,absent
79,Yamini Sen,moderate,Site_10,2026-06-12,absent
79,Yamini Sen,moderate,Site_10,2026-06-13,present
79,Yamini Sen,moderate,Site_10,2026-06-15,present
79,Yamini Sen,moderate,Site_10,2026-06-16,absent
79,Yamini Sen,moderate,Site_10,2026-06-17,present
79,Yamini Sen,moderate,Site_10,2026-06-18,present
79,Yamini Sen,moderate,Site_10,2026-06-19,present
79,Yamini Sen,moderate,Site_10,2026-06-20,present
79,Yamini Sen,moderate,Site_10,2026-06-22,present
79,Yamini Sen,moderate,Site_10,2026-06-23,present
79,Yamini Sen,moderate,Site_10,2026-06-24,present
79,Yamini Sen,moderate,Site_10,2026-06-25,present
79,Yamini Sen,moderate,Site_10,2026-06-26,present
79,Yamini Sen,moderate,Site_10,2026-06-27,present
79,Yamini Sen,moderate,Site_10,2026-06-29,present
79,Yamini Sen,moderate,Site_10,2026-06-30,present
79,Yamini Sen,moderate,Site_10,2026-07-01,present
79,Yamini Sen,moderate,Site_10,2026-07-02,present
79,Yamini Sen,moderate,Site_10,2026-07-03,absent
79,Yamini Sen,moderate,Site_10,2026-07-04,present
79,Yamini Sen,moderate,Site_10,2026-07-06,present
79,Yamini Sen,moderate,Site_10,2026-07-07,present
79,Yamini Sen,moderate,Site_10,2026-07-08,present
79,Yamini Sen,moderate,Site_10,2026-07-09,absent
79,Yamini Sen,moderate,Site_10,2026-07-10,present
80,Damyanti Oza,moderate,Site_7,2026-04-28,present
80,Damyanti Oza,moderate,Site_7,2026-04-29,present
80,Damyanti Oza,moderate,Site_7,2026-04-30,present
80,Damyanti Oza,moderate,Site_7,2026-05-01,present
80,Damyanti Oza,moderate,Site_7,2026-05-02,present
80,Damyanti Oza,moderate,Site_7,2026-05-04,absent
80,Damyanti Oza,moderate,Site_7,2026-05-05,present
80,Damyanti Oza,moderate,Site_7,2026-05-06,absent
80,Damyanti Oza,moderate,Site_7,2026-05-07,absent
80,Damyanti Oza,moderate,Site_7,2026-05-08,absent
80,Damyanti Oza,moderate,Site_7,2026-05-09,present
80,Damyanti Oza,moderate,Site_7,2026-05-11,present
80,Damyanti Oza,moderate,Site_7,2026-05-12,absent
80,Damyanti Oza,moderate,Site_7,2026-05-13,present
80,Damyanti Oza,moderate,Site_7,2026-05-14,present
80,Damyanti Oza,moderate,Site_7,2026-05-15,present
80,Damyanti Oza,moderate,Site_7,2026-05-16,present
80,Damyanti Oza,moderate,Site_7,2026-05-18,present
80,Damyanti Oza,moderate,Site_7,2026-05-19,present
80,Damyanti Oza,moderate,Site_7,2026-05-20,present
80,Damyanti Oza,moderate,Site_7,2026-05-21,present
80,Damyanti Oza,moderate,Site_7,2026-05-22,present
80,Damyanti Oza,moderate,Site_7,2026-05-23,present
80,Damyanti Oza,moderate,Site_7,2026-05-25,absent
80,Damyanti Oza,moderate,Site_7,2026-05-26,present
80,Damyanti Oza,moderate,Site_7,2026-05-27,absent
80,Damyanti Oza,moderate,Site_7,2026-05-28,present
80,Damyanti Oza,moderate,Site_7,2026-05-29,present
80,Damyanti Oza,moderate,Site_7,2026-05-30,absent
80,Damyanti Oza,moderate,Site_7,2026-06-01,absent
80,Damyanti Oza,moderate,Site_7,2026-06-02,present
80,Damyanti Oza,moderate,Site_7,2026-06-03,present
80,Damyanti Oza,moderate,Site_7,2026-06-04,absent
80,Damyanti Oza,moderate,Site_7,2026-06-05,present
80,Damyanti Oza,moderate,Site_7,2026-06-06,present
80,Damyanti Oza,moderate,Site_7,2026-06-08,present
80,Damyanti Oza,moderate,Site_7,2026-06-09,present
80,Damyanti Oza,moderate,Site_7,2026-06-10,present
80,Damyanti Oza,moderate,Site_7,2026-06-11,present
80,Damyanti Oza,moderate,Site_7,2026-06-12,present
80,Damyanti Oza,moderate,Site_7,2026-06-13,present
80,Damyanti Oza,moderate,Site_7,2026-06-15,absent
80,Damyanti Oza,moderate,Site_7,2026-06-16,absent
80,Damyanti Oza,moderate,Site_7,2026-06-17,present
80,Damyanti Oza,moderate,Site_7,2026-06-18,present
80,Damyanti Oza,moderate,Site_7,2026-06-19,present
80,Damyanti Oza,moderate,Site_7,2026-06-20,present
80,Damyanti Oza,moderate,Site_7,2026-06-22,absent
80,Damyanti Oza,moderate,Site_7,2026-06-23,absent
80,Damyanti Oza,moderate,Site_7,2026-06-24,present
80,Damyanti Oza,moderate,Site_7,2026-06-25,present
80,Damyanti Oza,moderate,Site_7,2026-06-26,present
80,Damyanti Oza,moderate,Site_7,2026-06-27,present
80,Damyanti Oza,moderate,Site_7,2026-06-29,present
80,Damyanti Oza,moderate,Site_7,2026-06-30,present
80,Damyanti Oza,moderate,Site_7,2026-07-01,present
80,Damyanti Oza,moderate,Site_7,2026-07-02,present
80,Damyanti Oza,moderate,Site_7,2026-07-03,present
80,Damyanti Oza,moderate,Site_7,2026-07-04,absent
80,Damyanti Oza,moderate,Site_7,2026-07-06,present
80,Damyanti Oza,moderate,Site_7,2026-07-07,present
80,Damyanti Oza,moderate,Site_7,2026-07-08,present
80,Damyanti Oza,moderate,Site_7,2026-07-09,present
80,Damyanti Oza,moderate,Site_7,2026-07-10,present
81,Yashasvi Swamy,moderate,Site_7,2026-03-31,present
81,Yashasvi Swamy,moderate,Site_9,2026-04-01,present
81,Yashasvi Swamy,moderate,Site_9,2026-04-02,present
81,Yashasvi Swamy,moderate,Site_9,2026-04-03,present
81,Yashasvi Swamy,moderate,Site_9,2026-04-04,present
81,Yashasvi Swamy,moderate,Site_7,2026-04-06,present
81,Yashasvi Swamy,moderate,Site_9,2026-04-07,present
81,Yashasvi Swamy,moderate,Site_7,2026-04-08,present
81,Yashasvi Swamy,moderate,Site_9,2026-04-09,present
81,Yashasvi Swamy,moderate,Site_9,2026-04-10,present
81,Yashasvi Swamy,moderate,Site_9,2026-04-11,present
81,Yashasvi Swamy,moderate,Site_9,2026-04-13,absent
81,Yashasvi Swamy,moderate,Site_9,2026-04-14,present
81,Yashasvi Swamy,moderate,Site_7,2026-04-15,present
81,Yashasvi Swamy,moderate,Site_9,2026-04-16,present
81,Yashasvi Swamy,moderate,Site_7,2026-04-17,absent
81,Yashasvi Swamy,moderate,Site_7,2026-04-18,absent
81,Yashasvi Swamy,moderate,Site_7,2026-04-20,present
81,Yashasvi Swamy,moderate,Site_7,2026-04-21,present
81,Yashasvi Swamy,moderate,Site_9,2026-04-22,present
81,Yashasvi Swamy,moderate,Site_9,2026-04-23,present
81,Yashasvi Swamy,moderate,Site_9,2026-04-24,present
81,Yashasvi Swamy,moderate,Site_9,2026-04-25,absent
81,Yashasvi Swamy,moderate,Site_9,2026-04-27,present
81,Yashasvi Swamy,moderate,Site_7,2026-04-28,present
81,Yashasvi Swamy,moderate,Site_7,2026-04-29,present
81,Yashasvi Swamy,moderate,Site_7,2026-04-30,present
81,Yashasvi Swamy,moderate,Site_9,2026-05-01,present
81,Yashasvi Swamy,moderate,Site_9,2026-05-02,absent
81,Yashasvi Swamy,moderate,Site_9,2026-05-04,absent
81,Yashasvi Swamy,moderate,Site_9,2026-05-05,present
81,Yashasvi Swamy,moderate,Site_7,2026-05-06,absent
81,Yashasvi Swamy,moderate,Site_9,2026-05-07,present
81,Yashasvi Swamy,moderate,Site_7,2026-05-08,present
81,Yashasvi Swamy,moderate,Site_9,2026-05-09,absent
81,Yashasvi Swamy,moderate,Site_9,2026-05-11,present
81,Yashasvi Swamy,moderate,Site_7,2026-05-12,absent
81,Yashasvi Swamy,moderate,Site_9,2026-05-13,absent
81,Yashasvi Swamy,moderate,Site_9,2026-05-14,absent
81,Yashasvi Swamy,moderate,Site_7,2026-05-15,present
81,Yashasvi Swamy,moderate,Site_9,2026-05-16,present
81,Yashasvi Swamy,moderate,Site_9,2026-05-18,present
81,Yashasvi Swamy,moderate,Site_7,2026-05-19,absent
81,Yashasvi Swamy,moderate,Site_9,2026-05-20,present
81,Yashasvi Swamy,moderate,Site_7,2026-05-21,present
81,Yashasvi Swamy,moderate,Site_7,2026-05-22,present
81,Yashasvi Swamy,moderate,Site_7,2026-05-23,absent
81,Yashasvi Swamy,moderate,Site_9,2026-05-25,absent
81,Yashasvi Swamy,moderate,Site_9,2026-05-26,present
81,Yashasvi Swamy,moderate,Site_9,2026-05-27,present
81,Yashasvi Swamy,moderate,Site_9,2026-05-28,present
81,Yashasvi Swamy,moderate,Site_7,2026-05-29,present
81,Yashasvi Swamy,moderate,Site_7,2026-05-30,present
81,Yashasvi Swamy,moderate,Site_7,2026-06-01,present
81,Yashasvi Swamy,moderate,Site_7,2026-06-02,present
81,Yashasvi Swamy,moderate,Site_7,2026-06-03,present
81,Yashasvi Swamy,moderate,Site_9,2026-06-04,present
81,Yashasvi Swamy,moderate,Site_9,2026-06-05,absent
81,Yashasvi Swamy,moderate,Site_9,2026-06-06,present
81,Yashasvi Swamy,moderate,Site_9,2026-06-08,present
81,Yashasvi Swamy,moderate,Site_7,2026-06-09,absent
81,Yashasvi Swamy,moderate,Site_7,2026-06-10,present
81,Yashasvi Swamy,moderate,Site_7,2026-06-11,present
81,Yashasvi Swamy,moderate,Site_7,2026-06-12,present
81,Yashasvi Swamy,moderate,Site_7,2026-06-13,present
81,Yashasvi Swamy,moderate,Site_7,2026-06-15,present
81,Yashasvi Swamy,moderate,Site_9,2026-06-16,present
81,Yashasvi Swamy,moderate,Site_7,2026-06-17,present
81,Yashasvi Swamy,moderate,Site_7,2026-06-18,present
81,Yashasvi Swamy,moderate,Site_9,2026-06-19,absent
81,Yashasvi Swamy,moderate,Site_7,2026-06-20,present
81,Yashasvi Swamy,moderate,Site_9,2026-06-22,absent
81,Yashasvi Swamy,moderate,Site_9,2026-06-23,present
81,Yashasvi Swamy,moderate,Site_9,2026-06-24,present
81,Yashasvi Swamy,moderate,Site_9,2026-06-25,present
81,Yashasvi Swamy,moderate,Site_9,2026-06-26,present
81,Yashasvi Swamy,moderate,Site_9,2026-06-27,present
81,Yashasvi Swamy,moderate,Site_9,2026-06-29,present
81,Yashasvi Swamy,moderate,Site_9,2026-06-30,present
81,Yashasvi Swamy,moderate,Site_7,2026-07-01,present
81,Yashasvi Swamy,moderate,Site_9,2026-07-02,absent
81,Yashasvi Swamy,moderate,Site_7,2026-07-03,present
81,Yashasvi Swamy,moderate,Site_7,2026-07-04,present
81,Yashasvi Swamy,moderate,Site_9,2026-07-06,present
81,Yashasvi Swamy,moderate,Site_9,2026-07-07,present
81,Yashasvi Swamy,moderate,Site_9,2026-07-08,present
81,Yashasvi Swamy,moderate,Site_9,2026-07-09,absent
81,Yashasvi Swamy,moderate,Site_9,2026-07-10,present
82,Jacob Bhardwaj,reliable,Site_1,2026-02-27,present
82,Jacob Bhardwaj,reliable,Site_1,2026-02-28,present
82,Jacob Bhardwaj,reliable,Site_2,2026-03-02,present
82,Jacob Bhardwaj,reliable,Site_1,2026-03-03,present
82,Jacob Bhardwaj,reliable,Site_1,2026-03-04,present
82,Jacob Bhardwaj,reliable,Site_1,2026-03-05,present
82,Jacob Bhardwaj,reliable,Site_1,2026-03-06,present
82,Jacob Bhardwaj,reliable,Site_1,2026-03-07,present
82,Jacob Bhardwaj,reliable,Site_1,2026-03-09,present
82,Jacob Bhardwaj,reliable,Site_2,2026-03-10,present
82,Jacob Bhardwaj,reliable,Site_1,2026-03-11,present
82,Jacob Bhardwaj,reliable,Site_2,2026-03-12,present
82,Jacob Bhardwaj,reliable,Site_2,2026-03-13,present
82,Jacob Bhardwaj,reliable,Site_2,2026-03-14,present
82,Jacob Bhardwaj,reliable,Site_1,2026-03-16,present
82,Jacob Bhardwaj,reliable,Site_2,2026-03-17,present
82,Jacob Bhardwaj,reliable,Site_1,2026-03-18,present
82,Jacob Bhardwaj,reliable,Site_1,2026-03-19,present
82,Jacob Bhardwaj,reliable,Site_1,2026-03-20,present
82,Jacob Bhardwaj,reliable,Site_2,2026-03-21,present
82,Jacob Bhardwaj,reliable,Site_2,2026-03-23,present
82,Jacob Bhardwaj,reliable,Site_1,2026-03-24,present
82,Jacob Bhardwaj,reliable,Site_2,2026-03-25,present
82,Jacob Bhardwaj,reliable,Site_1,2026-03-26,present
82,Jacob Bhardwaj,reliable,Site_2,2026-03-27,present
82,Jacob Bhardwaj,reliable,Site_2,2026-03-28,present
82,Jacob Bhardwaj,reliable,Site_2,2026-03-30,present
82,Jacob Bhardwaj,reliable,Site_2,2026-03-31,present
82,Jacob Bhardwaj,reliable,Site_1,2026-04-01,present
82,Jacob Bhardwaj,reliable,Site_1,2026-04-02,present
82,Jacob Bhardwaj,reliable,Site_2,2026-04-03,present
82,Jacob Bhardwaj,reliable,Site_2,2026-04-04,present
82,Jacob Bhardwaj,reliable,Site_2,2026-04-06,present
82,Jacob Bhardwaj,reliable,Site_2,2026-04-07,present
82,Jacob Bhardwaj,reliable,Site_1,2026-04-08,present
82,Jacob Bhardwaj,reliable,Site_2,2026-04-09,present
82,Jacob Bhardwaj,reliable,Site_1,2026-04-10,present
82,Jacob Bhardwaj,reliable,Site_2,2026-04-11,present
82,Jacob Bhardwaj,reliable,Site_1,2026-04-13,present
82,Jacob Bhardwaj,reliable,Site_1,2026-04-14,present
82,Jacob Bhardwaj,reliable,Site_1,2026-04-15,present
82,Jacob Bhardwaj,reliable,Site_1,2026-04-16,present
82,Jacob Bhardwaj,reliable,Site_1,2026-04-17,present
82,Jacob Bhardwaj,reliable,Site_1,2026-04-18,present
82,Jacob Bhardwaj,reliable,Site_1,2026-04-20,present
82,Jacob Bhardwaj,reliable,Site_2,2026-04-21,present
82,Jacob Bhardwaj,reliable,Site_2,2026-04-22,present
82,Jacob Bhardwaj,reliable,Site_2,2026-04-23,present
82,Jacob Bhardwaj,reliable,Site_2,2026-04-24,present
82,Jacob Bhardwaj,reliable,Site_1,2026-04-25,present
82,Jacob Bhardwaj,reliable,Site_1,2026-04-27,present
82,Jacob Bhardwaj,reliable,Site_1,2026-04-28,present
82,Jacob Bhardwaj,reliable,Site_2,2026-04-29,present
82,Jacob Bhardwaj,reliable,Site_2,2026-04-30,present
82,Jacob Bhardwaj,reliable,Site_2,2026-05-01,present
82,Jacob Bhardwaj,reliable,Site_2,2026-05-02,present
82,Jacob Bhardwaj,reliable,Site_2,2026-05-04,present
82,Jacob Bhardwaj,reliable,Site_2,2026-05-05,present
82,Jacob Bhardwaj,reliable,Site_2,2026-05-06,present
82,Jacob Bhardwaj,reliable,Site_1,2026-05-07,present
82,Jacob Bhardwaj,reliable,Site_2,2026-05-08,present
82,Jacob Bhardwaj,reliable,Site_1,2026-05-09,present
82,Jacob Bhardwaj,reliable,Site_2,2026-05-11,present
82,Jacob Bhardwaj,reliable,Site_2,2026-05-12,present
82,Jacob Bhardwaj,reliable,Site_1,2026-05-13,present
82,Jacob Bhardwaj,reliable,Site_2,2026-05-14,present
82,Jacob Bhardwaj,reliable,Site_2,2026-05-15,present
82,Jacob Bhardwaj,reliable,Site_2,2026-05-16,present
82,Jacob Bhardwaj,reliable,Site_2,2026-05-18,present
82,Jacob Bhardwaj,reliable,Site_2,2026-05-19,present
82,Jacob Bhardwaj,reliable,Site_1,2026-05-20,present
82,Jacob Bhardwaj,reliable,Site_1,2026-05-21,absent
82,Jacob Bhardwaj,reliable,Site_1,2026-05-22,present
82,Jacob Bhardwaj,reliable,Site_1,2026-05-23,present
82,Jacob Bhardwaj,reliable,Site_2,2026-05-25,present
82,Jacob Bhardwaj,reliable,Site_2,2026-05-26,present
82,Jacob Bhardwaj,reliable,Site_1,2026-05-27,present
82,Jacob Bhardwaj,reliable,Site_1,2026-05-28,present
82,Jacob Bhardwaj,reliable,Site_1,2026-05-29,present
82,Jacob Bhardwaj,reliable,Site_2,2026-05-30,present
82,Jacob Bhardwaj,reliable,Site_2,2026-06-01,present
82,Jacob Bhardwaj,reliable,Site_2,2026-06-02,present
82,Jacob Bhardwaj,reliable,Site_2,2026-06-03,present
82,Jacob Bhardwaj,reliable,Site_2,2026-06-04,present
82,Jacob Bhardwaj,reliable,Site_1,2026-06-05,present
82,Jacob Bhardwaj,reliable,Site_1,2026-06-06,present
82,Jacob Bhardwaj,reliable,Site_2,2026-06-08,present
82,Jacob Bhardwaj,reliable,Site_2,2026-06-09,present
82,Jacob Bhardwaj,reliable,Site_2,2026-06-10,present
82,Jacob Bhardwaj,reliable,Site_2,2026-06-11,present
82,Jacob Bhardwaj,reliable,Site_1,2026-06-12,absent
82,Jacob Bhardwaj,reliable,Site_1,2026-06-13,present
82,Jacob Bhardwaj,reliable,Site_1,2026-06-15,present
82,Jacob Bhardwaj,reliable,Site_1,2026-06-16,present
82,Jacob Bhardwaj,reliable,Site_1,2026-06-17,present
82,Jacob Bhardwaj,reliable,Site_2,2026-06-18,present
82,Jacob Bhardwaj,reliable,Site_2,2026-06-19,present
82,Jacob Bhardwaj,reliable,Site_1,2026-06-20,present
82,Jacob Bhardwaj,reliable,Site_1,2026-06-22,present
82,Jacob Bhardwaj,reliable,Site_1,2026-06-23,present
82,Jacob Bhardwaj,reliable,Site_2,2026-06-24,present
82,Jacob Bhardwaj,reliable,Site_2,2026-06-25,present
82,Jacob Bhardwaj,reliable,Site_1,2026-06-26,present
82,Jacob Bhardwaj,reliable,Site_2,2026-06-27,present
82,Jacob Bhardwaj,reliable,Site_2,2026-06-29,present
82,Jacob Bhardwaj,reliable,Site_1,2026-06-30,present
82,Jacob Bhardwaj,reliable,Site_2,2026-07-01,present
82,Jacob Bhardwaj,reliable,Site_2,2026-07-02,present
82,Jacob Bhardwaj,reliable,Site_1,2026-07-03,present
82,Jacob Bhardwaj,reliable,Site_1,2026-07-04,present
82,Jacob Bhardwaj,reliable,Site_2,2026-07-06,present
82,Jacob Bhardwaj,reliable,Site_2,2026-07-07,present
82,Jacob Bhardwaj,reliable,Site_2,2026-07-08,present
82,Jacob Bhardwaj,reliable,Site_2,2026-07-09,present
82,Jacob Bhardwaj,reliable,Site_2,2026-07-10,present
83,Charvi Zachariah,reliable,Site_5,2026-01-24,present
83,Charvi Zachariah,reliable,Site_5,2026-01-26,present
83,Charvi Zachariah,reliable,Site_5,2026-01-27,present
83,Charvi Zachariah,reliable,Site_5,2026-01-28,present
83,Charvi Zachariah,reliable,Site_5,2026-01-29,present
83,Charvi Zachariah,reliable,Site_5,2026-01-30,present
83,Charvi Zachariah,reliable,Site_6,2026-01-31,present
83,Charvi Zachariah,reliable,Site_6,2026-02-02,absent
83,Charvi Zachariah,reliable,Site_6,2026-02-03,present
83,Charvi Zachariah,reliable,Site_6,2026-02-04,present
83,Charvi Zachariah,reliable,Site_5,2026-02-05,present
83,Charvi Zachariah,reliable,Site_6,2026-02-06,present
83,Charvi Zachariah,reliable,Site_5,2026-02-07,present
83,Charvi Zachariah,reliable,Site_6,2026-02-09,present
83,Charvi Zachariah,reliable,Site_6,2026-02-10,present
83,Charvi Zachariah,reliable,Site_5,2026-02-11,present
83,Charvi Zachariah,reliable,Site_5,2026-02-12,present
83,Charvi Zachariah,reliable,Site_5,2026-02-13,present
83,Charvi Zachariah,reliable,Site_5,2026-02-14,present
83,Charvi Zachariah,reliable,Site_5,2026-02-16,present
83,Charvi Zachariah,reliable,Site_5,2026-02-17,absent
83,Charvi Zachariah,reliable,Site_6,2026-02-18,present
83,Charvi Zachariah,reliable,Site_6,2026-02-19,present
83,Charvi Zachariah,reliable,Site_6,2026-02-20,present
83,Charvi Zachariah,reliable,Site_6,2026-02-21,present
83,Charvi Zachariah,reliable,Site_5,2026-02-23,present
83,Charvi Zachariah,reliable,Site_5,2026-02-24,present
83,Charvi Zachariah,reliable,Site_6,2026-02-25,present
83,Charvi Zachariah,reliable,Site_5,2026-02-26,present
83,Charvi Zachariah,reliable,Site_6,2026-02-27,present
83,Charvi Zachariah,reliable,Site_5,2026-02-28,present
83,Charvi Zachariah,reliable,Site_5,2026-03-02,present
83,Charvi Zachariah,reliable,Site_6,2026-03-03,present
83,Charvi Zachariah,reliable,Site_6,2026-03-04,present
83,Charvi Zachariah,reliable,Site_5,2026-03-05,present
83,Charvi Zachariah,reliable,Site_6,2026-03-06,present
83,Charvi Zachariah,reliable,Site_6,2026-03-07,present
83,Charvi Zachariah,reliable,Site_6,2026-03-09,present
83,Charvi Zachariah,reliable,Site_6,2026-03-10,present
83,Charvi Zachariah,reliable,Site_6,2026-03-11,present
83,Charvi Zachariah,reliable,Site_6,2026-03-12,present
83,Charvi Zachariah,reliable,Site_5,2026-03-13,present
83,Charvi Zachariah,reliable,Site_5,2026-03-14,present
83,Charvi Zachariah,reliable,Site_5,2026-03-16,present
83,Charvi Zachariah,reliable,Site_6,2026-03-17,present
83,Charvi Zachariah,reliable,Site_5,2026-03-18,present
83,Charvi Zachariah,reliable,Site_6,2026-03-19,present
83,Charvi Zachariah,reliable,Site_5,2026-03-20,present
83,Charvi Zachariah,reliable,Site_5,2026-03-21,present
83,Charvi Zachariah,reliable,Site_6,2026-03-23,present
83,Charvi Zachariah,reliable,Site_5,2026-03-24,present
83,Charvi Zachariah,reliable,Site_5,2026-03-25,present
83,Charvi Zachariah,reliable,Site_6,2026-03-26,present
83,Charvi Zachariah,reliable,Site_6,2026-03-27,present
83,Charvi Zachariah,reliable,Site_6,2026-03-28,present
83,Charvi Zachariah,reliable,Site_5,2026-03-30,absent
83,Charvi Zachariah,reliable,Site_6,2026-03-31,present
83,Charvi Zachariah,reliable,Site_6,2026-04-01,present
83,Charvi Zachariah,reliable,Site_5,2026-04-02,present
83,Charvi Zachariah,reliable,Site_5,2026-04-03,present
83,Charvi Zachariah,reliable,Site_5,2026-04-04,present
83,Charvi Zachariah,reliable,Site_5,2026-04-06,present
83,Charvi Zachariah,reliable,Site_5,2026-04-07,present
83,Charvi Zachariah,reliable,Site_6,2026-04-08,present
83,Charvi Zachariah,reliable,Site_5,2026-04-09,present
83,Charvi Zachariah,reliable,Site_6,2026-04-10,present
83,Charvi Zachariah,reliable,Site_5,2026-04-11,present
83,Charvi Zachariah,reliable,Site_6,2026-04-13,absent
83,Charvi Zachariah,reliable,Site_6,2026-04-14,present
83,Charvi Zachariah,reliable,Site_6,2026-04-15,present
83,Charvi Zachariah,reliable,Site_5,2026-04-16,present
83,Charvi Zachariah,reliable,Site_6,2026-04-17,present
83,Charvi Zachariah,reliable,Site_5,2026-04-18,present
83,Charvi Zachariah,reliable,Site_5,2026-04-20,present
83,Charvi Zachariah,reliable,Site_6,2026-04-21,present
83,Charvi Zachariah,reliable,Site_5,2026-04-22,present
83,Charvi Zachariah,reliable,Site_5,2026-04-23,present
83,Charvi Zachariah,reliable,Site_6,2026-04-24,present
83,Charvi Zachariah,reliable,Site_6,2026-04-25,present
83,Charvi Zachariah,reliable,Site_5,2026-04-27,present
83,Charvi Zachariah,reliable,Site_6,2026-04-28,present
83,Charvi Zachariah,reliable,Site_5,2026-04-29,present
83,Charvi Zachariah,reliable,Site_6,2026-04-30,present
83,Charvi Zachariah,reliable,Site_6,2026-05-01,present
83,Charvi Zachariah,reliable,Site_5,2026-05-02,present
83,Charvi Zachariah,reliable,Site_5,2026-05-04,present
83,Charvi Zachariah,reliable,Site_6,2026-05-05,present
83,Charvi Zachariah,reliable,Site_6,2026-05-06,present
83,Charvi Zachariah,reliable,Site_6,2026-05-07,present
83,Charvi Zachariah,reliable,Site_6,2026-05-08,present
83,Charvi Zachariah,reliable,Site_5,2026-05-09,absent
83,Charvi Zachariah,reliable,Site_6,2026-05-11,present
83,Charvi Zachariah,reliable,Site_5,2026-05-12,present
83,Charvi Zachariah,reliable,Site_6,2026-05-13,present
83,Charvi Zachariah,reliable,Site_6,2026-05-14,present
83,Charvi Zachariah,reliable,Site_5,2026-05-15,present
83,Charvi Zachariah,reliable,Site_5,2026-05-16,present
83,Charvi Zachariah,reliable,Site_6,2026-05-18,present
83,Charvi Zachariah,reliable,Site_5,2026-05-19,present
83,Charvi Zachariah,reliable,Site_6,2026-05-20,present
83,Charvi Zachariah,reliable,Site_5,2026-05-21,present
83,Charvi Zachariah,reliable,Site_6,2026-05-22,present
83,Charvi Zachariah,reliable,Site_6,2026-05-23,present
83,Charvi Zachariah,reliable,Site_6,2026-05-25,present
83,Charvi Zachariah,reliable,Site_5,2026-05-26,present
83,Charvi Zachariah,reliable,Site_6,2026-05-27,present
83,Charvi Zachariah,reliable,Site_6,2026-05-28,present
83,Charvi Zachariah,reliable,Site_6,2026-05-29,present
83,Charvi Zachariah,reliable,Site_6,2026-05-30,present
83,Charvi Zachariah,reliable,Site_6,2026-06-01,present
83,Charvi Zachariah,reliable,Site_6,2026-06-02,present
83,Charvi Zachariah,reliable,Site_5,2026-06-03,present
83,Charvi Zachariah,reliable,Site_6,2026-06-04,present
83,Charvi Zachariah,reliable,Site_5,2026-06-05,present
83,Charvi Zachariah,reliable,Site_5,2026-06-06,present
83,Charvi Zachariah,reliable,Site_5,2026-06-08,present
83,Charvi Zachariah,reliable,Site_5,2026-06-09,absent
83,Charvi Zachariah,reliable,Site_6,2026-06-10,present
83,Charvi Zachariah,reliable,Site_6,2026-06-11,present
83,Charvi Zachariah,reliable,Site_5,2026-06-12,present
83,Charvi Zachariah,reliable,Site_5,2026-06-13,present
83,Charvi Zachariah,reliable,Site_5,2026-06-15,present
83,Charvi Zachariah,reliable,Site_6,2026-06-16,present
83,Charvi Zachariah,reliable,Site_6,2026-06-17,present
83,Charvi Zachariah,reliable,Site_6,2026-06-18,present
83,Charvi Zachariah,reliable,Site_6,2026-06-19,present
83,Charvi Zachariah,reliable,Site_6,2026-06-20,present
83,Charvi Zachariah,reliable,Site_6,2026-06-22,present
83,Charvi Zachariah,reliable,Site_5,2026-06-23,present
83,Charvi Zachariah,reliable,Site_6,2026-06-24,present
83,Charvi Zachariah,reliable,Site_5,2026-06-25,present
83,Charvi Zachariah,reliable,Site_5,2026-06-26,present
83,Charvi Zachariah,reliable,Site_5,2026-06-27,present
83,Charvi Zachariah,reliable,Site_6,2026-06-29,present
83,Charvi Zachariah,reliable,Site_6,2026-06-30,present
83,Charvi Zachariah,reliable,Site_5,2026-07-01,present
83,Charvi Zachariah,reliable,Site_5,2026-07-02,present
83,Charvi Zachariah,reliable,Site_5,2026-07-03,absent
83,Charvi Zachariah,reliable,Site_5,2026-07-04,present
83,Charvi Zachariah,reliable,Site_5,2026-07-06,present
83,Charvi Zachariah,reliable,Site_5,2026-07-07,present
83,Charvi Zachariah,reliable,Site_6,2026-07-08,present
83,Charvi Zachariah,reliable,Site_6,2026-07-09,absent
83,Charvi Zachariah,reliable,Site_6,2026-07-10,present
84,Vanya Rastogi,reliable,Site_5,2026-02-20,present
84,Vanya Rastogi,reliable,Site_5,2026-02-21,present
84,Vanya Rastogi,reliable,Site_6,2026-02-23,present
84,Vanya Rastogi,reliable,Site_6,2026-02-24,present
84,Vanya Rastogi,reliable,Site_4,2026-02-25,present
84,Vanya Rastogi,reliable,Site_5,2026-02-26,present
84,Vanya Rastogi,reliable,Site_4,2026-02-27,present
84,Vanya Rastogi,reliable,Site_6,2026-02-28,present
84,Vanya Rastogi,reliable,Site_5,2026-03-02,present
84,Vanya Rastogi,reliable,Site_4,2026-03-03,present
84,Vanya Rastogi,reliable,Site_5,2026-03-04,absent
84,Vanya Rastogi,reliable,Site_6,2026-03-05,present
84,Vanya Rastogi,reliable,Site_4,2026-03-06,present
84,Vanya Rastogi,reliable,Site_6,2026-03-07,present
84,Vanya Rastogi,reliable,Site_5,2026-03-09,present
84,Vanya Rastogi,reliable,Site_6,2026-03-10,present
84,Vanya Rastogi,reliable,Site_5,2026-03-11,present
84,Vanya Rastogi,reliable,Site_6,2026-03-12,present
84,Vanya Rastogi,reliable,Site_5,2026-03-13,present
84,Vanya Rastogi,reliable,Site_5,2026-03-14,present
84,Vanya Rastogi,reliable,Site_6,2026-03-16,absent
84,Vanya Rastogi,reliable,Site_5,2026-03-17,present
84,Vanya Rastogi,reliable,Site_4,2026-03-18,present
84,Vanya Rastogi,reliable,Site_4,2026-03-19,present
84,Vanya Rastogi,reliable,Site_5,2026-03-20,present
84,Vanya Rastogi,reliable,Site_5,2026-03-21,present
84,Vanya Rastogi,reliable,Site_5,2026-03-23,present
84,Vanya Rastogi,reliable,Site_5,2026-03-24,present
84,Vanya Rastogi,reliable,Site_4,2026-03-25,present
84,Vanya Rastogi,reliable,Site_4,2026-03-26,present
84,Vanya Rastogi,reliable,Site_5,2026-03-27,present
84,Vanya Rastogi,reliable,Site_6,2026-03-28,present
84,Vanya Rastogi,reliable,Site_6,2026-03-30,present
84,Vanya Rastogi,reliable,Site_4,2026-03-31,present
84,Vanya Rastogi,reliable,Site_4,2026-04-01,present
84,Vanya Rastogi,reliable,Site_6,2026-04-02,present
84,Vanya Rastogi,reliable,Site_5,2026-04-03,present
84,Vanya Rastogi,reliable,Site_6,2026-04-04,present
84,Vanya Rastogi,reliable,Site_6,2026-04-06,present
84,Vanya Rastogi,reliable,Site_4,2026-04-07,present
84,Vanya Rastogi,reliable,Site_4,2026-04-08,present
84,Vanya Rastogi,reliable,Site_5,2026-04-09,present
84,Vanya Rastogi,reliable,Site_4,2026-04-10,present
84,Vanya Rastogi,reliable,Site_6,2026-04-11,present
84,Vanya Rastogi,reliable,Site_5,2026-04-13,present
84,Vanya Rastogi,reliable,Site_4,2026-04-14,present
84,Vanya Rastogi,reliable,Site_4,2026-04-15,present
84,Vanya Rastogi,reliable,Site_6,2026-04-16,present
84,Vanya Rastogi,reliable,Site_6,2026-04-17,present
84,Vanya Rastogi,reliable,Site_5,2026-04-18,present
84,Vanya Rastogi,reliable,Site_4,2026-04-20,present
84,Vanya Rastogi,reliable,Site_5,2026-04-21,present
84,Vanya Rastogi,reliable,Site_5,2026-04-22,present
84,Vanya Rastogi,reliable,Site_5,2026-04-23,present
84,Vanya Rastogi,reliable,Site_5,2026-04-24,present
84,Vanya Rastogi,reliable,Site_4,2026-04-25,present
84,Vanya Rastogi,reliable,Site_4,2026-04-27,present
84,Vanya Rastogi,reliable,Site_4,2026-04-28,present
84,Vanya Rastogi,reliable,Site_6,2026-04-29,present
84,Vanya Rastogi,reliable,Site_5,2026-04-30,present
84,Vanya Rastogi,reliable,Site_4,2026-05-01,present
84,Vanya Rastogi,reliable,Site_6,2026-05-02,present
84,Vanya Rastogi,reliable,Site_6,2026-05-04,present
84,Vanya Rastogi,reliable,Site_6,2026-05-05,present
84,Vanya Rastogi,reliable,Site_6,2026-05-06,present
84,Vanya Rastogi,reliable,Site_4,2026-05-07,present
84,Vanya Rastogi,reliable,Site_5,2026-05-08,present
84,Vanya Rastogi,reliable,Site_4,2026-05-09,present
84,Vanya Rastogi,reliable,Site_5,2026-05-11,present
84,Vanya Rastogi,reliable,Site_4,2026-05-12,present
84,Vanya Rastogi,reliable,Site_6,2026-05-13,present
84,Vanya Rastogi,reliable,Site_6,2026-05-14,present
84,Vanya Rastogi,reliable,Site_5,2026-05-15,present
84,Vanya Rastogi,reliable,Site_6,2026-05-16,present
84,Vanya Rastogi,reliable,Site_5,2026-05-18,present
84,Vanya Rastogi,reliable,Site_6,2026-05-19,present
84,Vanya Rastogi,reliable,Site_4,2026-05-20,present
84,Vanya Rastogi,reliable,Site_6,2026-05-21,present
84,Vanya Rastogi,reliable,Site_6,2026-05-22,present
84,Vanya Rastogi,reliable,Site_6,2026-05-23,present
84,Vanya Rastogi,reliable,Site_6,2026-05-25,present
84,Vanya Rastogi,reliable,Site_4,2026-05-26,present
84,Vanya Rastogi,reliable,Site_6,2026-05-27,present
84,Vanya Rastogi,reliable,Site_4,2026-05-28,present
84,Vanya Rastogi,reliable,Site_5,2026-05-29,present
84,Vanya Rastogi,reliable,Site_6,2026-05-30,present
84,Vanya Rastogi,reliable,Site_6,2026-06-01,present
84,Vanya Rastogi,reliable,Site_6,2026-06-02,present
84,Vanya Rastogi,reliable,Site_6,2026-06-03,present
84,Vanya Rastogi,reliable,Site_6,2026-06-04,present
84,Vanya Rastogi,reliable,Site_6,2026-06-05,present
84,Vanya Rastogi,reliable,Site_4,2026-06-06,present
84,Vanya Rastogi,reliable,Site_4,2026-06-08,present
84,Vanya Rastogi,reliable,Site_4,2026-06-09,present
84,Vanya Rastogi,reliable,Site_4,2026-06-10,present
84,Vanya Rastogi,reliable,Site_4,2026-06-11,present
84,Vanya Rastogi,reliable,Site_6,2026-06-12,present
84,Vanya Rastogi,reliable,Site_5,2026-06-13,present
84,Vanya Rastogi,reliable,Site_4,2026-06-15,present
84,Vanya Rastogi,reliable,Site_6,2026-06-16,present
84,Vanya Rastogi,reliable,Site_6,2026-06-17,present
84,Vanya Rastogi,reliable,Site_5,2026-06-18,present
84,Vanya Rastogi,reliable,Site_5,2026-06-19,present
84,Vanya Rastogi,reliable,Site_5,2026-06-20,present
84,Vanya Rastogi,reliable,Site_5,2026-06-22,present
84,Vanya Rastogi,reliable,Site_4,2026-06-23,present
84,Vanya Rastogi,reliable,Site_4,2026-06-24,present
84,Vanya Rastogi,reliable,Site_4,2026-06-25,present
84,Vanya Rastogi,reliable,Site_6,2026-06-26,present
84,Vanya Rastogi,reliable,Site_6,2026-06-27,present
84,Vanya Rastogi,reliable,Site_6,2026-06-29,present
84,Vanya Rastogi,reliable,Site_4,2026-06-30,present
84,Vanya Rastogi,reliable,Site_5,2026-07-01,present
84,Vanya Rastogi,reliable,Site_4,2026-07-02,present
84,Vanya Rastogi,reliable,Site_5,2026-07-03,present
84,Vanya Rastogi,reliable,Site_4,2026-07-04,present
84,Vanya Rastogi,reliable,Site_4,2026-07-06,present
84,Vanya Rastogi,reliable,Site_4,2026-07-07,present
84,Vanya Rastogi,reliable,Site_5,2026-07-08,present
84,Vanya Rastogi,reliable,Site_5,2026-07-09,present
84,Vanya Rastogi,reliable,Site_5,2026-07-10,present
85,Bachittar Sem,moderate,Site_2,2026-05-04,present
85,Bachittar Sem,moderate,Site_6,2026-05-05,present
85,Bachittar Sem,moderate,Site_2,2026-05-06,present
85,Bachittar Sem,moderate,Site_2,2026-05-07,absent
85,Bachittar Sem,moderate,Site_6,2026-05-08,present
85,Bachittar Sem,moderate,Site_2,2026-05-09,present
85,Bachittar Sem,moderate,Site_6,2026-05-11,absent
85,Bachittar Sem,moderate,Site_2,2026-05-12,present
85,Bachittar Sem,moderate,Site_2,2026-05-13,present
85,Bachittar Sem,moderate,Site_2,2026-05-14,present
85,Bachittar Sem,moderate,Site_2,2026-05-15,present
85,Bachittar Sem,moderate,Site_6,2026-05-16,present
85,Bachittar Sem,moderate,Site_6,2026-05-18,present
85,Bachittar Sem,moderate,Site_2,2026-05-19,present
85,Bachittar Sem,moderate,Site_2,2026-05-20,present
85,Bachittar Sem,moderate,Site_2,2026-05-21,present
85,Bachittar Sem,moderate,Site_2,2026-05-22,present
85,Bachittar Sem,moderate,Site_6,2026-05-23,present
85,Bachittar Sem,moderate,Site_2,2026-05-25,present
85,Bachittar Sem,moderate,Site_6,2026-05-26,present
85,Bachittar Sem,moderate,Site_2,2026-05-27,present
85,Bachittar Sem,moderate,Site_2,2026-05-28,present
85,Bachittar Sem,moderate,Site_2,2026-05-29,present
85,Bachittar Sem,moderate,Site_2,2026-05-30,present
85,Bachittar Sem,moderate,Site_2,2026-06-01,absent
85,Bachittar Sem,moderate,Site_6,2026-06-02,present
85,Bachittar Sem,moderate,Site_6,2026-06-03,present
85,Bachittar Sem,moderate,Site_2,2026-06-04,present
85,Bachittar Sem,moderate,Site_2,2026-06-05,present
85,Bachittar Sem,moderate,Site_6,2026-06-06,present
85,Bachittar Sem,moderate,Site_2,2026-06-08,present
85,Bachittar Sem,moderate,Site_2,2026-06-09,absent
85,Bachittar Sem,moderate,Site_2,2026-06-10,absent
85,Bachittar Sem,moderate,Site_2,2026-06-11,present
85,Bachittar Sem,moderate,Site_6,2026-06-12,present
85,Bachittar Sem,moderate,Site_2,2026-06-13,absent
85,Bachittar Sem,moderate,Site_2,2026-06-15,present
85,Bachittar Sem,moderate,Site_2,2026-06-16,present
85,Bachittar Sem,moderate,Site_6,2026-06-17,present
85,Bachittar Sem,moderate,Site_6,2026-06-18,present
85,Bachittar Sem,moderate,Site_6,2026-06-19,present
85,Bachittar Sem,moderate,Site_2,2026-06-20,present
85,Bachittar Sem,moderate,Site_6,2026-06-22,present
85,Bachittar Sem,moderate,Site_2,2026-06-23,absent
85,Bachittar Sem,moderate,Site_6,2026-06-24,present
85,Bachittar Sem,moderate,Site_2,2026-06-25,present
85,Bachittar Sem,moderate,Site_2,2026-06-26,absent
85,Bachittar Sem,moderate,Site_6,2026-06-27,present
85,Bachittar Sem,moderate,Site_2,2026-06-29,present
85,Bachittar Sem,moderate,Site_2,2026-06-30,absent
85,Bachittar Sem,moderate,Site_6,2026-07-01,absent
85,Bachittar Sem,moderate,Site_2,2026-07-02,present
85,Bachittar Sem,moderate,Site_6,2026-07-03,present
85,Bachittar Sem,moderate,Site_2,2026-07-04,present
85,Bachittar Sem,moderate,Site_6,2026-07-06,present
85,Bachittar Sem,moderate,Site_6,2026-07-07,absent
85,Bachittar Sem,moderate,Site_2,2026-07-08,present
85,Bachittar Sem,moderate,Site_6,2026-07-09,present
85,Bachittar Sem,moderate,Site_2,2026-07-10,present
86,Reyansh Krishna,reliable,Site_4,2026-03-03,present
86,Reyansh Krishna,reliable,Site_5,2026-03-04,present
86,Reyansh Krishna,reliable,Site_5,2026-03-05,present
86,Reyansh Krishna,reliable,Site_4,2026-03-06,present
86,Reyansh Krishna,reliable,Site_4,2026-03-07,present
86,Reyansh Krishna,reliable,Site_5,2026-03-09,present
86,Reyansh Krishna,reliable,Site_5,2026-03-10,present
86,Reyansh Krishna,reliable,Site_5,2026-03-11,present
86,Reyansh Krishna,reliable,Site_5,2026-03-12,present
86,Reyansh Krishna,reliable,Site_5,2026-03-13,present
86,Reyansh Krishna,reliable,Site_5,2026-03-14,present
86,Reyansh Krishna,reliable,Site_5,2026-03-16,present
86,Reyansh Krishna,reliable,Site_5,2026-03-17,present
86,Reyansh Krishna,reliable,Site_4,2026-03-18,present
86,Reyansh Krishna,reliable,Site_4,2026-03-19,present
86,Reyansh Krishna,reliable,Site_5,2026-03-20,present
86,Reyansh Krishna,reliable,Site_5,2026-03-21,present
86,Reyansh Krishna,reliable,Site_5,2026-03-23,present
86,Reyansh Krishna,reliable,Site_5,2026-03-24,present
86,Reyansh Krishna,reliable,Site_5,2026-03-25,present
86,Reyansh Krishna,reliable,Site_5,2026-03-26,present
86,Reyansh Krishna,reliable,Site_5,2026-03-27,present
86,Reyansh Krishna,reliable,Site_4,2026-03-28,absent
86,Reyansh Krishna,reliable,Site_4,2026-03-30,present
86,Reyansh Krishna,reliable,Site_4,2026-03-31,present
86,Reyansh Krishna,reliable,Site_5,2026-04-01,present
86,Reyansh Krishna,reliable,Site_4,2026-04-02,present
86,Reyansh Krishna,reliable,Site_5,2026-04-03,present
86,Reyansh Krishna,reliable,Site_4,2026-04-04,present
86,Reyansh Krishna,reliable,Site_5,2026-04-06,present
86,Reyansh Krishna,reliable,Site_5,2026-04-07,present
86,Reyansh Krishna,reliable,Site_5,2026-04-08,present
86,Reyansh Krishna,reliable,Site_4,2026-04-09,present
86,Reyansh Krishna,reliable,Site_4,2026-04-10,present
86,Reyansh Krishna,reliable,Site_5,2026-04-11,present
86,Reyansh Krishna,reliable,Site_4,2026-04-13,present
86,Reyansh Krishna,reliable,Site_4,2026-04-14,present
86,Reyansh Krishna,reliable,Site_4,2026-04-15,present
86,Reyansh Krishna,reliable,Site_5,2026-04-16,present
86,Reyansh Krishna,reliable,Site_5,2026-04-17,present
86,Reyansh Krishna,reliable,Site_5,2026-04-18,present
86,Reyansh Krishna,reliable,Site_4,2026-04-20,present
86,Reyansh Krishna,reliable,Site_5,2026-04-21,present
86,Reyansh Krishna,reliable,Site_4,2026-04-22,present
86,Reyansh Krishna,reliable,Site_4,2026-04-23,present
86,Reyansh Krishna,reliable,Site_4,2026-04-24,present
86,Reyansh Krishna,reliable,Site_5,2026-04-25,present
86,Reyansh Krishna,reliable,Site_4,2026-04-27,absent
86,Reyansh Krishna,reliable,Site_4,2026-04-28,present
86,Reyansh Krishna,reliable,Site_4,2026-04-29,present
86,Reyansh Krishna,reliable,Site_4,2026-04-30,present
86,Reyansh Krishna,reliable,Site_4,2026-05-01,present
86,Reyansh Krishna,reliable,Site_5,2026-05-02,present
86,Reyansh Krishna,reliable,Site_5,2026-05-04,present
86,Reyansh Krishna,reliable,Site_4,2026-05-05,present
86,Reyansh Krishna,reliable,Site_4,2026-05-06,present
86,Reyansh Krishna,reliable,Site_4,2026-05-07,present
86,Reyansh Krishna,reliable,Site_4,2026-05-08,present
86,Reyansh Krishna,reliable,Site_4,2026-05-09,present
86,Reyansh Krishna,reliable,Site_4,2026-05-11,present
86,Reyansh Krishna,reliable,Site_4,2026-05-12,present
86,Reyansh Krishna,reliable,Site_4,2026-05-13,present
86,Reyansh Krishna,reliable,Site_4,2026-05-14,present
86,Reyansh Krishna,reliable,Site_5,2026-05-15,present
86,Reyansh Krishna,reliable,Site_5,2026-05-16,present
86,Reyansh Krishna,reliable,Site_5,2026-05-18,present
86,Reyansh Krishna,reliable,Site_4,2026-05-19,present
86,Reyansh Krishna,reliable,Site_4,2026-05-20,present
86,Reyansh Krishna,reliable,Site_4,2026-05-21,present
86,Reyansh Krishna,reliable,Site_5,2026-05-22,present
86,Reyansh Krishna,reliable,Site_5,2026-05-23,present
86,Reyansh Krishna,reliable,Site_5,2026-05-25,present
86,Reyansh Krishna,reliable,Site_5,2026-05-26,present
86,Reyansh Krishna,reliable,Site_5,2026-05-27,present
86,Reyansh Krishna,reliable,Site_5,2026-05-28,present
86,Reyansh Krishna,reliable,Site_5,2026-05-29,absent
86,Reyansh Krishna,reliable,Site_5,2026-05-30,present
86,Reyansh Krishna,reliable,Site_5,2026-06-01,present
86,Reyansh Krishna,reliable,Site_5,2026-06-02,present
86,Reyansh Krishna,reliable,Site_4,2026-06-03,present
86,Reyansh Krishna,reliable,Site_5,2026-06-04,present
86,Reyansh Krishna,reliable,Site_4,2026-06-05,present
86,Reyansh Krishna,reliable,Site_5,2026-06-06,present
86,Reyansh Krishna,reliable,Site_5,2026-06-08,present
86,Reyansh Krishna,reliable,Site_5,2026-06-09,present
86,Reyansh Krishna,reliable,Site_4,2026-06-10,present
86,Reyansh Krishna,reliable,Site_4,2026-06-11,present
86,Reyansh Krishna,reliable,Site_4,2026-06-12,present
86,Reyansh Krishna,reliable,Site_5,2026-06-13,present
86,Reyansh Krishna,reliable,Site_4,2026-06-15,present
86,Reyansh Krishna,reliable,Site_4,2026-06-16,present
86,Reyansh Krishna,reliable,Site_5,2026-06-17,present
86,Reyansh Krishna,reliable,Site_5,2026-06-18,present
86,Reyansh Krishna,reliable,Site_5,2026-06-19,present
86,Reyansh Krishna,reliable,Site_5,2026-06-20,present
86,Reyansh Krishna,reliable,Site_4,2026-06-22,present
86,Reyansh Krishna,reliable,Site_4,2026-06-23,present
86,Reyansh Krishna,reliable,Site_4,2026-06-24,present
86,Reyansh Krishna,reliable,Site_4,2026-06-25,present
86,Reyansh Krishna,reliable,Site_5,2026-06-26,present
86,Reyansh Krishna,reliable,Site_5,2026-06-27,present
86,Reyansh Krishna,reliable,Site_5,2026-06-29,present
86,Reyansh Krishna,reliable,Site_5,2026-06-30,present
86,Reyansh Krishna,reliable,Site_5,2026-07-01,present
86,Reyansh Krishna,reliable,Site_5,2026-07-02,present
86,Reyansh Krishna,reliable,Site_4,2026-07-03,present
86,Reyansh Krishna,reliable,Site_4,2026-07-04,present
86,Reyansh Krishna,reliable,Site_5,2026-07-06,present
86,Reyansh Krishna,reliable,Site_4,2026-07-07,present
86,Reyansh Krishna,reliable,Site_5,2026-07-08,present
86,Reyansh Krishna,reliable,Site_5,2026-07-09,present
86,Reyansh Krishna,reliable,Site_5,2026-07-10,present
87,Ansh Thakur,moderate,Site_9,2026-04-20,present
87,Ansh Thakur,moderate,Site_9,2026-04-21,absent
87,Ansh Thakur,moderate,Site_9,2026-04-22,absent
87,Ansh Thakur,moderate,Site_9,2026-04-23,present
87,Ansh Thakur,moderate,Site_9,2026-04-24,absent
87,Ansh Thakur,moderate,Site_9,2026-04-25,absent
87,Ansh Thakur,moderate,Site_9,2026-04-27,present
87,Ansh Thakur,moderate,Site_9,2026-04-28,present
87,Ansh Thakur,moderate,Site_9,2026-04-29,present
87,Ansh Thakur,moderate,Site_9,2026-04-30,present
87,Ansh Thakur,moderate,Site_9,2026-05-01,present
87,Ansh Thakur,moderate,Site_9,2026-05-02,present
87,Ansh Thakur,moderate,Site_9,2026-05-04,present
87,Ansh Thakur,moderate,Site_9,2026-05-05,present
87,Ansh Thakur,moderate,Site_9,2026-05-06,present
87,Ansh Thakur,moderate,Site_9,2026-05-07,present
87,Ansh Thakur,moderate,Site_9,2026-05-08,absent
87,Ansh Thakur,moderate,Site_9,2026-05-09,present
87,Ansh Thakur,moderate,Site_9,2026-05-11,present
87,Ansh Thakur,moderate,Site_9,2026-05-12,present
87,Ansh Thakur,moderate,Site_9,2026-05-13,absent
87,Ansh Thakur,moderate,Site_9,2026-05-14,present
87,Ansh Thakur,moderate,Site_9,2026-05-15,absent
87,Ansh Thakur,moderate,Site_9,2026-05-16,present
87,Ansh Thakur,moderate,Site_9,2026-05-18,absent
87,Ansh Thakur,moderate,Site_9,2026-05-19,present
87,Ansh Thakur,moderate,Site_9,2026-05-20,absent
87,Ansh Thakur,moderate,Site_9,2026-05-21,present
87,Ansh Thakur,moderate,Site_9,2026-05-22,present
87,Ansh Thakur,moderate,Site_9,2026-05-23,present
87,Ansh Thakur,moderate,Site_9,2026-05-25,absent
87,Ansh Thakur,moderate,Site_9,2026-05-26,present
87,Ansh Thakur,moderate,Site_9,2026-05-27,present
87,Ansh Thakur,moderate,Site_9,2026-05-28,present
87,Ansh Thakur,moderate,Site_9,2026-05-29,present
87,Ansh Thakur,moderate,Site_9,2026-05-30,present
87,Ansh Thakur,moderate,Site_9,2026-06-01,absent
87,Ansh Thakur,moderate,Site_9,2026-06-02,present
87,Ansh Thakur,moderate,Site_9,2026-06-03,present
87,Ansh Thakur,moderate,Site_9,2026-06-04,absent
87,Ansh Thakur,moderate,Site_9,2026-06-05,present
87,Ansh Thakur,moderate,Site_9,2026-06-06,absent
87,Ansh Thakur,moderate,Site_9,2026-06-08,present
87,Ansh Thakur,moderate,Site_9,2026-06-09,present
87,Ansh Thakur,moderate,Site_9,2026-06-10,present
87,Ansh Thakur,moderate,Site_9,2026-06-11,present
87,Ansh Thakur,moderate,Site_9,2026-06-12,absent
87,Ansh Thakur,moderate,Site_9,2026-06-13,absent
87,Ansh Thakur,moderate,Site_9,2026-06-15,present
87,Ansh Thakur,moderate,Site_9,2026-06-16,present
87,Ansh Thakur,moderate,Site_9,2026-06-17,absent
87,Ansh Thakur,moderate,Site_9,2026-06-18,absent
87,Ansh Thakur,moderate,Site_9,2026-06-19,present
87,Ansh Thakur,moderate,Site_9,2026-06-20,absent
87,Ansh Thakur,moderate,Site_9,2026-06-22,absent
87,Ansh Thakur,moderate,Site_9,2026-06-23,present
87,Ansh Thakur,moderate,Site_9,2026-06-24,present
87,Ansh Thakur,moderate,Site_9,2026-06-25,present
87,Ansh Thakur,moderate,Site_9,2026-06-26,present
87,Ansh Thakur,moderate,Site_9,2026-06-27,present
87,Ansh Thakur,moderate,Site_9,2026-06-29,present
87,Ansh Thakur,moderate,Site_9,2026-06-30,absent
87,Ansh Thakur,moderate,Site_9,2026-07-01,present
87,Ansh Thakur,moderate,Site_9,2026-07-02,present
87,Ansh Thakur,moderate,Site_9,2026-07-03,absent
87,Ansh Thakur,moderate,Site_9,2026-07-04,absent
87,Ansh Thakur,moderate,Site_9,2026-07-06,present
87,Ansh Thakur,moderate,Site_9,2026-07-07,present
87,Ansh Thakur,moderate,Site_9,2026-07-08,present
87,Ansh Thakur,moderate,Site_9,2026-07-09,present
87,Ansh Thakur,moderate,Site_9,2026-07-10,present
88,Tanish Patla,moderate,Site_1,2026-04-06,present
88,Tanish Patla,moderate,Site_1,2026-04-07,absent
88,Tanish Patla,moderate,Site_1,2026-04-08,absent
88,Tanish Patla,moderate,Site_1,2026-04-09,present
88,Tanish Patla,moderate,Site_1,2026-04-10,present
88,Tanish Patla,moderate,Site_1,2026-04-11,absent
88,Tanish Patla,moderate,Site_1,2026-04-13,present
88,Tanish Patla,moderate,Site_1,2026-04-14,present
88,Tanish Patla,moderate,Site_1,2026-04-15,present
88,Tanish Patla,moderate,Site_1,2026-04-16,present
88,Tanish Patla,moderate,Site_1,2026-04-17,present
88,Tanish Patla,moderate,Site_1,2026-04-18,present
88,Tanish Patla,moderate,Site_1,2026-04-20,present
88,Tanish Patla,moderate,Site_1,2026-04-21,absent
88,Tanish Patla,moderate,Site_1,2026-04-22,absent
88,Tanish Patla,moderate,Site_1,2026-04-23,present
88,Tanish Patla,moderate,Site_1,2026-04-24,present
88,Tanish Patla,moderate,Site_1,2026-04-25,absent
88,Tanish Patla,moderate,Site_1,2026-04-27,present
88,Tanish Patla,moderate,Site_1,2026-04-28,present
88,Tanish Patla,moderate,Site_1,2026-04-29,present
88,Tanish Patla,moderate,Site_1,2026-04-30,present
88,Tanish Patla,moderate,Site_1,2026-05-01,present
88,Tanish Patla,moderate,Site_1,2026-05-02,present
88,Tanish Patla,moderate,Site_1,2026-05-04,present
88,Tanish Patla,moderate,Site_1,2026-05-05,present
88,Tanish Patla,moderate,Site_1,2026-05-06,absent
88,Tanish Patla,moderate,Site_1,2026-05-07,present
88,Tanish Patla,moderate,Site_1,2026-05-08,absent
88,Tanish Patla,moderate,Site_1,2026-05-09,absent
88,Tanish Patla,moderate,Site_1,2026-05-11,present
88,Tanish Patla,moderate,Site_1,2026-05-12,present
88,Tanish Patla,moderate,Site_1,2026-05-13,present
88,Tanish Patla,moderate,Site_1,2026-05-14,present
88,Tanish Patla,moderate,Site_1,2026-05-15,present
88,Tanish Patla,moderate,Site_1,2026-05-16,absent
88,Tanish Patla,moderate,Site_1,2026-05-18,present
88,Tanish Patla,moderate,Site_1,2026-05-19,absent
88,Tanish Patla,moderate,Site_1,2026-05-20,present
88,Tanish Patla,moderate,Site_1,2026-05-21,present
88,Tanish Patla,moderate,Site_1,2026-05-22,absent
88,Tanish Patla,moderate,Site_1,2026-05-23,present
88,Tanish Patla,moderate,Site_1,2026-05-25,present
88,Tanish Patla,moderate,Site_1,2026-05-26,present
88,Tanish Patla,moderate,Site_1,2026-05-27,absent
88,Tanish Patla,moderate,Site_1,2026-05-28,absent
88,Tanish Patla,moderate,Site_1,2026-05-29,present
88,Tanish Patla,moderate,Site_1,2026-05-30,present
88,Tanish Patla,moderate,Site_1,2026-06-01,absent
88,Tanish Patla,moderate,Site_1,2026-06-02,present
88,Tanish Patla,moderate,Site_1,2026-06-03,present
88,Tanish Patla,moderate,Site_1,2026-06-04,present
88,Tanish Patla,moderate,Site_1,2026-06-05,present
88,Tanish Patla,moderate,Site_1,2026-06-06,present
88,Tanish Patla,moderate,Site_1,2026-06-08,present
88,Tanish Patla,moderate,Site_1,2026-06-09,present
88,Tanish Patla,moderate,Site_1,2026-06-10,present
88,Tanish Patla,moderate,Site_1,2026-06-11,present
88,Tanish Patla,moderate,Site_1,2026-06-12,present
88,Tanish Patla,moderate,Site_1,2026-06-13,present
88,Tanish Patla,moderate,Site_1,2026-06-15,absent
88,Tanish Patla,moderate,Site_1,2026-06-16,absent
88,Tanish Patla,moderate,Site_1,2026-06-17,present
88,Tanish Patla,moderate,Site_1,2026-06-18,absent
88,Tanish Patla,moderate,Site_1,2026-06-19,absent
88,Tanish Patla,moderate,Site_1,2026-06-20,present
88,Tanish Patla,moderate,Site_1,2026-06-22,present
88,Tanish Patla,moderate,Site_1,2026-06-23,present
88,Tanish Patla,moderate,Site_1,2026-06-24,present
88,Tanish Patla,moderate,Site_1,2026-06-25,present
88,Tanish Patla,moderate,Site_1,2026-06-26,absent
88,Tanish Patla,moderate,Site_1,2026-06-27,present
88,Tanish Patla,moderate,Site_1,2026-06-29,present
88,Tanish Patla,moderate,Site_1,2026-06-30,absent
88,Tanish Patla,moderate,Site_1,2026-07-01,present
88,Tanish Patla,moderate,Site_1,2026-07-02,present
88,Tanish Patla,moderate,Site_1,2026-07-03,absent
88,Tanish Patla,moderate,Site_1,2026-07-04,absent
88,Tanish Patla,moderate,Site_1,2026-07-06,present
88,Tanish Patla,moderate,Site_1,2026-07-07,present
88,Tanish Patla,moderate,Site_1,2026-07-08,present
88,Tanish Patla,moderate,Site_1,2026-07-09,present
88,Tanish Patla,moderate,Site_1,2026-07-10,absent
89,Vasana Shere,reliable,Site_5,2026-01-26,present
89,Vasana Shere,reliable,Site_3,2026-01-27,present
89,Vasana Shere,reliable,Site_5,2026-01-28,present
89,Vasana Shere,reliable,Site_9,2026-01-29,present
89,Vasana Shere,reliable,Site_9,2026-01-30,present
89,Vasana Shere,reliable,Site_3,2026-01-31,present
89,Vasana Shere,reliable,Site_3,2026-02-02,present
89,Vasana Shere,reliable,Site_3,2026-02-03,present
89,Vasana Shere,reliable,Site_5,2026-02-04,present
89,Vasana Shere,reliable,Site_3,2026-02-05,present
89,Vasana Shere,reliable,Site_5,2026-02-06,present
89,Vasana Shere,reliable,Site_9,2026-02-07,present
89,Vasana Shere,reliable,Site_3,2026-02-09,present
89,Vasana Shere,reliable,Site_9,2026-02-10,present
89,Vasana Shere,reliable,Site_3,2026-02-11,present
89,Vasana Shere,reliable,Site_3,2026-02-12,present
89,Vasana Shere,reliable,Site_5,2026-02-13,present
89,Vasana Shere,reliable,Site_9,2026-02-14,present
89,Vasana Shere,reliable,Site_9,2026-02-16,present
89,Vasana Shere,reliable,Site_9,2026-02-17,present
89,Vasana Shere,reliable,Site_3,2026-02-18,present
89,Vasana Shere,reliable,Site_3,2026-02-19,absent
89,Vasana Shere,reliable,Site_3,2026-02-20,present
89,Vasana Shere,reliable,Site_9,2026-02-21,present
89,Vasana Shere,reliable,Site_5,2026-02-23,present
89,Vasana Shere,reliable,Site_9,2026-02-24,absent
89,Vasana Shere,reliable,Site_5,2026-02-25,present
89,Vasana Shere,reliable,Site_5,2026-02-26,present
89,Vasana Shere,reliable,Site_9,2026-02-27,present
89,Vasana Shere,reliable,Site_5,2026-02-28,present
89,Vasana Shere,reliable,Site_3,2026-03-02,present
89,Vasana Shere,reliable,Site_5,2026-03-03,present
89,Vasana Shere,reliable,Site_9,2026-03-04,present
89,Vasana Shere,reliable,Site_9,2026-03-05,present
89,Vasana Shere,reliable,Site_9,2026-03-06,present
89,Vasana Shere,reliable,Site_5,2026-03-07,present
89,Vasana Shere,reliable,Site_5,2026-03-09,present
89,Vasana Shere,reliable,Site_9,2026-03-10,present
89,Vasana Shere,reliable,Site_3,2026-03-11,present
89,Vasana Shere,reliable,Site_3,2026-03-12,present
89,Vasana Shere,reliable,Site_5,2026-03-13,present
89,Vasana Shere,reliable,Site_9,2026-03-14,present
89,Vasana Shere,reliable,Site_9,2026-03-16,present
89,Vasana Shere,reliable,Site_9,2026-03-17,present
89,Vasana Shere,reliable,Site_5,2026-03-18,present
89,Vasana Shere,reliable,Site_3,2026-03-19,present
89,Vasana Shere,reliable,Site_3,2026-03-20,present
89,Vasana Shere,reliable,Site_9,2026-03-21,present
89,Vasana Shere,reliable,Site_9,2026-03-23,present
89,Vasana Shere,reliable,Site_5,2026-03-24,present
89,Vasana Shere,reliable,Site_9,2026-03-25,present
89,Vasana Shere,reliable,Site_5,2026-03-26,present
89,Vasana Shere,reliable,Site_3,2026-03-27,present
89,Vasana Shere,reliable,Site_9,2026-03-28,present
89,Vasana Shere,reliable,Site_5,2026-03-30,present
89,Vasana Shere,reliable,Site_5,2026-03-31,present
89,Vasana Shere,reliable,Site_3,2026-04-01,present
89,Vasana Shere,reliable,Site_5,2026-04-02,present
89,Vasana Shere,reliable,Site_3,2026-04-03,present
89,Vasana Shere,reliable,Site_5,2026-04-04,present
89,Vasana Shere,reliable,Site_5,2026-04-06,absent
89,Vasana Shere,reliable,Site_5,2026-04-07,present
89,Vasana Shere,reliable,Site_9,2026-04-08,absent
89,Vasana Shere,reliable,Site_5,2026-04-09,present
89,Vasana Shere,reliable,Site_5,2026-04-10,present
89,Vasana Shere,reliable,Site_3,2026-04-11,present
89,Vasana Shere,reliable,Site_5,2026-04-13,absent
89,Vasana Shere,reliable,Site_3,2026-04-14,present
89,Vasana Shere,reliable,Site_9,2026-04-15,present
89,Vasana Shere,reliable,Site_3,2026-04-16,present
89,Vasana Shere,reliable,Site_3,2026-04-17,present
89,Vasana Shere,reliable,Site_5,2026-04-18,absent
89,Vasana Shere,reliable,Site_3,2026-04-20,present
89,Vasana Shere,reliable,Site_3,2026-04-21,present
89,Vasana Shere,reliable,Site_3,2026-04-22,present
89,Vasana Shere,reliable,Site_5,2026-04-23,present
89,Vasana Shere,reliable,Site_9,2026-04-24,present
89,Vasana Shere,reliable,Site_3,2026-04-25,present
89,Vasana Shere,reliable,Site_9,2026-04-27,present
89,Vasana Shere,reliable,Site_9,2026-04-28,present
89,Vasana Shere,reliable,Site_9,2026-04-29,present
89,Vasana Shere,reliable,Site_3,2026-04-30,present
89,Vasana Shere,reliable,Site_3,2026-05-01,present
89,Vasana Shere,reliable,Site_5,2026-05-02,present
89,Vasana Shere,reliable,Site_5,2026-05-04,present
89,Vasana Shere,reliable,Site_3,2026-05-05,present
89,Vasana Shere,reliable,Site_3,2026-05-06,present
89,Vasana Shere,reliable,Site_9,2026-05-07,present
89,Vasana Shere,reliable,Site_5,2026-05-08,present
89,Vasana Shere,reliable,Site_5,2026-05-09,present
89,Vasana Shere,reliable,Site_3,2026-05-11,present
89,Vasana Shere,reliable,Site_9,2026-05-12,present
89,Vasana Shere,reliable,Site_3,2026-05-13,present
89,Vasana Shere,reliable,Site_3,2026-05-14,present
89,Vasana Shere,reliable,Site_9,2026-05-15,present
89,Vasana Shere,reliable,Site_3,2026-05-16,present
89,Vasana Shere,reliable,Site_3,2026-05-18,present
89,Vasana Shere,reliable,Site_9,2026-05-19,present
89,Vasana Shere,reliable,Site_3,2026-05-20,present
89,Vasana Shere,reliable,Site_9,2026-05-21,present
89,Vasana Shere,reliable,Site_5,2026-05-22,present
89,Vasana Shere,reliable,Site_9,2026-05-23,present
89,Vasana Shere,reliable,Site_9,2026-05-25,present
89,Vasana Shere,reliable,Site_3,2026-05-26,present
89,Vasana Shere,reliable,Site_3,2026-05-27,present
89,Vasana Shere,reliable,Site_3,2026-05-28,present
89,Vasana Shere,reliable,Site_5,2026-05-29,present
89,Vasana Shere,reliable,Site_9,2026-05-30,present
89,Vasana Shere,reliable,Site_3,2026-06-01,present
89,Vasana Shere,reliable,Site_9,2026-06-02,present
89,Vasana Shere,reliable,Site_9,2026-06-03,present
89,Vasana Shere,reliable,Site_3,2026-06-04,present
89,Vasana Shere,reliable,Site_3,2026-06-05,present
89,Vasana Shere,reliable,Site_5,2026-06-06,present
89,Vasana Shere,reliable,Site_5,2026-06-08,present
89,Vasana Shere,reliable,Site_3,2026-06-09,present
89,Vasana Shere,reliable,Site_3,2026-06-10,present
89,Vasana Shere,reliable,Site_9,2026-06-11,present
89,Vasana Shere,reliable,Site_3,2026-06-12,present
89,Vasana Shere,reliable,Site_9,2026-06-13,present
89,Vasana Shere,reliable,Site_9,2026-06-15,present
89,Vasana Shere,reliable,Site_9,2026-06-16,present
89,Vasana Shere,reliable,Site_3,2026-06-17,present
89,Vasana Shere,reliable,Site_9,2026-06-18,present
89,Vasana Shere,reliable,Site_5,2026-06-19,present
89,Vasana Shere,reliable,Site_3,2026-06-20,present
89,Vasana Shere,reliable,Site_3,2026-06-22,present
89,Vasana Shere,reliable,Site_9,2026-06-23,present
89,Vasana Shere,reliable,Site_3,2026-06-24,present
89,Vasana Shere,reliable,Site_3,2026-06-25,present
89,Vasana Shere,reliable,Site_5,2026-06-26,present
89,Vasana Shere,reliable,Site_3,2026-06-27,present
89,Vasana Shere,reliable,Site_9,2026-06-29,present
89,Vasana Shere,reliable,Site_5,2026-06-30,present
89,Vasana Shere,reliable,Site_5,2026-07-01,present
89,Vasana Shere,reliable,Site_9,2026-07-02,present
89,Vasana Shere,reliable,Site_5,2026-07-03,present
89,Vasana Shere,reliable,Site_9,2026-07-04,present
89,Vasana Shere,reliable,Site_5,2026-07-06,present
89,Vasana Shere,reliable,Site_9,2026-07-07,present
89,Vasana Shere,reliable,Site_9,2026-07-08,present
89,Vasana Shere,reliable,Site_5,2026-07-09,present
89,Vasana Shere,reliable,Site_5,2026-07-10,present
90,Zilmil Ratti,reliable,Site_10,2026-02-12,present
90,Zilmil Ratti,reliable,Site_1,2026-02-13,present
90,Zilmil Ratti,reliable,Site_1,2026-02-14,present
90,Zilmil Ratti,reliable,Site_1,2026-02-16,present
90,Zilmil Ratti,reliable,Site_1,2026-02-17,present
90,Zilmil Ratti,reliable,Site_1,2026-02-18,present
90,Zilmil Ratti,reliable,Site_10,2026-02-19,present
90,Zilmil Ratti,reliable,Site_1,2026-02-20,present
90,Zilmil Ratti,reliable,Site_10,2026-02-21,present
90,Zilmil Ratti,reliable,Site_10,2026-02-23,present
90,Zilmil Ratti,reliable,Site_10,2026-02-24,present
90,Zilmil Ratti,reliable,Site_1,2026-02-25,present
90,Zilmil Ratti,reliable,Site_1,2026-02-26,present
90,Zilmil Ratti,reliable,Site_10,2026-02-27,present
90,Zilmil Ratti,reliable,Site_1,2026-02-28,present
90,Zilmil Ratti,reliable,Site_10,2026-03-02,present
90,Zilmil Ratti,reliable,Site_1,2026-03-03,present
90,Zilmil Ratti,reliable,Site_10,2026-03-04,present
90,Zilmil Ratti,reliable,Site_1,2026-03-05,present
90,Zilmil Ratti,reliable,Site_1,2026-03-06,present
90,Zilmil Ratti,reliable,Site_10,2026-03-07,present
90,Zilmil Ratti,reliable,Site_1,2026-03-09,present
90,Zilmil Ratti,reliable,Site_1,2026-03-10,present
90,Zilmil Ratti,reliable,Site_1,2026-03-11,present
90,Zilmil Ratti,reliable,Site_1,2026-03-12,present
90,Zilmil Ratti,reliable,Site_10,2026-03-13,present
90,Zilmil Ratti,reliable,Site_1,2026-03-14,present
90,Zilmil Ratti,reliable,Site_1,2026-03-16,present
90,Zilmil Ratti,reliable,Site_10,2026-03-17,present
90,Zilmil Ratti,reliable,Site_10,2026-03-18,present
90,Zilmil Ratti,reliable,Site_10,2026-03-19,present
90,Zilmil Ratti,reliable,Site_10,2026-03-20,present
90,Zilmil Ratti,reliable,Site_10,2026-03-21,present
90,Zilmil Ratti,reliable,Site_10,2026-03-23,present
90,Zilmil Ratti,reliable,Site_1,2026-03-24,present
90,Zilmil Ratti,reliable,Site_10,2026-03-25,present
90,Zilmil Ratti,reliable,Site_1,2026-03-26,present
90,Zilmil Ratti,reliable,Site_10,2026-03-27,present
90,Zilmil Ratti,reliable,Site_1,2026-03-28,present
90,Zilmil Ratti,reliable,Site_1,2026-03-30,present
90,Zilmil Ratti,reliable,Site_1,2026-03-31,present
90,Zilmil Ratti,reliable,Site_1,2026-04-01,present
90,Zilmil Ratti,reliable,Site_10,2026-04-02,present
90,Zilmil Ratti,reliable,Site_1,2026-04-03,present
90,Zilmil Ratti,reliable,Site_10,2026-04-04,present
90,Zilmil Ratti,reliable,Site_1,2026-04-06,present
90,Zilmil Ratti,reliable,Site_1,2026-04-07,present
90,Zilmil Ratti,reliable,Site_1,2026-04-08,present
90,Zilmil Ratti,reliable,Site_10,2026-04-09,present
90,Zilmil Ratti,reliable,Site_10,2026-04-10,present
90,Zilmil Ratti,reliable,Site_10,2026-04-11,present
90,Zilmil Ratti,reliable,Site_1,2026-04-13,present
90,Zilmil Ratti,reliable,Site_1,2026-04-14,present
90,Zilmil Ratti,reliable,Site_1,2026-04-15,present
90,Zilmil Ratti,reliable,Site_1,2026-04-16,present
90,Zilmil Ratti,reliable,Site_10,2026-04-17,present
90,Zilmil Ratti,reliable,Site_1,2026-04-18,present
90,Zilmil Ratti,reliable,Site_10,2026-04-20,absent
90,Zilmil Ratti,reliable,Site_1,2026-04-21,present
90,Zilmil Ratti,reliable,Site_10,2026-04-22,present
90,Zilmil Ratti,reliable,Site_1,2026-04-23,present
90,Zilmil Ratti,reliable,Site_10,2026-04-24,absent
90,Zilmil Ratti,reliable,Site_10,2026-04-25,present
90,Zilmil Ratti,reliable,Site_10,2026-04-27,absent
90,Zilmil Ratti,reliable,Site_1,2026-04-28,present
90,Zilmil Ratti,reliable,Site_1,2026-04-29,present
90,Zilmil Ratti,reliable,Site_1,2026-04-30,absent
90,Zilmil Ratti,reliable,Site_1,2026-05-01,present
90,Zilmil Ratti,reliable,Site_1,2026-05-02,present
90,Zilmil Ratti,reliable,Site_1,2026-05-04,present
90,Zilmil Ratti,reliable,Site_1,2026-05-05,present
90,Zilmil Ratti,reliable,Site_1,2026-05-06,present
90,Zilmil Ratti,reliable,Site_10,2026-05-07,present
90,Zilmil Ratti,reliable,Site_10,2026-05-08,present
90,Zilmil Ratti,reliable,Site_1,2026-05-09,present
90,Zilmil Ratti,reliable,Site_1,2026-05-11,present
90,Zilmil Ratti,reliable,Site_10,2026-05-12,present
90,Zilmil Ratti,reliable,Site_10,2026-05-13,present
90,Zilmil Ratti,reliable,Site_1,2026-05-14,present
90,Zilmil Ratti,reliable,Site_1,2026-05-15,present
90,Zilmil Ratti,reliable,Site_1,2026-05-16,present
90,Zilmil Ratti,reliable,Site_1,2026-05-18,present
90,Zilmil Ratti,reliable,Site_10,2026-05-19,present
90,Zilmil Ratti,reliable,Site_1,2026-05-20,present
90,Zilmil Ratti,reliable,Site_1,2026-05-21,present
90,Zilmil Ratti,reliable,Site_10,2026-05-22,present
90,Zilmil Ratti,reliable,Site_1,2026-05-23,present
90,Zilmil Ratti,reliable,Site_10,2026-05-25,present
90,Zilmil Ratti,reliable,Site_1,2026-05-26,present
90,Zilmil Ratti,reliable,Site_1,2026-05-27,present
90,Zilmil Ratti,reliable,Site_10,2026-05-28,absent
90,Zilmil Ratti,reliable,Site_10,2026-05-29,present
90,Zilmil Ratti,reliable,Site_10,2026-05-30,present
90,Zilmil Ratti,reliable,Site_1,2026-06-01,present
90,Zilmil Ratti,reliable,Site_10,2026-06-02,present
90,Zilmil Ratti,reliable,Site_10,2026-06-03,present
90,Zilmil Ratti,reliable,Site_1,2026-06-04,absent
90,Zilmil Ratti,reliable,Site_1,2026-06-05,present
90,Zilmil Ratti,reliable,Site_1,2026-06-06,absent
90,Zilmil Ratti,reliable,Site_1,2026-06-08,present
90,Zilmil Ratti,reliable,Site_10,2026-06-09,present
90,Zilmil Ratti,reliable,Site_1,2026-06-10,absent
90,Zilmil Ratti,reliable,Site_1,2026-06-11,present
90,Zilmil Ratti,reliable,Site_1,2026-06-12,present
90,Zilmil Ratti,reliable,Site_1,2026-06-13,present
90,Zilmil Ratti,reliable,Site_1,2026-06-15,absent
90,Zilmil Ratti,reliable,Site_1,2026-06-16,present
90,Zilmil Ratti,reliable,Site_1,2026-06-17,present
90,Zilmil Ratti,reliable,Site_10,2026-06-18,present
90,Zilmil Ratti,reliable,Site_1,2026-06-19,present
90,Zilmil Ratti,reliable,Site_10,2026-06-20,present
90,Zilmil Ratti,reliable,Site_1,2026-06-22,present
90,Zilmil Ratti,reliable,Site_1,2026-06-23,present
90,Zilmil Ratti,reliable,Site_1,2026-06-24,present
90,Zilmil Ratti,reliable,Site_10,2026-06-25,present
90,Zilmil Ratti,reliable,Site_1,2026-06-26,present
90,Zilmil Ratti,reliable,Site_10,2026-06-27,present
90,Zilmil Ratti,reliable,Site_10,2026-06-29,present
90,Zilmil Ratti,reliable,Site_10,2026-06-30,absent
90,Zilmil Ratti,reliable,Site_1,2026-07-01,present
90,Zilmil Ratti,reliable,Site_1,2026-07-02,present
90,Zilmil Ratti,reliable,Site_1,2026-07-03,present
90,Zilmil Ratti,reliable,Site_1,2026-07-04,present
90,Zilmil Ratti,reliable,Site_1,2026-07-06,present
90,Zilmil Ratti,reliable,Site_1,2026-07-07,present
90,Zilmil Ratti,reliable,Site_1,2026-07-08,present
90,Zilmil Ratti,reliable,Site_10,2026-07-09,present
90,Zilmil Ratti,reliable,Site_1,2026-07-10,present
91,Anthony Biswas,unreliable,Site_2,2026-06-08,absent
91,Anthony Biswas,unreliable,Site_2,2026-06-09,absent
91,Anthony Biswas,unreliable,Site_2,2026-06-10,present
91,Anthony Biswas,unreliable,Site_2,2026-06-11,present
91,Anthony Biswas,unreliable,Site_2,2026-06-12,present
91,Anthony Biswas,unreliable,Site_2,2026-06-13,present
91,Anthony Biswas,unreliable,Site_2,2026-06-15,present
91,Anthony Biswas,unreliable,Site_2,2026-06-16,present
91,Anthony Biswas,unreliable,Site_2,2026-06-17,present
91,Anthony Biswas,unreliable,Site_2,2026-06-18,present
91,Anthony Biswas,unreliable,Site_2,2026-06-19,present
91,Anthony Biswas,unreliable,Site_2,2026-06-20,absent
91,Anthony Biswas,unreliable,Site_2,2026-06-22,present
91,Anthony Biswas,unreliable,Site_2,2026-06-23,present
91,Anthony Biswas,unreliable,Site_2,2026-06-24,present
91,Anthony Biswas,unreliable,Site_2,2026-06-25,present
91,Anthony Biswas,unreliable,Site_2,2026-06-26,present
91,Anthony Biswas,unreliable,Site_2,2026-06-27,absent
91,Anthony Biswas,unreliable,Site_2,2026-06-29,absent
91,Anthony Biswas,unreliable,Site_2,2026-06-30,absent
91,Anthony Biswas,unreliable,Site_2,2026-07-01,present
91,Anthony Biswas,unreliable,Site_2,2026-07-02,absent
91,Anthony Biswas,unreliable,Site_2,2026-07-03,absent
91,Anthony Biswas,unreliable,Site_2,2026-07-04,present
91,Anthony Biswas,unreliable,Site_2,2026-07-06,present
91,Anthony Biswas,unreliable,Site_2,2026-07-07,present
91,Anthony Biswas,unreliable,Site_2,2026-07-08,present
91,Anthony Biswas,unreliable,Site_2,2026-07-09,absent
91,Anthony Biswas,unreliable,Site_2,2026-07-10,present
92,Qarin Wadhwa,moderate,Site_5,2026-05-05,present
92,Qarin Wadhwa,moderate,Site_9,2026-05-06,present
92,Qarin Wadhwa,moderate,Site_5,2026-05-07,absent
92,Qarin Wadhwa,moderate,Site_9,2026-05-08,present
92,Qarin Wadhwa,moderate,Site_5,2026-05-09,present
92,Qarin Wadhwa,moderate,Site_9,2026-05-11,present
92,Qarin Wadhwa,moderate,Site_5,2026-05-12,absent
92,Qarin Wadhwa,moderate,Site_5,2026-05-13,present
92,Qarin Wadhwa,moderate,Site_5,2026-05-14,present
92,Qarin Wadhwa,moderate,Site_5,2026-05-15,present
92,Qarin Wadhwa,moderate,Site_9,2026-05-16,present
92,Qarin Wadhwa,moderate,Site_9,2026-05-18,present
92,Qarin Wadhwa,moderate,Site_9,2026-05-19,absent
92,Qarin Wadhwa,moderate,Site_5,2026-05-20,present
92,Qarin Wadhwa,moderate,Site_9,2026-05-21,present
92,Qarin Wadhwa,moderate,Site_5,2026-05-22,absent
92,Qarin Wadhwa,moderate,Site_9,2026-05-23,present
92,Qarin Wadhwa,moderate,Site_9,2026-05-25,present
92,Qarin Wadhwa,moderate,Site_9,2026-05-26,absent
92,Qarin Wadhwa,moderate,Site_5,2026-05-27,present
92,Qarin Wadhwa,moderate,Site_9,2026-05-28,absent
92,Qarin Wadhwa,moderate,Site_9,2026-05-29,absent
92,Qarin Wadhwa,moderate,Site_9,2026-05-30,present
92,Qarin Wadhwa,moderate,Site_5,2026-06-01,absent
92,Qarin Wadhwa,moderate,Site_5,2026-06-02,present
92,Qarin Wadhwa,moderate,Site_9,2026-06-03,absent
92,Qarin Wadhwa,moderate,Site_5,2026-06-04,present
92,Qarin Wadhwa,moderate,Site_5,2026-06-05,present
92,Qarin Wadhwa,moderate,Site_9,2026-06-06,present
92,Qarin Wadhwa,moderate,Site_9,2026-06-08,present
92,Qarin Wadhwa,moderate,Site_9,2026-06-09,absent
92,Qarin Wadhwa,moderate,Site_5,2026-06-10,present
92,Qarin Wadhwa,moderate,Site_5,2026-06-11,absent
92,Qarin Wadhwa,moderate,Site_5,2026-06-12,present
92,Qarin Wadhwa,moderate,Site_9,2026-06-13,absent
92,Qarin Wadhwa,moderate,Site_5,2026-06-15,present
92,Qarin Wadhwa,moderate,Site_5,2026-06-16,present
92,Qarin Wadhwa,moderate,Site_9,2026-06-17,present
92,Qarin Wadhwa,moderate,Site_5,2026-06-18,present
92,Qarin Wadhwa,moderate,Site_9,2026-06-19,absent
92,Qarin Wadhwa,moderate,Site_5,2026-06-20,present
92,Qarin Wadhwa,moderate,Site_9,2026-06-22,present
92,Qarin Wadhwa,moderate,Site_9,2026-06-23,present
92,Qarin Wadhwa,moderate,Site_5,2026-06-24,present
92,Qarin Wadhwa,moderate,Site_5,2026-06-25,present
92,Qarin Wadhwa,moderate,Site_5,2026-06-26,absent
92,Qarin Wadhwa,moderate,Site_9,2026-06-27,present
92,Qarin Wadhwa,moderate,Site_5,2026-06-29,present
92,Qarin Wadhwa,moderate,Site_5,2026-06-30,present
92,Qarin Wadhwa,moderate,Site_5,2026-07-01,present
92,Qarin Wadhwa,moderate,Site_5,2026-07-02,present
92,Qarin Wadhwa,moderate,Site_5,2026-07-03,present
92,Qarin Wadhwa,moderate,Site_9,2026-07-04,present
92,Qarin Wadhwa,moderate,Site_5,2026-07-06,absent
92,Qarin Wadhwa,moderate,Site_5,2026-07-07,absent
92,Qarin Wadhwa,moderate,Site_5,2026-07-08,absent
92,Qarin Wadhwa,moderate,Site_9,2026-07-09,absent
92,Qarin Wadhwa,moderate,Site_9,2026-07-10,absent
93,Dalbir Jha,new,Site_9,2026-06-30,absent
93,Dalbir Jha,new,Site_9,2026-07-01,present
93,Dalbir Jha,new,Site_9,2026-07-02,present
93,Dalbir Jha,new,Site_9,2026-07-03,absent
93,Dalbir Jha,new,Site_9,2026-07-04,present
93,Dalbir Jha,new,Site_9,2026-07-06,absent
93,Dalbir Jha,new,Site_9,2026-07-07,present
93,Dalbir Jha,new,Site_9,2026-07-08,present
93,Dalbir Jha,new,Site_9,2026-07-09,present
93,Dalbir Jha,new,Site_9,2026-07-10,present
94,Zarna Contractor,unreliable,Site_10,2026-06-01,absent
94,Zarna Contractor,unreliable,Site_10,2026-06-02,present
94,Zarna Contractor,unreliable,Site_10,2026-06-03,present
94,Zarna Contractor,unreliable,Site_10,2026-06-04,present
94,Zarna Contractor,unreliable,Site_10,2026-06-05,absent
94,Zarna Contractor,unreliable,Site_10,2026-06-06,present
94,Zarna Contractor,unreliable,Site_10,2026-06-08,present
94,Zarna Contractor,unreliable,Site_10,2026-06-09,present
94,Zarna Contractor,unreliable,Site_10,2026-06-10,absent
94,Zarna Contractor,unreliable,Site_10,2026-06-11,absent
94,Zarna Contractor,unreliable,Site_10,2026-06-12,present
94,Zarna Contractor,unreliable,Site_10,2026-06-13,absent
94,Zarna Contractor,unreliable,Site_10,2026-06-15,present
94,Zarna Contractor,unreliable,Site_10,2026-06-16,present
94,Zarna Contractor,unreliable,Site_10,2026-06-17,present
94,Zarna Contractor,unreliable,Site_10,2026-06-18,present
94,Zarna Contractor,unreliable,Site_10,2026-06-19,absent
94,Zarna Contractor,unreliable,Site_10,2026-06-20,present
94,Zarna Contractor,unreliable,Site_10,2026-06-22,absent
94,Zarna Contractor,unreliable,Site_10,2026-06-23,absent
94,Zarna Contractor,unreliable,Site_10,2026-06-24,absent
94,Zarna Contractor,unreliable,Site_10,2026-06-25,present
94,Zarna Contractor,unreliable,Site_10,2026-06-26,present
94,Zarna Contractor,unreliable,Site_10,2026-06-27,present
94,Zarna Contractor,unreliable,Site_10,2026-06-29,present
94,Zarna Contractor,unreliable,Site_10,2026-06-30,present
94,Zarna Contractor,unreliable,Site_10,2026-07-01,absent
94,Zarna Contractor,unreliable,Site_10,2026-07-02,absent
94,Zarna Contractor,unreliable,Site_10,2026-07-03,present
94,Zarna Contractor,unreliable,Site_10,2026-07-04,present
94,Zarna Contractor,unreliable,Site_10,2026-07-06,absent
94,Zarna Contractor,unreliable,Site_10,2026-07-07,absent
94,Zarna Contractor,unreliable,Site_10,2026-07-08,present
94,Zarna Contractor,unreliable,Site_10,2026-07-09,present
94,Zarna Contractor,unreliable,Site_10,2026-07-10,present
95,Samuel Natt,unreliable,Site_1,2026-06-06,absent
95,Samuel Natt,unreliable,Site_1,2026-06-08,present
95,Samuel Natt,unreliable,Site_1,2026-06-09,absent
95,Samuel Natt,unreliable,Site_1,2026-06-10,present
95,Samuel Natt,unreliable,Site_1,2026-06-11,absent
95,Samuel Natt,unreliable,Site_1,2026-06-12,present
95,Samuel Natt,unreliable,Site_1,2026-06-13,present
95,Samuel Natt,unreliable,Site_1,2026-06-15,absent
95,Samuel Natt,unreliable,Site_1,2026-06-16,absent
95,Samuel Natt,unreliable,Site_1,2026-06-17,absent
95,Samuel Natt,unreliable,Site_1,2026-06-18,present
95,Samuel Natt,unreliable,Site_1,2026-06-19,absent
95,Samuel Natt,unreliable,Site_1,2026-06-20,present
95,Samuel Natt,unreliable,Site_1,2026-06-22,present
95,Samuel Natt,unreliable,Site_1,2026-06-23,absent
95,Samuel Natt,unreliable,Site_1,2026-06-24,present
95,Samuel Natt,unreliable,Site_1,2026-06-25,present
95,Samuel Natt,unreliable,Site_1,2026-06-26,absent
95,Samuel Natt,unreliable,Site_1,2026-06-27,absent
95,Samuel Natt,unreliable,Site_1,2026-06-29,absent
95,Samuel Natt,unreliable,Site_1,2026-06-30,absent
95,Samuel Natt,unreliable,Site_1,2026-07-01,absent
95,Samuel Natt,unreliable,Site_1,2026-07-02,absent
95,Samuel Natt,unreliable,Site_1,2026-07-03,present
95,Samuel Natt,unreliable,Site_1,2026-07-04,absent
95,Samuel Natt,unreliable,Site_1,2026-07-06,absent
95,Samuel Natt,unreliable,Site_1,2026-07-07,absent
95,Samuel Natt,unreliable,Site_1,2026-07-08,present
95,Samuel Natt,unreliable,Site_1,2026-07-09,present
95,Samuel Natt,unreliable,Site_1,2026-07-10,absent
96,Krish Aurora,reliable,Site_9,2026-02-23,present
96,Krish Aurora,reliable,Site_9,2026-02-24,absent
96,Krish Aurora,reliable,Site_9,2026-02-25,present
96,Krish Aurora,reliable,Site_9,2026-02-26,present
96,Krish Aurora,reliable,Site_5,2026-02-27,present
96,Krish Aurora,reliable,Site_9,2026-02-28,present
96,Krish Aurora,reliable,Site_9,2026-03-02,present
96,Krish Aurora,reliable,Site_5,2026-03-03,absent
96,Krish Aurora,reliable,Site_9,2026-03-04,present
96,Krish Aurora,reliable,Site_5,2026-03-05,present
96,Krish Aurora,reliable,Site_9,2026-03-06,absent
96,Krish Aurora,reliable,Site_9,2026-03-07,present
96,Krish Aurora,reliable,Site_5,2026-03-09,present
96,Krish Aurora,reliable,Site_9,2026-03-10,present
96,Krish Aurora,reliable,Site_9,2026-03-11,present
96,Krish Aurora,reliable,Site_5,2026-03-12,present
96,Krish Aurora,reliable,Site_9,2026-03-13,present
96,Krish Aurora,reliable,Site_9,2026-03-14,present
96,Krish Aurora,reliable,Site_5,2026-03-16,present
96,Krish Aurora,reliable,Site_5,2026-03-17,present
96,Krish Aurora,reliable,Site_9,2026-03-18,absent
96,Krish Aurora,reliable,Site_5,2026-03-19,absent
96,Krish Aurora,reliable,Site_9,2026-03-20,present
96,Krish Aurora,reliable,Site_5,2026-03-21,present
96,Krish Aurora,reliable,Site_9,2026-03-23,present
96,Krish Aurora,reliable,Site_5,2026-03-24,present
96,Krish Aurora,reliable,Site_5,2026-03-25,present
96,Krish Aurora,reliable,Site_5,2026-03-26,present
96,Krish Aurora,reliable,Site_9,2026-03-27,present
96,Krish Aurora,reliable,Site_9,2026-03-28,present
96,Krish Aurora,reliable,Site_5,2026-03-30,present
96,Krish Aurora,reliable,Site_9,2026-03-31,present
96,Krish Aurora,reliable,Site_9,2026-04-01,present
96,Krish Aurora,reliable,Site_5,2026-04-02,present
96,Krish Aurora,reliable,Site_9,2026-04-03,present
96,Krish Aurora,reliable,Site_9,2026-04-04,present
96,Krish Aurora,reliable,Site_5,2026-04-06,present
96,Krish Aurora,reliable,Site_9,2026-04-07,present
96,Krish Aurora,reliable,Site_5,2026-04-08,present
96,Krish Aurora,reliable,Site_5,2026-04-09,present
96,Krish Aurora,reliable,Site_9,2026-04-10,present
96,Krish Aurora,reliable,Site_9,2026-04-11,present
96,Krish Aurora,reliable,Site_9,2026-04-13,present
96,Krish Aurora,reliable,Site_5,2026-04-14,present
96,Krish Aurora,reliable,Site_5,2026-04-15,present
96,Krish Aurora,reliable,Site_9,2026-04-16,present
96,Krish Aurora,reliable,Site_5,2026-04-17,present
96,Krish Aurora,reliable,Site_9,2026-04-18,present
96,Krish Aurora,reliable,Site_9,2026-04-20,present
96,Krish Aurora,reliable,Site_5,2026-04-21,present
96,Krish Aurora,reliable,Site_9,2026-04-22,present
96,Krish Aurora,reliable,Site_9,2026-04-23,present
96,Krish Aurora,reliable,Site_9,2026-04-24,present
96,Krish Aurora,reliable,Site_5,2026-04-25,present
96,Krish Aurora,reliable,Site_9,2026-04-27,present
96,Krish Aurora,reliable,Site_5,2026-04-28,present
96,Krish Aurora,reliable,Site_5,2026-04-29,present
96,Krish Aurora,reliable,Site_9,2026-04-30,present
96,Krish Aurora,reliable,Site_5,2026-05-01,present
96,Krish Aurora,reliable,Site_9,2026-05-02,present
96,Krish Aurora,reliable,Site_5,2026-05-04,present
96,Krish Aurora,reliable,Site_5,2026-05-05,present
96,Krish Aurora,reliable,Site_5,2026-05-06,present
96,Krish Aurora,reliable,Site_5,2026-05-07,present
96,Krish Aurora,reliable,Site_9,2026-05-08,present
96,Krish Aurora,reliable,Site_5,2026-05-09,present
96,Krish Aurora,reliable,Site_5,2026-05-11,present
96,Krish Aurora,reliable,Site_5,2026-05-12,present
96,Krish Aurora,reliable,Site_9,2026-05-13,present
96,Krish Aurora,reliable,Site_9,2026-05-14,present
96,Krish Aurora,reliable,Site_5,2026-05-15,present
96,Krish Aurora,reliable,Site_5,2026-05-16,present
96,Krish Aurora,reliable,Site_9,2026-05-18,present
96,Krish Aurora,reliable,Site_9,2026-05-19,absent
96,Krish Aurora,reliable,Site_5,2026-05-20,present
96,Krish Aurora,reliable,Site_5,2026-05-21,present
96,Krish Aurora,reliable,Site_9,2026-05-22,present
96,Krish Aurora,reliable,Site_5,2026-05-23,present
96,Krish Aurora,reliable,Site_9,2026-05-25,present
96,Krish Aurora,reliable,Site_5,2026-05-26,absent
96,Krish Aurora,reliable,Site_9,2026-05-27,present
96,Krish Aurora,reliable,Site_5,2026-05-28,present
96,Krish Aurora,reliable,Site_9,2026-05-29,present
96,Krish Aurora,reliable,Site_9,2026-05-30,present
96,Krish Aurora,reliable,Site_9,2026-06-01,present
96,Krish Aurora,reliable,Site_9,2026-06-02,present
96,Krish Aurora,reliable,Site_9,2026-06-03,present
96,Krish Aurora,reliable,Site_9,2026-06-04,present
96,Krish Aurora,reliable,Site_9,2026-06-05,present
96,Krish Aurora,reliable,Site_5,2026-06-06,present
96,Krish Aurora,reliable,Site_5,2026-06-08,present
96,Krish Aurora,reliable,Site_5,2026-06-09,present
96,Krish Aurora,reliable,Site_9,2026-06-10,present
96,Krish Aurora,reliable,Site_9,2026-06-11,present
96,Krish Aurora,reliable,Site_5,2026-06-12,present
96,Krish Aurora,reliable,Site_9,2026-06-13,present
96,Krish Aurora,reliable,Site_9,2026-06-15,present
96,Krish Aurora,reliable,Site_5,2026-06-16,present
96,Krish Aurora,reliable,Site_5,2026-06-17,present
96,Krish Aurora,reliable,Site_9,2026-06-18,present
96,Krish Aurora,reliable,Site_9,2026-06-19,absent
96,Krish Aurora,reliable,Site_5,2026-06-20,present
96,Krish Aurora,reliable,Site_9,2026-06-22,absent
96,Krish Aurora,reliable,Site_5,2026-06-23,present
96,Krish Aurora,reliable,Site_5,2026-06-24,present
96,Krish Aurora,reliable,Site_9,2026-06-25,present
96,Krish Aurora,reliable,Site_5,2026-06-26,present
96,Krish Aurora,reliable,Site_5,2026-06-27,present
96,Krish Aurora,reliable,Site_9,2026-06-29,present
96,Krish Aurora,reliable,Site_9,2026-06-30,present
96,Krish Aurora,reliable,Site_9,2026-07-01,present
96,Krish Aurora,reliable,Site_5,2026-07-02,present
96,Krish Aurora,reliable,Site_9,2026-07-03,present
96,Krish Aurora,reliable,Site_9,2026-07-04,present
96,Krish Aurora,reliable,Site_5,2026-07-06,present
96,Krish Aurora,reliable,Site_5,2026-07-07,present
96,Krish Aurora,reliable,Site_5,2026-07-08,present
96,Krish Aurora,reliable,Site_5,2026-07-09,present
96,Krish Aurora,reliable,Site_5,2026-07-10,present
97,Chakradhar Mani,unreliable,Site_9,2026-06-12,present
97,Chakradhar Mani,unreliable,Site_9,2026-06-13,present
97,Chakradhar Mani,unreliable,Site_9,2026-06-15,present
97,Chakradhar Mani,unreliable,Site_9,2026-06-16,absent
97,Chakradhar Mani,unreliable,Site_9,2026-06-17,absent
97,Chakradhar Mani,unreliable,Site_9,2026-06-18,present
97,Chakradhar Mani,unreliable,Site_9,2026-06-19,present
97,Chakradhar Mani,unreliable,Site_9,2026-06-20,present
97,Chakradhar Mani,unreliable,Site_9,2026-06-22,present
97,Chakradhar Mani,unreliable,Site_9,2026-06-23,absent
97,Chakradhar Mani,unreliable,Site_9,2026-06-24,absent
97,Chakradhar Mani,unreliable,Site_9,2026-06-25,present
97,Chakradhar Mani,unreliable,Site_9,2026-06-26,present
97,Chakradhar Mani,unreliable,Site_9,2026-06-27,present
97,Chakradhar Mani,unreliable,Site_9,2026-06-29,present
97,Chakradhar Mani,unreliable,Site_9,2026-06-30,present
97,Chakradhar Mani,unreliable,Site_9,2026-07-01,present
97,Chakradhar Mani,unreliable,Site_9,2026-07-02,absent
97,Chakradhar Mani,unreliable,Site_9,2026-07-03,present
97,Chakradhar Mani,unreliable,Site_9,2026-07-04,absent
97,Chakradhar Mani,unreliable,Site_9,2026-07-06,absent
97,Chakradhar Mani,unreliable,Site_9,2026-07-07,present
97,Chakradhar Mani,unreliable,Site_9,2026-07-08,absent
97,Chakradhar Mani,unreliable,Site_9,2026-07-09,present
97,Chakradhar Mani,unreliable,Site_9,2026-07-10,present
98,Yahvi Dar,new,Site_4,2026-07-08,present
98,Yahvi Dar,new,Site_4,2026-07-09,present
98,Yahvi Dar,new,Site_4,2026-07-10,absent
99,Forum Char,unreliable,Site_10,2026-06-06,absent
99,Forum Char,unreliable,Site_10,2026-06-08,absent
99,Forum Char,unreliable,Site_10,2026-06-09,absent
99,Forum Char,unreliable,Site_10,2026-06-10,absent
99,Forum Char,unreliable,Site_10,2026-06-11,absent
99,Forum Char,unreliable,Site_10,2026-06-12,absent
99,Forum Char,unreliable,Site_10,2026-06-13,absent
99,Forum Char,unreliable,Site_10,2026-06-15,absent
99,Forum Char,unreliable,Site_10,2026-06-16,present
99,Forum Char,unreliable,Site_10,2026-06-17,absent
99,Forum Char,unreliable,Site_10,2026-06-18,absent
99,Forum Char,unreliable,Site_10,2026-06-19,present
99,Forum Char,unreliable,Site_10,2026-06-20,present
99,Forum Char,unreliable,Site_10,2026-06-22,absent
99,Forum Char,unreliable,Site_10,2026-06-23,present
99,Forum Char,unreliable,Site_10,2026-06-24,present
99,Forum Char,unreliable,Site_10,2026-06-25,present
99,Forum Char,unreliable,Site_10,2026-06-26,absent
99,Forum Char,unreliable,Site_10,2026-06-27,absent
99,Forum Char,unreliable,Site_10,2026-06-29,absent
99,Forum Char,unreliable,Site_10,2026-06-30,present
99,Forum Char,unreliable,Site_10,2026-07-01,absent
99,Forum Char,unreliable,Site_10,2026-07-02,absent
99,Forum Char,unreliable,Site_10,2026-07-03,absent
99,Forum Char,unreliable,Site_10,2026-07-04,present
99,Forum Char,unreliable,Site_10,2026-07-06,absent
99,Forum Char,unreliable,Site_10,2026-07-07,absent
99,Forum Char,unreliable,Site_10,2026-07-08,absent
99,Forum Char,unreliable,Site_10,2026-07-09,present
99,Forum Char,unreliable,Site_10,2026-07-10,absent
100,Warjas Ratti,moderate,Site_6,2026-03-17,present
100,Warjas Ratti,moderate,Site_6,2026-03-18,present
100,Warjas Ratti,moderate,Site_6,2026-03-19,present
100,Warjas Ratti,moderate,Site_6,2026-03-20,present
100,Warjas Ratti,moderate,Site_6,2026-03-21,present
100,Warjas Ratti,moderate,Site_6,2026-03-23,present
100,Warjas Ratti,moderate,Site_6,2026-03-24,absent
100,Warjas Ratti,moderate,Site_6,2026-03-25,present
100,Warjas Ratti,moderate,Site_6,2026-03-26,present
100,Warjas Ratti,moderate,Site_6,2026-03-27,present
100,Warjas Ratti,moderate,Site_6,2026-03-28,absent
100,Warjas Ratti,moderate,Site_6,2026-03-30,present
100,Warjas Ratti,moderate,Site_6,2026-03-31,present
100,Warjas Ratti,moderate,Site_6,2026-04-01,present
100,Warjas Ratti,moderate,Site_6,2026-04-02,present
100,Warjas Ratti,moderate,Site_6,2026-04-03,absent
100,Warjas Ratti,moderate,Site_6,2026-04-04,present
100,Warjas Ratti,moderate,Site_6,2026-04-06,present
100,Warjas Ratti,moderate,Site_6,2026-04-07,present
100,Warjas Ratti,moderate,Site_6,2026-04-08,present
100,Warjas Ratti,moderate,Site_6,2026-04-09,present
100,Warjas Ratti,moderate,Site_6,2026-04-10,present
100,Warjas Ratti,moderate,Site_6,2026-04-11,present
100,Warjas Ratti,moderate,Site_6,2026-04-13,present
100,Warjas Ratti,moderate,Site_6,2026-04-14,absent
100,Warjas Ratti,moderate,Site_6,2026-04-15,present
100,Warjas Ratti,moderate,Site_6,2026-04-16,present
100,Warjas Ratti,moderate,Site_6,2026-04-17,present
100,Warjas Ratti,moderate,Site_6,2026-04-18,present
100,Warjas Ratti,moderate,Site_6,2026-04-20,absent
100,Warjas Ratti,moderate,Site_6,2026-04-21,present
100,Warjas Ratti,moderate,Site_6,2026-04-22,absent
100,Warjas Ratti,moderate,Site_6,2026-04-23,present
100,Warjas Ratti,moderate,Site_6,2026-04-24,present
100,Warjas Ratti,moderate,Site_6,2026-04-25,absent
100,Warjas Ratti,moderate,Site_6,2026-04-27,present
100,Warjas Ratti,moderate,Site_6,2026-04-28,present
100,Warjas Ratti,moderate,Site_6,2026-04-29,absent
100,Warjas Ratti,moderate,Site_6,2026-04-30,absent
100,Warjas Ratti,moderate,Site_6,2026-05-01,absent
100,Warjas Ratti,moderate,Site_6,2026-05-02,present
100,Warjas Ratti,moderate,Site_6,2026-05-04,present
100,Warjas Ratti,moderate,Site_6,2026-05-05,present
100,Warjas Ratti,moderate,Site_6,2026-05-06,present
100,Warjas Ratti,moderate,Site_6,2026-05-07,absent
100,Warjas Ratti,moderate,Site_6,2026-05-08,present
100,Warjas Ratti,moderate,Site_6,2026-05-09,present
100,Warjas Ratti,moderate,Site_6,2026-05-11,present
100,Warjas Ratti,moderate,Site_6,2026-05-12,present
100,Warjas Ratti,moderate,Site_6,2026-05-13,present
100,Warjas Ratti,moderate,Site_6,2026-05-14,present
100,Warjas Ratti,moderate,Site_6,2026-05-15,absent
100,Warjas Ratti,moderate,Site_6,2026-05-16,present
100,Warjas Ratti,moderate,Site_6,2026-05-18,present
100,Warjas Ratti,moderate,Site_6,2026-05-19,present
100,Warjas Ratti,moderate,Site_6,2026-05-20,present
100,Warjas Ratti,moderate,Site_6,2026-05-21,absent
100,Warjas Ratti,moderate,Site_6,2026-05-22,present
100,Warjas Ratti,moderate,Site_6,2026-05-23,present
100,Warjas Ratti,moderate,Site_6,2026-05-25,present
100,Warjas Ratti,moderate,Site_6,2026-05-26,present
100,Warjas Ratti,moderate,Site_6,2026-05-27,present
100,Warjas Ratti,moderate,Site_6,2026-05-28,present
100,Warjas Ratti,moderate,Site_6,2026-05-29,present
100,Warjas Ratti,moderate,Site_6,2026-05-30,present
100,Warjas Ratti,moderate,Site_6,2026-06-01,present
100,Warjas Ratti,moderate,Site_6,2026-06-02,present
100,Warjas Ratti,moderate,Site_6,2026-06-03,present
100,Warjas Ratti,moderate,Site_6,2026-06-04,absent
100,Warjas Ratti,moderate,Site_6,2026-06-05,present
100,Warjas Ratti,moderate,Site_6,2026-06-06,absent
100,Warjas Ratti,moderate,Site_6,2026-06-08,present
100,Warjas Ratti,moderate,Site_6,2026-06-09,present
100,Warjas Ratti,moderate,Site_6,2026-06-10,present
100,Warjas Ratti,moderate,Site_6,2026-06-11,present
100,Warjas Ratti,moderate,Site_6,2026-06-12,present
100,Warjas Ratti,moderate,Site_6,2026-06-13,present
100,Warjas Ratti,moderate,Site_6,2026-06-15,present
100,Warjas Ratti,moderate,Site_6,2026-06-16,absent
100,Warjas Ratti,moderate,Site_6,2026-06-17,present
100,Warjas Ratti,moderate,Site_6,2026-06-18,present
100,Warjas Ratti,moderate,Site_6,2026-06-19,present
100,Warjas Ratti,moderate,Site_6,2026-06-20,absent
100,Warjas Ratti,moderate,Site_6,2026-06-22,absent
100,Warjas Ratti,moderate,Site_6,2026-06-23,present
100,Warjas Ratti,moderate,Site_6,2026-06-24,absent
100,Warjas Ratti,moderate,Site_6,2026-06-25,present
100,Warjas Ratti,moderate,Site_6,2026-06-26,present
100,Warjas Ratti,moderate,Site_6,2026-06-27,present
100,Warjas Ratti,moderate,Site_6,2026-06-29,present
100,Warjas Ratti,moderate,Site_6,2026-06-30,present
100,Warjas Ratti,moderate,Site_6,2026-07-01,present
100,Warjas Ratti,moderate,Site_6,2026-07-02,present
100,Warjas Ratti,moderate,Site_6,2026-07-03,present
100,Warjas Ratti,moderate,Site_6,2026-07-04,present
100,Warjas Ratti,moderate,Site_6,2026-07-06,present
100,Warjas Ratti,moderate,Site_6,2026-07-07,present
100,Warjas Ratti,moderate,Site_6,2026-07-08,present
100,Warjas Ratti,moderate,Site_6,2026-07-09,present
100,Warjas Ratti,moderate,Site_6,2026-07-10,present
101,Dayita Doctor,reliable,Site_8,2026-01-28,present
101,Dayita Doctor,reliable,Site_8,2026-01-29,present
101,Dayita Doctor,reliable,Site_7,2026-01-30,present
101,Dayita Doctor,reliable,Site_7,2026-01-31,present
101,Dayita Doctor,reliable,Site_7,2026-02-02,present
101,Dayita Doctor,reliable,Site_8,2026-02-03,present
101,Dayita Doctor,reliable,Site_7,2026-02-04,present
101,Dayita Doctor,reliable,Site_7,2026-02-05,present
101,Dayita Doctor,reliable,Site_7,2026-02-06,present
101,Dayita Doctor,reliable,Site_7,2026-02-07,present
101,Dayita Doctor,reliable,Site_7,2026-02-09,present
101,Dayita Doctor,reliable,Site_7,2026-02-10,present
101,Dayita Doctor,reliable,Site_7,2026-02-11,present
101,Dayita Doctor,reliable,Site_7,2026-02-12,present
101,Dayita Doctor,reliable,Site_7,2026-02-13,present
101,Dayita Doctor,reliable,Site_7,2026-02-14,present
101,Dayita Doctor,reliable,Site_8,2026-02-16,present
101,Dayita Doctor,reliable,Site_8,2026-02-17,present
101,Dayita Doctor,reliable,Site_7,2026-02-18,present
101,Dayita Doctor,reliable,Site_8,2026-02-19,present
101,Dayita Doctor,reliable,Site_7,2026-02-20,present
101,Dayita Doctor,reliable,Site_7,2026-02-21,present
101,Dayita Doctor,reliable,Site_8,2026-02-23,present
101,Dayita Doctor,reliable,Site_8,2026-02-24,present
101,Dayita Doctor,reliable,Site_8,2026-02-25,present
101,Dayita Doctor,reliable,Site_8,2026-02-26,present
101,Dayita Doctor,reliable,Site_8,2026-02-27,present
101,Dayita Doctor,reliable,Site_7,2026-02-28,present
101,Dayita Doctor,reliable,Site_7,2026-03-02,present
101,Dayita Doctor,reliable,Site_8,2026-03-03,present
101,Dayita Doctor,reliable,Site_7,2026-03-04,present
101,Dayita Doctor,reliable,Site_8,2026-03-05,present
101,Dayita Doctor,reliable,Site_7,2026-03-06,present
101,Dayita Doctor,reliable,Site_7,2026-03-07,present
101,Dayita Doctor,reliable,Site_7,2026-03-09,present
101,Dayita Doctor,reliable,Site_7,2026-03-10,present
101,Dayita Doctor,reliable,Site_7,2026-03-11,present
101,Dayita Doctor,reliable,Site_7,2026-03-12,present
101,Dayita Doctor,reliable,Site_7,2026-03-13,present
101,Dayita Doctor,reliable,Site_7,2026-03-14,present
101,Dayita Doctor,reliable,Site_7,2026-03-16,present
101,Dayita Doctor,reliable,Site_7,2026-03-17,present
101,Dayita Doctor,reliable,Site_8,2026-03-18,present
101,Dayita Doctor,reliable,Site_7,2026-03-19,present
101,Dayita Doctor,reliable,Site_7,2026-03-20,present
101,Dayita Doctor,reliable,Site_7,2026-03-21,present
101,Dayita Doctor,reliable,Site_7,2026-03-23,present
101,Dayita Doctor,reliable,Site_8,2026-03-24,present
101,Dayita Doctor,reliable,Site_7,2026-03-25,present
101,Dayita Doctor,reliable,Site_7,2026-03-26,present
101,Dayita Doctor,reliable,Site_8,2026-03-27,present
101,Dayita Doctor,reliable,Site_7,2026-03-28,present
101,Dayita Doctor,reliable,Site_8,2026-03-30,present
101,Dayita Doctor,reliable,Site_8,2026-03-31,present
101,Dayita Doctor,reliable,Site_8,2026-04-01,present
101,Dayita Doctor,reliable,Site_7,2026-04-02,present
101,Dayita Doctor,reliable,Site_8,2026-04-03,present
101,Dayita Doctor,reliable,Site_8,2026-04-04,present
101,Dayita Doctor,reliable,Site_7,2026-04-06,present
101,Dayita Doctor,reliable,Site_8,2026-04-07,present
101,Dayita Doctor,reliable,Site_8,2026-04-08,present
101,Dayita Doctor,reliable,Site_7,2026-04-09,present
101,Dayita Doctor,reliable,Site_7,2026-04-10,present
101,Dayita Doctor,reliable,Site_7,2026-04-11,present
101,Dayita Doctor,reliable,Site_8,2026-04-13,present
101,Dayita Doctor,reliable,Site_8,2026-04-14,present
101,Dayita Doctor,reliable,Site_7,2026-04-15,present
101,Dayita Doctor,reliable,Site_8,2026-04-16,present
101,Dayita Doctor,reliable,Site_7,2026-04-17,present
101,Dayita Doctor,reliable,Site_7,2026-04-18,present
101,Dayita Doctor,reliable,Site_7,2026-04-20,present
101,Dayita Doctor,reliable,Site_8,2026-04-21,present
101,Dayita Doctor,reliable,Site_7,2026-04-22,present
101,Dayita Doctor,reliable,Site_7,2026-04-23,present
101,Dayita Doctor,reliable,Site_7,2026-04-24,present
101,Dayita Doctor,reliable,Site_8,2026-04-25,present
101,Dayita Doctor,reliable,Site_8,2026-04-27,present
101,Dayita Doctor,reliable,Site_8,2026-04-28,present
101,Dayita Doctor,reliable,Site_7,2026-04-29,present
101,Dayita Doctor,reliable,Site_8,2026-04-30,present
101,Dayita Doctor,reliable,Site_8,2026-05-01,present
101,Dayita Doctor,reliable,Site_8,2026-05-02,present
101,Dayita Doctor,reliable,Site_7,2026-05-04,present
101,Dayita Doctor,reliable,Site_8,2026-05-05,present
101,Dayita Doctor,reliable,Site_7,2026-05-06,absent
101,Dayita Doctor,reliable,Site_7,2026-05-07,present
101,Dayita Doctor,reliable,Site_8,2026-05-08,present
101,Dayita Doctor,reliable,Site_7,2026-05-09,present
101,Dayita Doctor,reliable,Site_7,2026-05-11,present
101,Dayita Doctor,reliable,Site_7,2026-05-12,present
101,Dayita Doctor,reliable,Site_7,2026-05-13,present
101,Dayita Doctor,reliable,Site_7,2026-05-14,present
101,Dayita Doctor,reliable,Site_8,2026-05-15,present
101,Dayita Doctor,reliable,Site_7,2026-05-16,present
101,Dayita Doctor,reliable,Site_8,2026-05-18,present
101,Dayita Doctor,reliable,Site_7,2026-05-19,present
101,Dayita Doctor,reliable,Site_7,2026-05-20,present
101,Dayita Doctor,reliable,Site_8,2026-05-21,present
101,Dayita Doctor,reliable,Site_7,2026-05-22,absent
101,Dayita Doctor,reliable,Site_8,2026-05-23,present
101,Dayita Doctor,reliable,Site_7,2026-05-25,present
101,Dayita Doctor,reliable,Site_7,2026-05-26,present
101,Dayita Doctor,reliable,Site_7,2026-05-27,present
101,Dayita Doctor,reliable,Site_7,2026-05-28,present
101,Dayita Doctor,reliable,Site_8,2026-05-29,present
101,Dayita Doctor,reliable,Site_7,2026-05-30,present
101,Dayita Doctor,reliable,Site_7,2026-06-01,present
101,Dayita Doctor,reliable,Site_8,2026-06-02,present
101,Dayita Doctor,reliable,Site_7,2026-06-03,present
101,Dayita Doctor,reliable,Site_7,2026-06-04,present
101,Dayita Doctor,reliable,Site_7,2026-06-05,present
101,Dayita Doctor,reliable,Site_8,2026-06-06,present
101,Dayita Doctor,reliable,Site_8,2026-06-08,present
101,Dayita Doctor,reliable,Site_7,2026-06-09,present
101,Dayita Doctor,reliable,Site_7,2026-06-10,present
101,Dayita Doctor,reliable,Site_7,2026-06-11,present
101,Dayita Doctor,reliable,Site_8,2026-06-12,present
101,Dayita Doctor,reliable,Site_7,2026-06-13,present
101,Dayita Doctor,reliable,Site_8,2026-06-15,present
101,Dayita Doctor,reliable,Site_8,2026-06-16,present
101,Dayita Doctor,reliable,Site_7,2026-06-17,present
101,Dayita Doctor,reliable,Site_8,2026-06-18,present
101,Dayita Doctor,reliable,Site_7,2026-06-19,present
101,Dayita Doctor,reliable,Site_8,2026-06-20,present
101,Dayita Doctor,reliable,Site_7,2026-06-22,present
101,Dayita Doctor,reliable,Site_7,2026-06-23,present
101,Dayita Doctor,reliable,Site_8,2026-06-24,present
101,Dayita Doctor,reliable,Site_7,2026-06-25,absent
101,Dayita Doctor,reliable,Site_8,2026-06-26,present
101,Dayita Doctor,reliable,Site_7,2026-06-27,present
101,Dayita Doctor,reliable,Site_8,2026-06-29,present
101,Dayita Doctor,reliable,Site_8,2026-06-30,absent
101,Dayita Doctor,reliable,Site_7,2026-07-01,present
101,Dayita Doctor,reliable,Site_7,2026-07-02,present
101,Dayita Doctor,reliable,Site_7,2026-07-03,present
101,Dayita Doctor,reliable,Site_8,2026-07-04,present
101,Dayita Doctor,reliable,Site_8,2026-07-06,present
101,Dayita Doctor,reliable,Site_7,2026-07-07,present
101,Dayita Doctor,reliable,Site_8,2026-07-08,present
101,Dayita Doctor,reliable,Site_8,2026-07-09,present
101,Dayita Doctor,reliable,Site_8,2026-07-10,present
102,Chakrika Buch,moderate,Site_4,2026-04-18,absent
102,Chakrika Buch,moderate,Site_3,2026-04-20,absent
102,Chakrika Buch,moderate,Site_4,2026-04-21,present
102,Chakrika Buch,moderate,Site_4,2026-04-22,absent
102,Chakrika Buch,moderate,Site_3,2026-04-23,present
102,Chakrika Buch,moderate,Site_4,2026-04-24,present
102,Chakrika Buch,moderate,Site_3,2026-04-25,present
102,Chakrika Buch,moderate,Site_3,2026-04-27,present
102,Chakrika Buch,moderate,Site_3,2026-04-28,present
102,Chakrika Buch,moderate,Site_3,2026-04-29,present
102,Chakrika Buch,moderate,Site_3,2026-04-30,present
102,Chakrika Buch,moderate,Site_4,2026-05-01,present
102,Chakrika Buch,moderate,Site_3,2026-05-02,present
102,Chakrika Buch,moderate,Site_4,2026-05-04,present
102,Chakrika Buch,moderate,Site_3,2026-05-05,absent
102,Chakrika Buch,moderate,Site_3,2026-05-06,absent
102,Chakrika Buch,moderate,Site_4,2026-05-07,present
102,Chakrika Buch,moderate,Site_3,2026-05-08,present
102,Chakrika Buch,moderate,Site_4,2026-05-09,present
102,Chakrika Buch,moderate,Site_4,2026-05-11,absent
102,Chakrika Buch,moderate,Site_4,2026-05-12,absent
102,Chakrika Buch,moderate,Site_4,2026-05-13,present
102,Chakrika Buch,moderate,Site_4,2026-05-14,present
102,Chakrika Buch,moderate,Site_4,2026-05-15,present
102,Chakrika Buch,moderate,Site_4,2026-05-16,present
102,Chakrika Buch,moderate,Site_3,2026-05-18,absent
102,Chakrika Buch,moderate,Site_3,2026-05-19,present
102,Chakrika Buch,moderate,Site_4,2026-05-20,present
102,Chakrika Buch,moderate,Site_3,2026-05-21,present
102,Chakrika Buch,moderate,Site_3,2026-05-22,present
102,Chakrika Buch,moderate,Site_3,2026-05-23,present
102,Chakrika Buch,moderate,Site_3,2026-05-25,present
102,Chakrika Buch,moderate,Site_4,2026-05-26,absent
102,Chakrika Buch,moderate,Site_3,2026-05-27,present
102,Chakrika Buch,moderate,Site_4,2026-05-28,present
102,Chakrika Buch,moderate,Site_3,2026-05-29,present
102,Chakrika Buch,moderate,Site_4,2026-05-30,present
102,Chakrika Buch,moderate,Site_3,2026-06-01,present
102,Chakrika Buch,moderate,Site_4,2026-06-02,present
102,Chakrika Buch,moderate,Site_3,2026-06-03,present
102,Chakrika Buch,moderate,Site_3,2026-06-04,present
102,Chakrika Buch,moderate,Site_3,2026-06-05,absent
102,Chakrika Buch,moderate,Site_3,2026-06-06,present
102,Chakrika Buch,moderate,Site_4,2026-06-08,present
102,Chakrika Buch,moderate,Site_3,2026-06-09,present
102,Chakrika Buch,moderate,Site_3,2026-06-10,present
102,Chakrika Buch,moderate,Site_3,2026-06-11,present
102,Chakrika Buch,moderate,Site_4,2026-06-12,absent
102,Chakrika Buch,moderate,Site_4,2026-06-13,present
102,Chakrika Buch,moderate,Site_3,2026-06-15,present
102,Chakrika Buch,moderate,Site_3,2026-06-16,absent
102,Chakrika Buch,moderate,Site_3,2026-06-17,present
102,Chakrika Buch,moderate,Site_4,2026-06-18,present
102,Chakrika Buch,moderate,Site_4,2026-06-19,present
102,Chakrika Buch,moderate,Site_4,2026-06-20,present
102,Chakrika Buch,moderate,Site_4,2026-06-22,present
102,Chakrika Buch,moderate,Site_3,2026-06-23,present
102,Chakrika Buch,moderate,Site_4,2026-06-24,present
102,Chakrika Buch,moderate,Site_3,2026-06-25,present
102,Chakrika Buch,moderate,Site_3,2026-06-26,present
102,Chakrika Buch,moderate,Site_4,2026-06-27,absent
102,Chakrika Buch,moderate,Site_4,2026-06-29,absent
102,Chakrika Buch,moderate,Site_4,2026-06-30,absent
102,Chakrika Buch,moderate,Site_3,2026-07-01,absent
102,Chakrika Buch,moderate,Site_3,2026-07-02,present
102,Chakrika Buch,moderate,Site_3,2026-07-03,present
102,Chakrika Buch,moderate,Site_4,2026-07-04,present
102,Chakrika Buch,moderate,Site_3,2026-07-06,present
102,Chakrika Buch,moderate,Site_4,2026-07-07,absent
102,Chakrika Buch,moderate,Site_3,2026-07-08,present
102,Chakrika Buch,moderate,Site_4,2026-07-09,present
102,Chakrika Buch,moderate,Site_3,2026-07-10,present
103,Jacob Divan,unreliable,Site_10,2026-06-24,present
103,Jacob Divan,unreliable,Site_10,2026-06-25,present
103,Jacob Divan,unreliable,Site_10,2026-06-26,present
103,Jacob Divan,unreliable,Site_10,2026-06-27,present
103,Jacob Divan,unreliable,Site_10,2026-06-29,absent
103,Jacob Divan,unreliable,Site_10,2026-06-30,present
103,Jacob Divan,unreliable,Site_10,2026-07-01,present
103,Jacob Divan,unreliable,Site_10,2026-07-02,present
103,Jacob Divan,unreliable,Site_10,2026-07-03,present
103,Jacob Divan,unreliable,Site_10,2026-07-04,absent
103,Jacob Divan,unreliable,Site_10,2026-07-06,absent
103,Jacob Divan,unreliable,Site_10,2026-07-07,absent
103,Jacob Divan,unreliable,Site_10,2026-07-08,absent
103,Jacob Divan,unreliable,Site_10,2026-07-09,absent
103,Jacob Divan,unreliable,Site_10,2026-07-10,present
104,Jonathan Bumb,unreliable,Site_2,2026-06-03,present
104,Jonathan Bumb,unreliable,Site_2,2026-06-04,absent
104,Jonathan Bumb,unreliable,Site_2,2026-06-05,present
104,Jonathan Bumb,unreliable,Site_2,2026-06-06,absent
104,Jonathan Bumb,unreliable,Site_2,2026-06-08,present
104,Jonathan Bumb,unreliable,Site_2,2026-06-09,present
104,Jonathan Bumb,unreliable,Site_2,2026-06-10,absent
104,Jonathan Bumb,unreliable,Site_2,2026-06-11,present
104,Jonathan Bumb,unreliable,Site_2,2026-06-12,present
104,Jonathan Bumb,unreliable,Site_2,2026-06-13,absent
104,Jonathan Bumb,unreliable,Site_2,2026-06-15,absent
104,Jonathan Bumb,unreliable,Site_2,2026-06-16,absent
104,Jonathan Bumb,unreliable,Site_2,2026-06-17,present
104,Jonathan Bumb,unreliable,Site_2,2026-06-18,absent
104,Jonathan Bumb,unreliable,Site_2,2026-06-19,present
104,Jonathan Bumb,unreliable,Site_2,2026-06-20,present
104,Jonathan Bumb,unreliable,Site_2,2026-06-22,absent
104,Jonathan Bumb,unreliable,Site_2,2026-06-23,present
104,Jonathan Bumb,unreliable,Site_2,2026-06-24,present
104,Jonathan Bumb,unreliable,Site_2,2026-06-25,absent
104,Jonathan Bumb,unreliable,Site_2,2026-06-26,absent
104,Jonathan Bumb,unreliable,Site_2,2026-06-27,present
104,Jonathan Bumb,unreliable,Site_2,2026-06-29,present
104,Jonathan Bumb,unreliable,Site_2,2026-06-30,absent
104,Jonathan Bumb,unreliable,Site_2,2026-07-01,present
104,Jonathan Bumb,unreliable,Site_2,2026-07-02,absent
104,Jonathan Bumb,unreliable,Site_2,2026-07-03,absent
104,Jonathan Bumb,unreliable,Site_2,2026-07-04,absent
104,Jonathan Bumb,unreliable,Site_2,2026-07-06,absent
104,Jonathan Bumb,unreliable,Site_2,2026-07-07,absent
104,Jonathan Bumb,unreliable,Site_2,2026-07-08,present
104,Jonathan Bumb,unreliable,Site_2,2026-07-09,absent
104,Jonathan Bumb,unreliable,Site_2,2026-07-10,absent
105,Thomas Sibal,moderate,Site_9,2026-04-28,present
105,Thomas Sibal,moderate,Site_9,2026-04-29,present
105,Thomas Sibal,moderate,Site_6,2026-04-30,absent
105,Thomas Sibal,moderate,Site_6,2026-05-01,present
105,Thomas Sibal,moderate,Site_6,2026-05-02,present
105,Thomas Sibal,moderate,Site_9,2026-05-04,present
105,Thomas Sibal,moderate,Site_6,2026-05-05,absent
105,Thomas Sibal,moderate,Site_6,2026-05-06,present
105,Thomas Sibal,moderate,Site_9,2026-05-07,present
105,Thomas Sibal,moderate,Site_9,2026-05-08,present
105,Thomas Sibal,moderate,Site_6,2026-05-09,absent
105,Thomas Sibal,moderate,Site_6,2026-05-11,present
105,Thomas Sibal,moderate,Site_6,2026-05-12,present
105,Thomas Sibal,moderate,Site_9,2026-05-13,present
105,Thomas Sibal,moderate,Site_6,2026-05-14,present
105,Thomas Sibal,moderate,Site_6,2026-05-15,present
105,Thomas Sibal,moderate,Site_9,2026-05-16,present
105,Thomas Sibal,moderate,Site_6,2026-05-18,present
105,Thomas Sibal,moderate,Site_9,2026-05-19,present
105,Thomas Sibal,moderate,Site_9,2026-05-20,present
105,Thomas Sibal,moderate,Site_6,2026-05-21,present
105,Thomas Sibal,moderate,Site_6,2026-05-22,present
105,Thomas Sibal,moderate,Site_9,2026-05-23,present
105,Thomas Sibal,moderate,Site_6,2026-05-25,present
105,Thomas Sibal,moderate,Site_9,2026-05-26,present
105,Thomas Sibal,moderate,Site_6,2026-05-27,present
105,Thomas Sibal,moderate,Site_6,2026-05-28,present
105,Thomas Sibal,moderate,Site_6,2026-05-29,present
105,Thomas Sibal,moderate,Site_9,2026-05-30,present
105,Thomas Sibal,moderate,Site_6,2026-06-01,absent
105,Thomas Sibal,moderate,Site_6,2026-06-02,present
105,Thomas Sibal,moderate,Site_6,2026-06-03,absent
105,Thomas Sibal,moderate,Site_9,2026-06-04,present
105,Thomas Sibal,moderate,Site_6,2026-06-05,present
105,Thomas Sibal,moderate,Site_6,2026-06-06,present
105,Thomas Sibal,moderate,Site_9,2026-06-08,present
105,Thomas Sibal,moderate,Site_9,2026-06-09,present
105,Thomas Sibal,moderate,Site_6,2026-06-10,present
105,Thomas Sibal,moderate,Site_9,2026-06-11,present
105,Thomas Sibal,moderate,Site_6,2026-06-12,present
105,Thomas Sibal,moderate,Site_9,2026-06-13,present
105,Thomas Sibal,moderate,Site_6,2026-06-15,absent
105,Thomas Sibal,moderate,Site_9,2026-06-16,present
105,Thomas Sibal,moderate,Site_9,2026-06-17,present
105,Thomas Sibal,moderate,Site_6,2026-06-18,present
105,Thomas Sibal,moderate,Site_9,2026-06-19,present
105,Thomas Sibal,moderate,Site_6,2026-06-20,present
105,Thomas Sibal,moderate,Site_6,2026-06-22,present
105,Thomas Sibal,moderate,Site_9,2026-06-23,present
105,Thomas Sibal,moderate,Site_6,2026-06-24,absent
105,Thomas Sibal,moderate,Site_9,2026-06-25,present
105,Thomas Sibal,moderate,Site_9,2026-06-26,present
105,Thomas Sibal,moderate,Site_9,2026-06-27,present
105,Thomas Sibal,moderate,Site_9,2026-06-29,present
105,Thomas Sibal,moderate,Site_9,2026-06-30,present
105,Thomas Sibal,moderate,Site_9,2026-07-01,present
105,Thomas Sibal,moderate,Site_9,2026-07-02,absent
105,Thomas Sibal,moderate,Site_9,2026-07-03,present
105,Thomas Sibal,moderate,Site_6,2026-07-04,present
105,Thomas Sibal,moderate,Site_9,2026-07-06,present
105,Thomas Sibal,moderate,Site_9,2026-07-07,present
105,Thomas Sibal,moderate,Site_6,2026-07-08,present
105,Thomas Sibal,moderate,Site_9,2026-07-09,present
105,Thomas Sibal,moderate,Site_9,2026-07-10,present
106,Triya Borde,new,Site_8,2026-07-04,present
106,Triya Borde,new,Site_8,2026-07-06,present
106,Triya Borde,new,Site_8,2026-07-07,present
106,Triya Borde,new,Site_8,2026-07-08,absent
106,Triya Borde,new,Site_8,2026-07-09,present
106,Triya Borde,new,Site_8,2026-07-10,present
107,Vasudha Som,moderate,Site_9,2026-03-16,present
107,Vasudha Som,moderate,Site_9,2026-03-17,present
107,Vasudha Som,moderate,Site_9,2026-03-18,present
107,Vasudha Som,moderate,Site_9,2026-03-19,absent
107,Vasudha Som,moderate,Site_9,2026-03-20,absent
107,Vasudha Som,moderate,Site_9,2026-03-21,present
107,Vasudha Som,moderate,Site_9,2026-03-23,present
107,Vasudha Som,moderate,Site_9,2026-03-24,present
107,Vasudha Som,moderate,Site_9,2026-03-25,present
107,Vasudha Som,moderate,Site_9,2026-03-26,present
107,Vasudha Som,moderate,Site_9,2026-03-27,present
107,Vasudha Som,moderate,Site_9,2026-03-28,present
107,Vasudha Som,moderate,Site_9,2026-03-30,present
107,Vasudha Som,moderate,Site_9,2026-03-31,present
107,Vasudha Som,moderate,Site_9,2026-04-01,present
107,Vasudha Som,moderate,Site_9,2026-04-02,present
107,Vasudha Som,moderate,Site_9,2026-04-03,present
107,Vasudha Som,moderate,Site_9,2026-04-04,absent
107,Vasudha Som,moderate,Site_9,2026-04-06,present
107,Vasudha Som,moderate,Site_9,2026-04-07,present
107,Vasudha Som,moderate,Site_9,2026-04-08,present
107,Vasudha Som,moderate,Site_9,2026-04-09,absent
107,Vasudha Som,moderate,Site_9,2026-04-10,present
107,Vasudha Som,moderate,Site_9,2026-04-11,absent
107,Vasudha Som,moderate,Site_9,2026-04-13,present
107,Vasudha Som,moderate,Site_9,2026-04-14,present
107,Vasudha Som,moderate,Site_9,2026-04-15,present
107,Vasudha Som,moderate,Site_9,2026-04-16,present
107,Vasudha Som,moderate,Site_9,2026-04-17,present
107,Vasudha Som,moderate,Site_9,2026-04-18,present
107,Vasudha Som,moderate,Site_9,2026-04-20,present
107,Vasudha Som,moderate,Site_9,2026-04-21,present
107,Vasudha Som,moderate,Site_9,2026-04-22,present
107,Vasudha Som,moderate,Site_9,2026-04-23,present
107,Vasudha Som,moderate,Site_9,2026-04-24,present
107,Vasudha Som,moderate,Site_9,2026-04-25,present
107,Vasudha Som,moderate,Site_9,2026-04-27,present
107,Vasudha Som,moderate,Site_9,2026-04-28,absent
107,Vasudha Som,moderate,Site_9,2026-04-29,present
107,Vasudha Som,moderate,Site_9,2026-04-30,present
107,Vasudha Som,moderate,Site_9,2026-05-01,present
107,Vasudha Som,moderate,Site_9,2026-05-02,present
107,Vasudha Som,moderate,Site_9,2026-05-04,present
107,Vasudha Som,moderate,Site_9,2026-05-05,absent
107,Vasudha Som,moderate,Site_9,2026-05-06,present
107,Vasudha Som,moderate,Site_9,2026-05-07,present
107,Vasudha Som,moderate,Site_9,2026-05-08,present
107,Vasudha Som,moderate,Site_9,2026-05-09,present
107,Vasudha Som,moderate,Site_9,2026-05-11,present
107,Vasudha Som,moderate,Site_9,2026-05-12,present
107,Vasudha Som,moderate,Site_9,2026-05-13,present
107,Vasudha Som,moderate,Site_9,2026-05-14,absent
107,Vasudha Som,moderate,Site_9,2026-05-15,present
107,Vasudha Som,moderate,Site_9,2026-05-16,absent
107,Vasudha Som,moderate,Site_9,2026-05-18,absent
107,Vasudha Som,moderate,Site_9,2026-05-19,present
107,Vasudha Som,moderate,Site_9,2026-05-20,present
107,Vasudha Som,moderate,Site_9,2026-05-21,present
107,Vasudha Som,moderate,Site_9,2026-05-22,present
107,Vasudha Som,moderate,Site_9,2026-05-23,present
107,Vasudha Som,moderate,Site_9,2026-05-25,present
107,Vasudha Som,moderate,Site_9,2026-05-26,present
107,Vasudha Som,moderate,Site_9,2026-05-27,present
107,Vasudha Som,moderate,Site_9,2026-05-28,present
107,Vasudha Som,moderate,Site_9,2026-05-29,present
107,Vasudha Som,moderate,Site_9,2026-05-30,present
107,Vasudha Som,moderate,Site_9,2026-06-01,present
107,Vasudha Som,moderate,Site_9,2026-06-02,present
107,Vasudha Som,moderate,Site_9,2026-06-03,present
107,Vasudha Som,moderate,Site_9,2026-06-04,present
107,Vasudha Som,moderate,Site_9,2026-06-05,present
107,Vasudha Som,moderate,Site_9,2026-06-06,present
107,Vasudha Som,moderate,Site_9,2026-06-08,present
107,Vasudha Som,moderate,Site_9,2026-06-09,absent
107,Vasudha Som,moderate,Site_9,2026-06-10,present
107,Vasudha Som,moderate,Site_9,2026-06-11,present
107,Vasudha Som,moderate,Site_9,2026-06-12,present
107,Vasudha Som,moderate,Site_9,2026-06-13,absent
107,Vasudha Som,moderate,Site_9,2026-06-15,present
107,Vasudha Som,moderate,Site_9,2026-06-16,present
107,Vasudha Som,moderate,Site_9,2026-06-17,present
107,Vasudha Som,moderate,Site_9,2026-06-18,absent
107,Vasudha Som,moderate,Site_9,2026-06-19,present
107,Vasudha Som,moderate,Site_9,2026-06-20,present
107,Vasudha Som,moderate,Site_9,2026-06-22,present
107,Vasudha Som,moderate,Site_9,2026-06-23,present
107,Vasudha Som,moderate,Site_9,2026-06-24,absent
107,Vasudha Som,moderate,Site_9,2026-06-25,present
107,Vasudha Som,moderate,Site_9,2026-06-26,present
107,Vasudha Som,moderate,Site_9,2026-06-27,present
107,Vasudha Som,moderate,Site_9,2026-06-29,present
107,Vasudha Som,moderate,Site_9,2026-06-30,absent
107,Vasudha Som,moderate,Site_9,2026-07-01,present
107,Vasudha Som,moderate,Site_9,2026-07-02,absent
107,Vasudha Som,moderate,Site_9,2026-07-03,present
107,Vasudha Som,moderate,Site_9,2026-07-04,absent
107,Vasudha Som,moderate,Site_9,2026-07-06,present
107,Vasudha Som,moderate,Site_9,2026-07-07,present
107,Vasudha Som,moderate,Site_9,2026-07-08,present
107,Vasudha Som,moderate,Site_9,2026-07-09,present
107,Vasudha Som,moderate,Site_9,2026-07-10,present
108,Samuel Mangal,moderate,Site_6,2026-04-24,absent
108,Samuel Mangal,moderate,Site_6,2026-04-25,present
108,Samuel Mangal,moderate,Site_3,2026-04-27,present
108,Samuel Mangal,moderate,Site_3,2026-04-28,present
108,Samuel Mangal,moderate,Site_6,2026-04-29,present
108,Samuel Mangal,moderate,Site_3,2026-04-30,present
108,Samuel Mangal,moderate,Site_6,2026-05-01,present
108,Samuel Mangal,moderate,Site_6,2026-05-02,present
108,Samuel Mangal,moderate,Site_6,2026-05-04,present
108,Samuel Mangal,moderate,Site_3,2026-05-05,present
108,Samuel Mangal,moderate,Site_6,2026-05-06,present
108,Samuel Mangal,moderate,Site_3,2026-05-07,absent
108,Samuel Mangal,moderate,Site_6,2026-05-08,present
108,Samuel Mangal,moderate,Site_6,2026-05-09,absent
108,Samuel Mangal,moderate,Site_3,2026-05-11,present
108,Samuel Mangal,moderate,Site_6,2026-05-12,absent
108,Samuel Mangal,moderate,Site_6,2026-05-13,present
108,Samuel Mangal,moderate,Site_6,2026-05-14,present
108,Samuel Mangal,moderate,Site_6,2026-05-15,present
108,Samuel Mangal,moderate,Site_6,2026-05-16,present
108,Samuel Mangal,moderate,Site_6,2026-05-18,present
108,Samuel Mangal,moderate,Site_6,2026-05-19,absent
108,Samuel Mangal,moderate,Site_6,2026-05-20,present
108,Samuel Mangal,moderate,Site_3,2026-05-21,present
108,Samuel Mangal,moderate,Site_3,2026-05-22,present
108,Samuel Mangal,moderate,Site_6,2026-05-23,present
108,Samuel Mangal,moderate,Site_3,2026-05-25,absent
108,Samuel Mangal,moderate,Site_3,2026-05-26,absent
108,Samuel Mangal,moderate,Site_3,2026-05-27,present
108,Samuel Mangal,moderate,Site_3,2026-05-28,present
108,Samuel Mangal,moderate,Site_6,2026-05-29,present
108,Samuel Mangal,moderate,Site_3,2026-05-30,absent
108,Samuel Mangal,moderate,Site_3,2026-06-01,present
108,Samuel Mangal,moderate,Site_6,2026-06-02,present
108,Samuel Mangal,moderate,Site_6,2026-06-03,present
108,Samuel Mangal,moderate,Site_3,2026-06-04,present
108,Samuel Mangal,moderate,Site_6,2026-06-05,present
108,Samuel Mangal,moderate,Site_3,2026-06-06,present
108,Samuel Mangal,moderate,Site_3,2026-06-08,absent
108,Samuel Mangal,moderate,Site_3,2026-06-09,absent
108,Samuel Mangal,moderate,Site_3,2026-06-10,absent
108,Samuel Mangal,moderate,Site_6,2026-06-11,absent
108,Samuel Mangal,moderate,Site_6,2026-06-12,absent
108,Samuel Mangal,moderate,Site_3,2026-06-13,present
108,Samuel Mangal,moderate,Site_6,2026-06-15,present
108,Samuel Mangal,moderate,Site_6,2026-06-16,absent
108,Samuel Mangal,moderate,Site_3,2026-06-17,present
108,Samuel Mangal,moderate,Site_3,2026-06-18,present
108,Samuel Mangal,moderate,Site_6,2026-06-19,present
108,Samuel Mangal,moderate,Site_3,2026-06-20,absent
108,Samuel Mangal,moderate,Site_6,2026-06-22,present
108,Samuel Mangal,moderate,Site_6,2026-06-23,present
108,Samuel Mangal,moderate,Site_6,2026-06-24,absent
108,Samuel Mangal,moderate,Site_6,2026-06-25,present
108,Samuel Mangal,moderate,Site_6,2026-06-26,present
108,Samuel Mangal,moderate,Site_6,2026-06-27,present
108,Samuel Mangal,moderate,Site_6,2026-06-29,present
108,Samuel Mangal,moderate,Site_3,2026-06-30,absent
108,Samuel Mangal,moderate,Site_6,2026-07-01,present
108,Samuel Mangal,moderate,Site_6,2026-07-02,absent
108,Samuel Mangal,moderate,Site_6,2026-07-03,absent
108,Samuel Mangal,moderate,Site_6,2026-07-04,present
108,Samuel Mangal,moderate,Site_6,2026-07-06,present
108,Samuel Mangal,moderate,Site_6,2026-07-07,present
108,Samuel Mangal,moderate,Site_6,2026-07-08,present
108,Samuel Mangal,moderate,Site_6,2026-07-09,present
108,Samuel Mangal,moderate,Site_3,2026-07-10,present
109,Madhavi Karnik,moderate,Site_9,2026-05-11,absent
109,Madhavi Karnik,moderate,Site_9,2026-05-12,present
109,Madhavi Karnik,moderate,Site_9,2026-05-13,present
109,Madhavi Karnik,moderate,Site_9,2026-05-14,absent
109,Madhavi Karnik,moderate,Site_9,2026-05-15,present
109,Madhavi Karnik,moderate,Site_9,2026-05-16,present
109,Madhavi Karnik,moderate,Site_9,2026-05-18,absent
109,Madhavi Karnik,moderate,Site_9,2026-05-19,absent
109,Madhavi Karnik,moderate,Site_9,2026-05-20,present
109,Madhavi Karnik,moderate,Site_9,2026-05-21,present
109,Madhavi Karnik,moderate,Site_9,2026-05-22,absent
109,Madhavi Karnik,moderate,Site_9,2026-05-23,present
109,Madhavi Karnik,moderate,Site_9,2026-05-25,present
109,Madhavi Karnik,moderate,Site_9,2026-05-26,present
109,Madhavi Karnik,moderate,Site_9,2026-05-27,absent
109,Madhavi Karnik,moderate,Site_9,2026-05-28,present
109,Madhavi Karnik,moderate,Site_9,2026-05-29,present
109,Madhavi Karnik,moderate,Site_9,2026-05-30,present
109,Madhavi Karnik,moderate,Site_9,2026-06-01,absent
109,Madhavi Karnik,moderate,Site_9,2026-06-02,present
109,Madhavi Karnik,moderate,Site_9,2026-06-03,absent
109,Madhavi Karnik,moderate,Site_9,2026-06-04,present
109,Madhavi Karnik,moderate,Site_9,2026-06-05,present
109,Madhavi Karnik,moderate,Site_9,2026-06-06,present
109,Madhavi Karnik,moderate,Site_9,2026-06-08,present
109,Madhavi Karnik,moderate,Site_9,2026-06-09,present
109,Madhavi Karnik,moderate,Site_9,2026-06-10,absent
109,Madhavi Karnik,moderate,Site_9,2026-06-11,absent
109,Madhavi Karnik,moderate,Site_9,2026-06-12,present
109,Madhavi Karnik,moderate,Site_9,2026-06-13,absent
109,Madhavi Karnik,moderate,Site_9,2026-06-15,absent
109,Madhavi Karnik,moderate,Site_9,2026-06-16,present
109,Madhavi Karnik,moderate,Site_9,2026-06-17,absent
109,Madhavi Karnik,moderate,Site_9,2026-06-18,present
109,Madhavi Karnik,moderate,Site_9,2026-06-19,present
109,Madhavi Karnik,moderate,Site_9,2026-06-20,present
109,Madhavi Karnik,moderate,Site_9,2026-06-22,present
109,Madhavi Karnik,moderate,Site_9,2026-06-23,present
109,Madhavi Karnik,moderate,Site_9,2026-06-24,present
109,Madhavi Karnik,moderate,Site_9,2026-06-25,absent
109,Madhavi Karnik,moderate,Site_9,2026-06-26,present
109,Madhavi Karnik,moderate,Site_9,2026-06-27,present
109,Madhavi Karnik,moderate,Site_9,2026-06-29,absent
109,Madhavi Karnik,moderate,Site_9,2026-06-30,present
109,Madhavi Karnik,moderate,Site_9,2026-07-01,absent
109,Madhavi Karnik,moderate,Site_9,2026-07-02,present
109,Madhavi Karnik,moderate,Site_9,2026-07-03,absent
109,Madhavi Karnik,moderate,Site_9,2026-07-04,absent
109,Madhavi Karnik,moderate,Site_9,2026-07-06,present
109,Madhavi Karnik,moderate,Site_9,2026-07-07,present
109,Madhavi Karnik,moderate,Site_9,2026-07-08,present
109,Madhavi Karnik,moderate,Site_9,2026-07-09,present
109,Madhavi Karnik,moderate,Site_9,2026-07-10,present
110,Damini Issac,new,Site_3,2026-07-08,absent
110,Damini Issac,new,Site_3,2026-07-09,present
110,Damini Issac,new,Site_3,2026-07-10,absent
111,Kashish Mammen,moderate,Site_3,2026-03-28,present
111,Kashish Mammen,moderate,Site_3,2026-03-30,present
111,Kashish Mammen,moderate,Site_3,2026-03-31,present
111,Kashish Mammen,moderate,Site_3,2026-04-01,present
111,Kashish Mammen,moderate,Site_3,2026-04-02,absent
111,Kashish Mammen,moderate,Site_3,2026-04-03,present
111,Kashish Mammen,moderate,Site_3,2026-04-04,present
111,Kashish Mammen,moderate,Site_3,2026-04-06,present
111,Kashish Mammen,moderate,Site_3,2026-04-07,present
111,Kashish Mammen,moderate,Site_3,2026-04-08,present
111,Kashish Mammen,moderate,Site_3,2026-04-09,present
111,Kashish Mammen,moderate,Site_3,2026-04-10,present
111,Kashish Mammen,moderate,Site_3,2026-04-11,present
111,Kashish Mammen,moderate,Site_3,2026-04-13,present
111,Kashish Mammen,moderate,Site_3,2026-04-14,present
111,Kashish Mammen,moderate,Site_3,2026-04-15,present
111,Kashish Mammen,moderate,Site_3,2026-04-16,present
111,Kashish Mammen,moderate,Site_3,2026-04-17,present
111,Kashish Mammen,moderate,Site_3,2026-04-18,present
111,Kashish Mammen,moderate,Site_3,2026-04-20,absent
111,Kashish Mammen,moderate,Site_3,2026-04-21,present
111,Kashish Mammen,moderate,Site_3,2026-04-22,present
111,Kashish Mammen,moderate,Site_3,2026-04-23,present
111,Kashish Mammen,moderate,Site_3,2026-04-24,present
111,Kashish Mammen,moderate,Site_3,2026-04-25,absent
111,Kashish Mammen,moderate,Site_3,2026-04-27,absent
111,Kashish Mammen,moderate,Site_3,2026-04-28,absent
111,Kashish Mammen,moderate,Site_3,2026-04-29,absent
111,Kashish Mammen,moderate,Site_3,2026-04-30,absent
111,Kashish Mammen,moderate,Site_3,2026-05-01,present
111,Kashish Mammen,moderate,Site_3,2026-05-02,present
111,Kashish Mammen,moderate,Site_3,2026-05-04,present
111,Kashish Mammen,moderate,Site_3,2026-05-05,present
111,Kashish Mammen,moderate,Site_3,2026-05-06,present
111,Kashish Mammen,moderate,Site_3,2026-05-07,present
111,Kashish Mammen,moderate,Site_3,2026-05-08,present
111,Kashish Mammen,moderate,Site_3,2026-05-09,present
111,Kashish Mammen,moderate,Site_3,2026-05-11,absent
111,Kashish Mammen,moderate,Site_3,2026-05-12,present
111,Kashish Mammen,moderate,Site_3,2026-05-13,absent
111,Kashish Mammen,moderate,Site_3,2026-05-14,absent
111,Kashish Mammen,moderate,Site_3,2026-05-15,absent
111,Kashish Mammen,moderate,Site_3,2026-05-16,present
111,Kashish Mammen,moderate,Site_3,2026-05-18,present
111,Kashish Mammen,moderate,Site_3,2026-05-19,present
111,Kashish Mammen,moderate,Site_3,2026-05-20,absent
111,Kashish Mammen,moderate,Site_3,2026-05-21,present
111,Kashish Mammen,moderate,Site_3,2026-05-22,present
111,Kashish Mammen,moderate,Site_3,2026-05-23,present
111,Kashish Mammen,moderate,Site_3,2026-05-25,present
111,Kashish Mammen,moderate,Site_3,2026-05-26,present
111,Kashish Mammen,moderate,Site_3,2026-05-27,present
111,Kashish Mammen,moderate,Site_3,2026-05-28,absent
111,Kashish Mammen,moderate,Site_3,2026-05-29,present
111,Kashish Mammen,moderate,Site_3,2026-05-30,present
111,Kashish Mammen,moderate,Site_3,2026-06-01,absent
111,Kashish Mammen,moderate,Site_3,2026-06-02,absent
111,Kashish Mammen,moderate,Site_3,2026-06-03,present
111,Kashish Mammen,moderate,Site_3,2026-06-04,absent
111,Kashish Mammen,moderate,Site_3,2026-06-05,present
111,Kashish Mammen,moderate,Site_3,2026-06-06,present
111,Kashish Mammen,moderate,Site_3,2026-06-08,present
111,Kashish Mammen,moderate,Site_3,2026-06-09,absent
111,Kashish Mammen,moderate,Site_3,2026-06-10,absent
111,Kashish Mammen,moderate,Site_3,2026-06-11,absent
111,Kashish Mammen,moderate,Site_3,2026-06-12,absent
111,Kashish Mammen,moderate,Site_3,2026-06-13,present
111,Kashish Mammen,moderate,Site_3,2026-06-15,present
111,Kashish Mammen,moderate,Site_3,2026-06-16,present
111,Kashish Mammen,moderate,Site_3,2026-06-17,absent
111,Kashish Mammen,moderate,Site_3,2026-06-18,present
111,Kashish Mammen,moderate,Site_3,2026-06-19,present
111,Kashish Mammen,moderate,Site_3,2026-06-20,present
111,Kashish Mammen,moderate,Site_3,2026-06-22,present
111,Kashish Mammen,moderate,Site_3,2026-06-23,present
111,Kashish Mammen,moderate,Site_3,2026-06-24,present
111,Kashish Mammen,moderate,Site_3,2026-06-25,present
111,Kashish Mammen,moderate,Site_3,2026-06-26,absent
111,Kashish Mammen,moderate,Site_3,2026-06-27,present
111,Kashish Mammen,moderate,Site_3,2026-06-29,present
111,Kashish Mammen,moderate,Site_3,2026-06-30,absent
111,Kashish Mammen,moderate,Site_3,2026-07-01,absent
111,Kashish Mammen,moderate,Site_3,2026-07-02,present
111,Kashish Mammen,moderate,Site_3,2026-07-03,present
111,Kashish Mammen,moderate,Site_3,2026-07-04,present
111,Kashish Mammen,moderate,Site_3,2026-07-06,present
111,Kashish Mammen,moderate,Site_3,2026-07-07,present
111,Kashish Mammen,moderate,Site_3,2026-07-08,present
111,Kashish Mammen,moderate,Site_3,2026-07-09,absent
111,Kashish Mammen,moderate,Site_3,2026-07-10,present
112,Gaurika Sidhu,moderate,Site_6,2026-04-20,absent
112,Gaurika Sidhu,moderate,Site_6,2026-04-21,present
112,Gaurika Sidhu,moderate,Site_6,2026-04-22,present
112,Gaurika Sidhu,moderate,Site_6,2026-04-23,present
112,Gaurika Sidhu,moderate,Site_6,2026-04-24,absent
112,Gaurika Sidhu,moderate,Site_6,2026-04-25,present
112,Gaurika Sidhu,moderate,Site_6,2026-04-27,present
112,Gaurika Sidhu,moderate,Site_6,2026-04-28,present
112,Gaurika Sidhu,moderate,Site_6,2026-04-29,absent
112,Gaurika Sidhu,moderate,Site_6,2026-04-30,absent
112,Gaurika Sidhu,moderate,Site_6,2026-05-01,present
112,Gaurika Sidhu,moderate,Site_6,2026-05-02,present
112,Gaurika Sidhu,moderate,Site_6,2026-05-04,present
112,Gaurika Sidhu,moderate,Site_6,2026-05-05,present
112,Gaurika Sidhu,moderate,Site_6,2026-05-06,present
112,Gaurika Sidhu,moderate,Site_6,2026-05-07,present
112,Gaurika Sidhu,moderate,Site_6,2026-05-08,present
112,Gaurika Sidhu,moderate,Site_6,2026-05-09,present
112,Gaurika Sidhu,moderate,Site_6,2026-05-11,absent
112,Gaurika Sidhu,moderate,Site_6,2026-05-12,absent
112,Gaurika Sidhu,moderate,Site_6,2026-05-13,present
112,Gaurika Sidhu,moderate,Site_6,2026-05-14,present
112,Gaurika Sidhu,moderate,Site_6,2026-05-15,absent
112,Gaurika Sidhu,moderate,Site_6,2026-05-16,present
112,Gaurika Sidhu,moderate,Site_6,2026-05-18,present
112,Gaurika Sidhu,moderate,Site_6,2026-05-19,absent
112,Gaurika Sidhu,moderate,Site_6,2026-05-20,present
112,Gaurika Sidhu,moderate,Site_6,2026-05-21,present
112,Gaurika Sidhu,moderate,Site_6,2026-05-22,present
112,Gaurika Sidhu,moderate,Site_6,2026-05-23,present
112,Gaurika Sidhu,moderate,Site_6,2026-05-25,absent
112,Gaurika Sidhu,moderate,Site_6,2026-05-26,absent
112,Gaurika Sidhu,moderate,Site_6,2026-05-27,present
112,Gaurika Sidhu,moderate,Site_6,2026-05-28,present
112,Gaurika Sidhu,moderate,Site_6,2026-05-29,present
112,Gaurika Sidhu,moderate,Site_6,2026-05-30,present
112,Gaurika Sidhu,moderate,Site_6,2026-06-01,present
112,Gaurika Sidhu,moderate,Site_6,2026-06-02,present
112,Gaurika Sidhu,moderate,Site_6,2026-06-03,absent
112,Gaurika Sidhu,moderate,Site_6,2026-06-04,present
112,Gaurika Sidhu,moderate,Site_6,2026-06-05,present
112,Gaurika Sidhu,moderate,Site_6,2026-06-06,present
112,Gaurika Sidhu,moderate,Site_6,2026-06-08,present
112,Gaurika Sidhu,moderate,Site_6,2026-06-09,absent
112,Gaurika Sidhu,moderate,Site_6,2026-06-10,present
112,Gaurika Sidhu,moderate,Site_6,2026-06-11,present
112,Gaurika Sidhu,moderate,Site_6,2026-06-12,present
112,Gaurika Sidhu,moderate,Site_6,2026-06-13,absent
112,Gaurika Sidhu,moderate,Site_6,2026-06-15,present
112,Gaurika Sidhu,moderate,Site_6,2026-06-16,present
112,Gaurika Sidhu,moderate,Site_6,2026-06-17,present
112,Gaurika Sidhu,moderate,Site_6,2026-06-18,absent
112,Gaurika Sidhu,moderate,Site_6,2026-06-19,absent
112,Gaurika Sidhu,moderate,Site_6,2026-06-20,absent
112,Gaurika Sidhu,moderate,Site_6,2026-06-22,present
112,Gaurika Sidhu,moderate,Site_6,2026-06-23,absent
112,Gaurika Sidhu,moderate,Site_6,2026-06-24,present
112,Gaurika Sidhu,moderate,Site_6,2026-06-25,present
112,Gaurika Sidhu,moderate,Site_6,2026-06-26,present
112,Gaurika Sidhu,moderate,Site_6,2026-06-27,present
112,Gaurika Sidhu,moderate,Site_6,2026-06-29,present
112,Gaurika Sidhu,moderate,Site_6,2026-06-30,present
112,Gaurika Sidhu,moderate,Site_6,2026-07-01,present
112,Gaurika Sidhu,moderate,Site_6,2026-07-02,present
112,Gaurika Sidhu,moderate,Site_6,2026-07-03,present
112,Gaurika Sidhu,moderate,Site_6,2026-07-04,absent
112,Gaurika Sidhu,moderate,Site_6,2026-07-06,present
112,Gaurika Sidhu,moderate,Site_6,2026-07-07,present
112,Gaurika Sidhu,moderate,Site_6,2026-07-08,present
112,Gaurika Sidhu,moderate,Site_6,2026-07-09,present
112,Gaurika Sidhu,moderate,Site_6,2026-07-10,absent
113,Priya Dhar,reliable,Site_6,2026-02-17,present
113,Priya Dhar,reliable,Site_6,2026-02-18,present
113,Priya Dhar,reliable,Site_6,2026-02-19,present
113,Priya Dhar,reliable,Site_10,2026-02-20,absent
113,Priya Dhar,reliable,Site_10,2026-02-21,present
113,Priya Dhar,reliable,Site_6,2026-02-23,present
113,Priya Dhar,reliable,Site_10,2026-02-24,present
113,Priya Dhar,reliable,Site_6,2026-02-25,present
113,Priya Dhar,reliable,Site_6,2026-02-26,present
113,Priya Dhar,reliable,Site_6,2026-02-27,present
113,Priya Dhar,reliable,Site_6,2026-02-28,present
113,Priya Dhar,reliable,Site_6,2026-03-02,present
113,Priya Dhar,reliable,Site_10,2026-03-03,present
113,Priya Dhar,reliable,Site_6,2026-03-04,present
113,Priya Dhar,reliable,Site_6,2026-03-05,present
113,Priya Dhar,reliable,Site_10,2026-03-06,present
113,Priya Dhar,reliable,Site_6,2026-03-07,present
113,Priya Dhar,reliable,Site_6,2026-03-09,present
113,Priya Dhar,reliable,Site_10,2026-03-10,present
113,Priya Dhar,reliable,Site_6,2026-03-11,present
113,Priya Dhar,reliable,Site_6,2026-03-12,present
113,Priya Dhar,reliable,Site_10,2026-03-13,present
113,Priya Dhar,reliable,Site_10,2026-03-14,absent
113,Priya Dhar,reliable,Site_10,2026-03-16,present
113,Priya Dhar,reliable,Site_6,2026-03-17,present
113,Priya Dhar,reliable,Site_10,2026-03-18,present
113,Priya Dhar,reliable,Site_10,2026-03-19,present
113,Priya Dhar,reliable,Site_6,2026-03-20,present
113,Priya Dhar,reliable,Site_6,2026-03-21,present
113,Priya Dhar,reliable,Site_6,2026-03-23,present
113,Priya Dhar,reliable,Site_10,2026-03-24,present
113,Priya Dhar,reliable,Site_6,2026-03-25,present
113,Priya Dhar,reliable,Site_10,2026-03-26,present
113,Priya Dhar,reliable,Site_6,2026-03-27,present
113,Priya Dhar,reliable,Site_10,2026-03-28,present
113,Priya Dhar,reliable,Site_10,2026-03-30,present
113,Priya Dhar,reliable,Site_6,2026-03-31,present
113,Priya Dhar,reliable,Site_6,2026-04-01,present
113,Priya Dhar,reliable,Site_10,2026-04-02,present
113,Priya Dhar,reliable,Site_6,2026-04-03,present
113,Priya Dhar,reliable,Site_6,2026-04-04,present
113,Priya Dhar,reliable,Site_6,2026-04-06,present
113,Priya Dhar,reliable,Site_10,2026-04-07,present
113,Priya Dhar,reliable,Site_10,2026-04-08,present
113,Priya Dhar,reliable,Site_10,2026-04-09,present
113,Priya Dhar,reliable,Site_6,2026-04-10,present
113,Priya Dhar,reliable,Site_6,2026-04-11,present
113,Priya Dhar,reliable,Site_10,2026-04-13,present
113,Priya Dhar,reliable,Site_6,2026-04-14,present
113,Priya Dhar,reliable,Site_10,2026-04-15,present
113,Priya Dhar,reliable,Site_10,2026-04-16,present
113,Priya Dhar,reliable,Site_10,2026-04-17,present
113,Priya Dhar,reliable,Site_6,2026-04-18,present
113,Priya Dhar,reliable,Site_6,2026-04-20,present
113,Priya Dhar,reliable,Site_10,2026-04-21,present
113,Priya Dhar,reliable,Site_10,2026-04-22,present
113,Priya Dhar,reliable,Site_6,2026-04-23,present
113,Priya Dhar,reliable,Site_10,2026-04-24,present
113,Priya Dhar,reliable,Site_6,2026-04-25,present
113,Priya Dhar,reliable,Site_10,2026-04-27,present
113,Priya Dhar,reliable,Site_10,2026-04-28,present
113,Priya Dhar,reliable,Site_10,2026-04-29,present
113,Priya Dhar,reliable,Site_6,2026-04-30,present
113,Priya Dhar,reliable,Site_6,2026-05-01,absent
113,Priya Dhar,reliable,Site_10,2026-05-02,present
113,Priya Dhar,reliable,Site_6,2026-05-04,present
113,Priya Dhar,reliable,Site_6,2026-05-05,present
113,Priya Dhar,reliable,Site_6,2026-05-06,present
113,Priya Dhar,reliable,Site_6,2026-05-07,present
113,Priya Dhar,reliable,Site_6,2026-05-08,present
113,Priya Dhar,reliable,Site_6,2026-05-09,present
113,Priya Dhar,reliable,Site_10,2026-05-11,present
113,Priya Dhar,reliable,Site_6,2026-05-12,absent
113,Priya Dhar,reliable,Site_6,2026-05-13,present
113,Priya Dhar,reliable,Site_10,2026-05-14,present
113,Priya Dhar,reliable,Site_6,2026-05-15,present
113,Priya Dhar,reliable,Site_6,2026-05-16,present
113,Priya Dhar,reliable,Site_6,2026-05-18,present
113,Priya Dhar,reliable,Site_6,2026-05-19,present
113,Priya Dhar,reliable,Site_10,2026-05-20,absent
113,Priya Dhar,reliable,Site_6,2026-05-21,present
113,Priya Dhar,reliable,Site_6,2026-05-22,present
113,Priya Dhar,reliable,Site_10,2026-05-23,present
113,Priya Dhar,reliable,Site_6,2026-05-25,present
113,Priya Dhar,reliable,Site_6,2026-05-26,present
113,Priya Dhar,reliable,Site_6,2026-05-27,present
113,Priya Dhar,reliable,Site_6,2026-05-28,present
113,Priya Dhar,reliable,Site_10,2026-05-29,present
113,Priya Dhar,reliable,Site_6,2026-05-30,present
113,Priya Dhar,reliable,Site_10,2026-06-01,present
113,Priya Dhar,reliable,Site_6,2026-06-02,present
113,Priya Dhar,reliable,Site_6,2026-06-03,present
113,Priya Dhar,reliable,Site_10,2026-06-04,present
113,Priya Dhar,reliable,Site_10,2026-06-05,present
113,Priya Dhar,reliable,Site_6,2026-06-06,present
113,Priya Dhar,reliable,Site_6,2026-06-08,present
113,Priya Dhar,reliable,Site_6,2026-06-09,present
113,Priya Dhar,reliable,Site_6,2026-06-10,present
113,Priya Dhar,reliable,Site_6,2026-06-11,absent
113,Priya Dhar,reliable,Site_6,2026-06-12,present
113,Priya Dhar,reliable,Site_10,2026-06-13,present
113,Priya Dhar,reliable,Site_6,2026-06-15,present
113,Priya Dhar,reliable,Site_6,2026-06-16,present
113,Priya Dhar,reliable,Site_6,2026-06-17,present
113,Priya Dhar,reliable,Site_6,2026-06-18,present
113,Priya Dhar,reliable,Site_10,2026-06-19,present
113,Priya Dhar,reliable,Site_10,2026-06-20,present
113,Priya Dhar,reliable,Site_6,2026-06-22,present
113,Priya Dhar,reliable,Site_6,2026-06-23,present
113,Priya Dhar,reliable,Site_10,2026-06-24,present
113,Priya Dhar,reliable,Site_6,2026-06-25,present
113,Priya Dhar,reliable,Site_10,2026-06-26,present
113,Priya Dhar,reliable,Site_10,2026-06-27,absent
113,Priya Dhar,reliable,Site_10,2026-06-29,present
113,Priya Dhar,reliable,Site_6,2026-06-30,present
113,Priya Dhar,reliable,Site_10,2026-07-01,present
113,Priya Dhar,reliable,Site_6,2026-07-02,present
113,Priya Dhar,reliable,Site_10,2026-07-03,present
113,Priya Dhar,reliable,Site_6,2026-07-04,present
113,Priya Dhar,reliable,Site_10,2026-07-06,present
113,Priya Dhar,reliable,Site_10,2026-07-07,present
113,Priya Dhar,reliable,Site_6,2026-07-08,present
113,Priya Dhar,reliable,Site_10,2026-07-09,present
113,Priya Dhar,reliable,Site_6,2026-07-10,present
114,Hemangini Gala,unreliable,Site_10,2026-06-15,present
114,Hemangini Gala,unreliable,Site_10,2026-06-16,present
114,Hemangini Gala,unreliable,Site_10,2026-06-17,present
114,Hemangini Gala,unreliable,Site_10,2026-06-18,present
114,Hemangini Gala,unreliable,Site_10,2026-06-19,present
114,Hemangini Gala,unreliable,Site_10,2026-06-20,absent
114,Hemangini Gala,unreliable,Site_10,2026-06-22,present
114,Hemangini Gala,unreliable,Site_10,2026-06-23,present
114,Hemangini Gala,unreliable,Site_10,2026-06-24,absent
114,Hemangini Gala,unreliable,Site_10,2026-06-25,absent
114,Hemangini Gala,unreliable,Site_10,2026-06-26,present
114,Hemangini Gala,unreliable,Site_10,2026-06-27,present
114,Hemangini Gala,unreliable,Site_10,2026-06-29,present
114,Hemangini Gala,unreliable,Site_10,2026-06-30,absent
114,Hemangini Gala,unreliable,Site_10,2026-07-01,absent
114,Hemangini Gala,unreliable,Site_10,2026-07-02,present
114,Hemangini Gala,unreliable,Site_10,2026-07-03,absent
114,Hemangini Gala,unreliable,Site_10,2026-07-04,absent
114,Hemangini Gala,unreliable,Site_10,2026-07-06,present
114,Hemangini Gala,unreliable,Site_10,2026-07-07,absent
114,Hemangini Gala,unreliable,Site_10,2026-07-08,absent
114,Hemangini Gala,unreliable,Site_10,2026-07-09,absent
114,Hemangini Gala,unreliable,Site_10,2026-07-10,absent
115,Nidra Kala,moderate,Site_4,2026-04-27,absent
115,Nidra Kala,moderate,Site_1,2026-04-28,present
115,Nidra Kala,moderate,Site_1,2026-04-29,absent
115,Nidra Kala,moderate,Site_1,2026-04-30,present
115,Nidra Kala,moderate,Site_1,2026-05-01,absent
115,Nidra Kala,moderate,Site_1,2026-05-02,present
115,Nidra Kala,moderate,Site_1,2026-05-04,absent
115,Nidra Kala,moderate,Site_1,2026-05-05,absent
115,Nidra Kala,moderate,Site_1,2026-05-06,present
115,Nidra Kala,moderate,Site_1,2026-05-07,present
115,Nidra Kala,moderate,Site_1,2026-05-08,present
115,Nidra Kala,moderate,Site_1,2026-05-09,absent
115,Nidra Kala,moderate,Site_1,2026-05-11,absent
115,Nidra Kala,moderate,Site_1,2026-05-12,present
115,Nidra Kala,moderate,Site_1,2026-05-13,absent
115,Nidra Kala,moderate,Site_1,2026-05-14,present
115,Nidra Kala,moderate,Site_4,2026-05-15,absent
115,Nidra Kala,moderate,Site_1,2026-05-16,present
115,Nidra Kala,moderate,Site_4,2026-05-18,present
115,Nidra Kala,moderate,Site_1,2026-05-19,present
115,Nidra Kala,moderate,Site_4,2026-05-20,present
115,Nidra Kala,moderate,Site_1,2026-05-21,present
115,Nidra Kala,moderate,Site_1,2026-05-22,present
115,Nidra Kala,moderate,Site_1,2026-05-23,present
115,Nidra Kala,moderate,Site_1,2026-05-25,present
115,Nidra Kala,moderate,Site_1,2026-05-26,absent
115,Nidra Kala,moderate,Site_1,2026-05-27,present
115,Nidra Kala,moderate,Site_1,2026-05-28,present
115,Nidra Kala,moderate,Site_4,2026-05-29,present
115,Nidra Kala,moderate,Site_1,2026-05-30,present
115,Nidra Kala,moderate,Site_1,2026-06-01,present
115,Nidra Kala,moderate,Site_4,2026-06-02,absent
115,Nidra Kala,moderate,Site_1,2026-06-03,present
115,Nidra Kala,moderate,Site_1,2026-06-04,present
115,Nidra Kala,moderate,Site_1,2026-06-05,present
115,Nidra Kala,moderate,Site_4,2026-06-06,present
115,Nidra Kala,moderate,Site_4,2026-06-08,present
115,Nidra Kala,moderate,Site_4,2026-06-09,absent
115,Nidra Kala,moderate,Site_1,2026-06-10,present
115,Nidra Kala,moderate,Site_4,2026-06-11,absent
115,Nidra Kala,moderate,Site_4,2026-06-12,present
115,Nidra Kala,moderate,Site_1,2026-06-13,present
115,Nidra Kala,moderate,Site_1,2026-06-15,present
115,Nidra Kala,moderate,Site_4,2026-06-16,present
115,Nidra Kala,moderate,Site_4,2026-06-17,present
115,Nidra Kala,moderate,Site_1,2026-06-18,present
115,Nidra Kala,moderate,Site_4,2026-06-19,absent
115,Nidra Kala,moderate,Site_4,2026-06-20,absent
115,Nidra Kala,moderate,Site_1,2026-06-22,present
115,Nidra Kala,moderate,Site_1,2026-06-23,present
115,Nidra Kala,moderate,Site_4,2026-06-24,present
115,Nidra Kala,moderate,Site_1,2026-06-25,present
115,Nidra Kala,moderate,Site_4,2026-06-26,absent
115,Nidra Kala,moderate,Site_1,2026-06-27,present
115,Nidra Kala,moderate,Site_1,2026-06-29,present
115,Nidra Kala,moderate,Site_1,2026-06-30,present
115,Nidra Kala,moderate,Site_4,2026-07-01,present
115,Nidra Kala,moderate,Site_4,2026-07-02,absent
115,Nidra Kala,moderate,Site_1,2026-07-03,present
115,Nidra Kala,moderate,Site_4,2026-07-04,absent
115,Nidra Kala,moderate,Site_1,2026-07-06,present
115,Nidra Kala,moderate,Site_4,2026-07-07,present
115,Nidra Kala,moderate,Site_1,2026-07-08,present
115,Nidra Kala,moderate,Site_1,2026-07-09,present
115,Nidra Kala,moderate,Site_1,2026-07-10,present
116,Urvi Yadav,reliable,Site_1,2026-03-10,present
116,Urvi Yadav,reliable,Site_3,2026-03-11,present
116,Urvi Yadav,reliable,Site_1,2026-03-12,present
116,Urvi Yadav,reliable,Site_6,2026-03-13,present
116,Urvi Yadav,reliable,Site_6,2026-03-14,present
116,Urvi Yadav,reliable,Site_1,2026-03-16,present
116,Urvi Yadav,reliable,Site_3,2026-03-17,present
116,Urvi Yadav,reliable,Site_6,2026-03-18,present
116,Urvi Yadav,reliable,Site_1,2026-03-19,present
116,Urvi Yadav,reliable,Site_6,2026-03-20,present
116,Urvi Yadav,reliable,Site_1,2026-03-21,absent
116,Urvi Yadav,reliable,Site_6,2026-03-23,present
116,Urvi Yadav,reliable,Site_1,2026-03-24,present
116,Urvi Yadav,reliable,Site_6,2026-03-25,present
116,Urvi Yadav,reliable,Site_6,2026-03-26,present
116,Urvi Yadav,reliable,Site_7,2026-03-27,present
116,Urvi Yadav,reliable,Site_3,2026-03-28,present
116,Urvi Yadav,reliable,Site_7,2026-03-30,present
116,Urvi Yadav,reliable,Site_1,2026-03-31,present
116,Urvi Yadav,reliable,Site_6,2026-04-01,present
116,Urvi Yadav,reliable,Site_7,2026-04-02,present
116,Urvi Yadav,reliable,Site_3,2026-04-03,present
116,Urvi Yadav,reliable,Site_3,2026-04-04,present
116,Urvi Yadav,reliable,Site_3,2026-04-06,absent
116,Urvi Yadav,reliable,Site_6,2026-04-07,present
116,Urvi Yadav,reliable,Site_6,2026-04-08,present
116,Urvi Yadav,reliable,Site_7,2026-04-09,present
116,Urvi Yadav,reliable,Site_6,2026-04-10,present
116,Urvi Yadav,reliable,Site_6,2026-04-11,present
116,Urvi Yadav,reliable,Site_3,2026-04-13,present
116,Urvi Yadav,reliable,Site_6,2026-04-14,present
116,Urvi Yadav,reliable,Site_6,2026-04-15,present
116,Urvi Yadav,reliable,Site_7,2026-04-16,present
116,Urvi Yadav,reliable,Site_3,2026-04-17,present
116,Urvi Yadav,reliable,Site_7,2026-04-18,absent
116,Urvi Yadav,reliable,Site_1,2026-04-20,present
116,Urvi Yadav,reliable,Site_7,2026-04-21,present
116,Urvi Yadav,reliable,Site_6,2026-04-22,present
116,Urvi Yadav,reliable,Site_7,2026-04-23,present
116,Urvi Yadav,reliable,Site_1,2026-04-24,present
116,Urvi Yadav,reliable,Site_6,2026-04-25,present
116,Urvi Yadav,reliable,Site_6,2026-04-27,present
116,Urvi Yadav,reliable,Site_1,2026-04-28,present
116,Urvi Yadav,reliable,Site_1,2026-04-29,present
116,Urvi Yadav,reliable,Site_1,2026-04-30,present
116,Urvi Yadav,reliable,Site_6,2026-05-01,present
116,Urvi Yadav,reliable,Site_6,2026-05-02,present
116,Urvi Yadav,reliable,Site_7,2026-05-04,present
116,Urvi Yadav,reliable,Site_7,2026-05-05,present
116,Urvi Yadav,reliable,Site_3,2026-05-06,absent
116,Urvi Yadav,reliable,Site_3,2026-05-07,present
116,Urvi Yadav,reliable,Site_7,2026-05-08,present
116,Urvi Yadav,reliable,Site_7,2026-05-09,present
116,Urvi Yadav,reliable,Site_6,2026-05-11,present
116,Urvi Yadav,reliable,Site_6,2026-05-12,present
116,Urvi Yadav,reliable,Site_6,2026-05-13,absent
116,Urvi Yadav,reliable,Site_6,2026-05-14,present
116,Urvi Yadav,reliable,Site_1,2026-05-15,present
116,Urvi Yadav,reliable,Site_3,2026-05-16,present
116,Urvi Yadav,reliable,Site_6,2026-05-18,present
116,Urvi Yadav,reliable,Site_6,2026-05-19,present
116,Urvi Yadav,reliable,Site_6,2026-05-20,present
116,Urvi Yadav,reliable,Site_3,2026-05-21,present
116,Urvi Yadav,reliable,Site_7,2026-05-22,present
116,Urvi Yadav,reliable,Site_3,2026-05-23,present
116,Urvi Yadav,reliable,Site_1,2026-05-25,present
116,Urvi Yadav,reliable,Site_6,2026-05-26,present
116,Urvi Yadav,reliable,Site_7,2026-05-27,present
116,Urvi Yadav,reliable,Site_6,2026-05-28,present
116,Urvi Yadav,reliable,Site_1,2026-05-29,present
116,Urvi Yadav,reliable,Site_3,2026-05-30,present
116,Urvi Yadav,reliable,Site_7,2026-06-01,present
116,Urvi Yadav,reliable,Site_6,2026-06-02,present
116,Urvi Yadav,reliable,Site_3,2026-06-03,present
116,Urvi Yadav,reliable,Site_3,2026-06-04,present
116,Urvi Yadav,reliable,Site_3,2026-06-05,present
116,Urvi Yadav,reliable,Site_1,2026-06-06,present
116,Urvi Yadav,reliable,Site_7,2026-06-08,present
116,Urvi Yadav,reliable,Site_1,2026-06-09,present
116,Urvi Yadav,reliable,Site_3,2026-06-10,present
116,Urvi Yadav,reliable,Site_6,2026-06-11,present
116,Urvi Yadav,reliable,Site_7,2026-06-12,present
116,Urvi Yadav,reliable,Site_7,2026-06-13,present
116,Urvi Yadav,reliable,Site_3,2026-06-15,present
116,Urvi Yadav,reliable,Site_1,2026-06-16,present
116,Urvi Yadav,reliable,Site_3,2026-06-17,present
116,Urvi Yadav,reliable,Site_6,2026-06-18,present
116,Urvi Yadav,reliable,Site_1,2026-06-19,absent
116,Urvi Yadav,reliable,Site_7,2026-06-20,present
116,Urvi Yadav,reliable,Site_3,2026-06-22,absent
116,Urvi Yadav,reliable,Site_3,2026-06-23,present
116,Urvi Yadav,reliable,Site_3,2026-06-24,present
116,Urvi Yadav,reliable,Site_1,2026-06-25,present
116,Urvi Yadav,reliable,Site_7,2026-06-26,present
116,Urvi Yadav,reliable,Site_6,2026-06-27,present
116,Urvi Yadav,reliable,Site_7,2026-06-29,present
116,Urvi Yadav,reliable,Site_3,2026-06-30,present
116,Urvi Yadav,reliable,Site_1,2026-07-01,present
116,Urvi Yadav,reliable,Site_1,2026-07-02,present
116,Urvi Yadav,reliable,Site_1,2026-07-03,present
116,Urvi Yadav,reliable,Site_7,2026-07-04,present
116,Urvi Yadav,reliable,Site_1,2026-07-06,absent
116,Urvi Yadav,reliable,Site_7,2026-07-07,present
116,Urvi Yadav,reliable,Site_1,2026-07-08,present
116,Urvi Yadav,reliable,Site_1,2026-07-09,present
116,Urvi Yadav,reliable,Site_6,2026-07-10,absent
117,Kai Raju,unreliable,Site_9,2026-06-02,absent
117,Kai Raju,unreliable,Site_9,2026-06-03,present
117,Kai Raju,unreliable,Site_9,2026-06-04,present
117,Kai Raju,unreliable,Site_9,2026-06-05,present
117,Kai Raju,unreliable,Site_9,2026-06-06,present
117,Kai Raju,unreliable,Site_9,2026-06-08,present
117,Kai Raju,unreliable,Site_9,2026-06-09,absent
117,Kai Raju,unreliable,Site_9,2026-06-10,present
117,Kai Raju,unreliable,Site_9,2026-06-11,absent
117,Kai Raju,unreliable,Site_9,2026-06-12,absent
117,Kai Raju,unreliable,Site_9,2026-06-13,present
117,Kai Raju,unreliable,Site_9,2026-06-15,absent
117,Kai Raju,unreliable,Site_9,2026-06-16,present
117,Kai Raju,unreliable,Site_9,2026-06-17,absent
117,Kai Raju,unreliable,Site_9,2026-06-18,present
117,Kai Raju,unreliable,Site_9,2026-06-19,present
117,Kai Raju,unreliable,Site_9,2026-06-20,present
117,Kai Raju,unreliable,Site_9,2026-06-22,present
117,Kai Raju,unreliable,Site_9,2026-06-23,present
117,Kai Raju,unreliable,Site_9,2026-06-24,present
117,Kai Raju,unreliable,Site_9,2026-06-25,absent
117,Kai Raju,unreliable,Site_9,2026-06-26,absent
117,Kai Raju,unreliable,Site_9,2026-06-27,absent
117,Kai Raju,unreliable,Site_9,2026-06-29,absent
117,Kai Raju,unreliable,Site_9,2026-06-30,present
117,Kai Raju,unreliable,Site_9,2026-07-01,present
117,Kai Raju,unreliable,Site_9,2026-07-02,absent
117,Kai Raju,unreliable,Site_9,2026-07-03,present
117,Kai Raju,unreliable,Site_9,2026-07-04,absent
117,Kai Raju,unreliable,Site_9,2026-07-06,present
117,Kai Raju,unreliable,Site_9,2026-07-07,absent
117,Kai Raju,unreliable,Site_9,2026-07-08,absent
117,Kai Raju,unreliable,Site_9,2026-07-09,present
117,Kai Raju,unreliable,Site_9,2026-07-10,present
118,Wahab Gara,moderate,Site_10,2026-04-27,present
118,Wahab Gara,moderate,Site_1,2026-04-28,present
118,Wahab Gara,moderate,Site_1,2026-04-29,present
118,Wahab Gara,moderate,Site_10,2026-04-30,present
118,Wahab Gara,moderate,Site_10,2026-05-01,absent
118,Wahab Gara,moderate,Site_10,2026-05-02,present
118,Wahab Gara,moderate,Site_1,2026-05-04,present
118,Wahab Gara,moderate,Site_10,2026-05-05,absent
118,Wahab Gara,moderate,Site_10,2026-05-06,present
118,Wahab Gara,moderate,Site_1,2026-05-07,present
118,Wahab Gara,moderate,Site_10,2026-05-08,present
118,Wahab Gara,moderate,Site_1,2026-05-09,present
118,Wahab Gara,moderate,Site_10,2026-05-11,present
118,Wahab Gara,moderate,Site_1,2026-05-12,present
118,Wahab Gara,moderate,Site_1,2026-05-13,present
118,Wahab Gara,moderate,Site_1,2026-05-14,present
118,Wahab Gara,moderate,Site_10,2026-05-15,absent
118,Wahab Gara,moderate,Site_10,2026-05-16,present
118,Wahab Gara,moderate,Site_10,2026-05-18,present
118,Wahab Gara,moderate,Site_10,2026-05-19,absent
118,Wahab Gara,moderate,Site_1,2026-05-20,present
118,Wahab Gara,moderate,Site_10,2026-05-21,present
118,Wahab Gara,moderate,Site_10,2026-05-22,present
118,Wahab Gara,moderate,Site_10,2026-05-23,present
118,Wahab Gara,moderate,Site_1,2026-05-25,present
118,Wahab Gara,moderate,Site_10,2026-05-26,present
118,Wahab Gara,moderate,Site_10,2026-05-27,present
118,Wahab Gara,moderate,Site_1,2026-05-28,present
118,Wahab Gara,moderate,Site_1,2026-05-29,present
118,Wahab Gara,moderate,Site_10,2026-05-30,present
118,Wahab Gara,moderate,Site_10,2026-06-01,present
118,Wahab Gara,moderate,Site_10,2026-06-02,present
118,Wahab Gara,moderate,Site_10,2026-06-03,absent
118,Wahab Gara,moderate,Site_1,2026-06-04,present
118,Wahab Gara,moderate,Site_1,2026-06-05,present
118,Wahab Gara,moderate,Site_10,2026-06-06,present
118,Wahab Gara,moderate,Site_10,2026-06-08,present
118,Wahab Gara,moderate,Site_1,2026-06-09,present
118,Wahab Gara,moderate,Site_10,2026-06-10,absent
118,Wahab Gara,moderate,Site_1,2026-06-11,present
118,Wahab Gara,moderate,Site_1,2026-06-12,present
118,Wahab Gara,moderate,Site_10,2026-06-13,absent
118,Wahab Gara,moderate,Site_1,2026-06-15,present
118,Wahab Gara,moderate,Site_10,2026-06-16,present
118,Wahab Gara,moderate,Site_10,2026-06-17,present
118,Wahab Gara,moderate,Site_10,2026-06-18,present
118,Wahab Gara,moderate,Site_10,2026-06-19,present
118,Wahab Gara,moderate,Site_10,2026-06-20,present
118,Wahab Gara,moderate,Site_1,2026-06-22,present
118,Wahab Gara,moderate,Site_1,2026-06-23,absent
118,Wahab Gara,moderate,Site_1,2026-06-24,present
118,Wahab Gara,moderate,Site_10,2026-06-25,present
118,Wahab Gara,moderate,Site_10,2026-06-26,present
118,Wahab Gara,moderate,Site_1,2026-06-27,present
118,Wahab Gara,moderate,Site_1,2026-06-29,present
118,Wahab Gara,moderate,Site_1,2026-06-30,present
118,Wahab Gara,moderate,Site_10,2026-07-01,present
118,Wahab Gara,moderate,Site_1,2026-07-02,present
118,Wahab Gara,moderate,Site_10,2026-07-03,present
118,Wahab Gara,moderate,Site_10,2026-07-04,present
118,Wahab Gara,moderate,Site_10,2026-07-06,absent
118,Wahab Gara,moderate,Site_10,2026-07-07,present
118,Wahab Gara,moderate,Site_10,2026-07-08,present
118,Wahab Gara,moderate,Site_10,2026-07-09,absent
118,Wahab Gara,moderate,Site_1,2026-07-10,absent
119,Amara Bera,new,Site_6,2026-07-07,present
119,Amara Bera,new,Site_6,2026-07-08,present
119,Amara Bera,new,Site_6,2026-07-09,present
119,Amara Bera,new,Site_6,2026-07-10,present
120,Upasna Dyal,new,Site_5,2026-07-08,absent
120,Upasna Dyal,new,Site_5,2026-07-09,absent
120,Upasna Dyal,new,Site_5,2026-07-10,absent
121,Bakhshi Sathe,reliable,Site_10,2026-02-23,present
121,Bakhshi Sathe,reliable,Site_3,2026-02-24,present
121,Bakhshi Sathe,reliable,Site_3,2026-02-25,present
121,Bakhshi Sathe,reliable,Site_3,2026-02-26,present
121,Bakhshi Sathe,reliable,Site_10,2026-02-27,present
121,Bakhshi Sathe,reliable,Site_10,2026-02-28,present
121,Bakhshi Sathe,reliable,Site_10,2026-03-02,present
121,Bakhshi Sathe,reliable,Site_5,2026-03-03,present
121,Bakhshi Sathe,reliable,Site_10,2026-03-04,present
121,Bakhshi Sathe,reliable,Site_10,2026-03-05,present
121,Bakhshi Sathe,reliable,Site_10,2026-03-06,present
121,Bakhshi Sathe,reliable,Site_3,2026-03-07,present
121,Bakhshi Sathe,reliable,Site_5,2026-03-09,present
121,Bakhshi Sathe,reliable,Site_10,2026-03-10,present
121,Bakhshi Sathe,reliable,Site_10,2026-03-11,present
121,Bakhshi Sathe,reliable,Site_3,2026-03-12,absent
121,Bakhshi Sathe,reliable,Site_5,2026-03-13,present
121,Bakhshi Sathe,reliable,Site_5,2026-03-14,present
121,Bakhshi Sathe,reliable,Site_3,2026-03-16,absent
121,Bakhshi Sathe,reliable,Site_3,2026-03-17,present
121,Bakhshi Sathe,reliable,Site_5,2026-03-18,present
121,Bakhshi Sathe,reliable,Site_3,2026-03-19,present
121,Bakhshi Sathe,reliable,Site_5,2026-03-20,absent
121,Bakhshi Sathe,reliable,Site_10,2026-03-21,present
121,Bakhshi Sathe,reliable,Site_3,2026-03-23,present
121,Bakhshi Sathe,reliable,Site_3,2026-03-24,present
121,Bakhshi Sathe,reliable,Site_3,2026-03-25,present
121,Bakhshi Sathe,reliable,Site_5,2026-03-26,present
121,Bakhshi Sathe,reliable,Site_5,2026-03-27,present
121,Bakhshi Sathe,reliable,Site_5,2026-03-28,present
121,Bakhshi Sathe,reliable,Site_5,2026-03-30,present
121,Bakhshi Sathe,reliable,Site_5,2026-03-31,present
121,Bakhshi Sathe,reliable,Site_3,2026-04-01,present
121,Bakhshi Sathe,reliable,Site_5,2026-04-02,present
121,Bakhshi Sathe,reliable,Site_5,2026-04-03,present
121,Bakhshi Sathe,reliable,Site_5,2026-04-04,present
121,Bakhshi Sathe,reliable,Site_3,2026-04-06,present
121,Bakhshi Sathe,reliable,Site_5,2026-04-07,present
121,Bakhshi Sathe,reliable,Site_5,2026-04-08,present
121,Bakhshi Sathe,reliable,Site_3,2026-04-09,present
121,Bakhshi Sathe,reliable,Site_3,2026-04-10,present
121,Bakhshi Sathe,reliable,Site_5,2026-04-11,absent
121,Bakhshi Sathe,reliable,Site_3,2026-04-13,present
121,Bakhshi Sathe,reliable,Site_3,2026-04-14,present
121,Bakhshi Sathe,reliable,Site_3,2026-04-15,present
121,Bakhshi Sathe,reliable,Site_3,2026-04-16,present
121,Bakhshi Sathe,reliable,Site_10,2026-04-17,present
121,Bakhshi Sathe,reliable,Site_3,2026-04-18,present
121,Bakhshi Sathe,reliable,Site_5,2026-04-20,present
121,Bakhshi Sathe,reliable,Site_5,2026-04-21,present
121,Bakhshi Sathe,reliable,Site_10,2026-04-22,present
121,Bakhshi Sathe,reliable,Site_3,2026-04-23,present
121,Bakhshi Sathe,reliable,Site_5,2026-04-24,present
121,Bakhshi Sathe,reliable,Site_5,2026-04-25,present
121,Bakhshi Sathe,reliable,Site_5,2026-04-27,present
121,Bakhshi Sathe,reliable,Site_10,2026-04-28,present
121,Bakhshi Sathe,reliable,Site_5,2026-04-29,present
121,Bakhshi Sathe,reliable,Site_10,2026-04-30,absent
121,Bakhshi Sathe,reliable,Site_5,2026-05-01,present
121,Bakhshi Sathe,reliable,Site_10,2026-05-02,present
121,Bakhshi Sathe,reliable,Site_5,2026-05-04,present
121,Bakhshi Sathe,reliable,Site_5,2026-05-05,present
121,Bakhshi Sathe,reliable,Site_3,2026-05-06,present
121,Bakhshi Sathe,reliable,Site_10,2026-05-07,present
121,Bakhshi Sathe,reliable,Site_3,2026-05-08,present
121,Bakhshi Sathe,reliable,Site_10,2026-05-09,present
121,Bakhshi Sathe,reliable,Site_5,2026-05-11,present
121,Bakhshi Sathe,reliable,Site_3,2026-05-12,present
121,Bakhshi Sathe,reliable,Site_10,2026-05-13,present
121,Bakhshi Sathe,reliable,Site_3,2026-05-14,present
121,Bakhshi Sathe,reliable,Site_10,2026-05-15,present
121,Bakhshi Sathe,reliable,Site_10,2026-05-16,present
121,Bakhshi Sathe,reliable,Site_5,2026-05-18,absent
121,Bakhshi Sathe,reliable,Site_5,2026-05-19,absent
121,Bakhshi Sathe,reliable,Site_10,2026-05-20,present
121,Bakhshi Sathe,reliable,Site_10,2026-05-21,present
121,Bakhshi Sathe,reliable,Site_3,2026-05-22,present
121,Bakhshi Sathe,reliable,Site_10,2026-05-23,present
121,Bakhshi Sathe,reliable,Site_5,2026-05-25,present
121,Bakhshi Sathe,reliable,Site_5,2026-05-26,present
121,Bakhshi Sathe,reliable,Site_3,2026-05-27,present
121,Bakhshi Sathe,reliable,Site_10,2026-05-28,present
121,Bakhshi Sathe,reliable,Site_3,2026-05-29,present
121,Bakhshi Sathe,reliable,Site_10,2026-05-30,present
121,Bakhshi Sathe,reliable,Site_3,2026-06-01,present
121,Bakhshi Sathe,reliable,Site_10,2026-06-02,present
121,Bakhshi Sathe,reliable,Site_5,2026-06-03,present
121,Bakhshi Sathe,reliable,Site_10,2026-06-04,present
121,Bakhshi Sathe,reliable,Site_10,2026-06-05,present
121,Bakhshi Sathe,reliable,Site_5,2026-06-06,present
121,Bakhshi Sathe,reliable,Site_5,2026-06-08,present
121,Bakhshi Sathe,reliable,Site_5,2026-06-09,present
121,Bakhshi Sathe,reliable,Site_5,2026-06-10,absent
121,Bakhshi Sathe,reliable,Site_10,2026-06-11,present
121,Bakhshi Sathe,reliable,Site_10,2026-06-12,present
121,Bakhshi Sathe,reliable,Site_10,2026-06-13,present
121,Bakhshi Sathe,reliable,Site_10,2026-06-15,present
121,Bakhshi Sathe,reliable,Site_10,2026-06-16,present
121,Bakhshi Sathe,reliable,Site_5,2026-06-17,present
121,Bakhshi Sathe,reliable,Site_5,2026-06-18,present
121,Bakhshi Sathe,reliable,Site_3,2026-06-19,present
121,Bakhshi Sathe,reliable,Site_5,2026-06-20,present
121,Bakhshi Sathe,reliable,Site_5,2026-06-22,present
121,Bakhshi Sathe,reliable,Site_3,2026-06-23,present
121,Bakhshi Sathe,reliable,Site_10,2026-06-24,present
121,Bakhshi Sathe,reliable,Site_10,2026-06-25,present
121,Bakhshi Sathe,reliable,Site_10,2026-06-26,present
121,Bakhshi Sathe,reliable,Site_5,2026-06-27,present
121,Bakhshi Sathe,reliable,Site_5,2026-06-29,present
121,Bakhshi Sathe,reliable,Site_3,2026-06-30,present
121,Bakhshi Sathe,reliable,Site_10,2026-07-01,absent
121,Bakhshi Sathe,reliable,Site_5,2026-07-02,present
121,Bakhshi Sathe,reliable,Site_5,2026-07-03,present
121,Bakhshi Sathe,reliable,Site_3,2026-07-04,present
121,Bakhshi Sathe,reliable,Site_5,2026-07-06,present
121,Bakhshi Sathe,reliable,Site_3,2026-07-07,present
121,Bakhshi Sathe,reliable,Site_10,2026-07-08,present
121,Bakhshi Sathe,reliable,Site_3,2026-07-09,present
121,Bakhshi Sathe,reliable,Site_10,2026-07-10,present
122,Reyansh Kothari,moderate,Site_1,2026-03-16,present
122,Reyansh Kothari,moderate,Site_1,2026-03-17,present
122,Reyansh Kothari,moderate,Site_1,2026-03-18,present
122,Reyansh Kothari,moderate,Site_1,2026-03-19,absent
122,Reyansh Kothari,moderate,Site_1,2026-03-20,present
122,Reyansh Kothari,moderate,Site_1,2026-03-21,present
122,Reyansh Kothari,moderate,Site_1,2026-03-23,present
122,Reyansh Kothari,moderate,Site_1,2026-03-24,present
122,Reyansh Kothari,moderate,Site_1,2026-03-25,present
122,Reyansh Kothari,moderate,Site_1,2026-03-26,present
122,Reyansh Kothari,moderate,Site_1,2026-03-27,present
122,Reyansh Kothari,moderate,Site_1,2026-03-28,present
122,Reyansh Kothari,moderate,Site_1,2026-03-30,present
122,Reyansh Kothari,moderate,Site_1,2026-03-31,present
122,Reyansh Kothari,moderate,Site_1,2026-04-01,present
122,Reyansh Kothari,moderate,Site_1,2026-04-02,present
122,Reyansh Kothari,moderate,Site_1,2026-04-03,present
122,Reyansh Kothari,moderate,Site_1,2026-04-04,present
122,Reyansh Kothari,moderate,Site_1,2026-04-06,present
122,Reyansh Kothari,moderate,Site_1,2026-04-07,present
122,Reyansh Kothari,moderate,Site_1,2026-04-08,present
122,Reyansh Kothari,moderate,Site_1,2026-04-09,present
122,Reyansh Kothari,moderate,Site_1,2026-04-10,present
122,Reyansh Kothari,moderate,Site_1,2026-04-11,present
122,Reyansh Kothari,moderate,Site_1,2026-04-13,present
122,Reyansh Kothari,moderate,Site_1,2026-04-14,present
122,Reyansh Kothari,moderate,Site_1,2026-04-15,present
122,Reyansh Kothari,moderate,Site_1,2026-04-16,present
122,Reyansh Kothari,moderate,Site_1,2026-04-17,absent
122,Reyansh Kothari,moderate,Site_1,2026-04-18,present
122,Reyansh Kothari,moderate,Site_1,2026-04-20,present
122,Reyansh Kothari,moderate,Site_1,2026-04-21,present
122,Reyansh Kothari,moderate,Site_1,2026-04-22,present
122,Reyansh Kothari,moderate,Site_1,2026-04-23,present
122,Reyansh Kothari,moderate,Site_1,2026-04-24,present
122,Reyansh Kothari,moderate,Site_1,2026-04-25,present
122,Reyansh Kothari,moderate,Site_1,2026-04-27,present
122,Reyansh Kothari,moderate,Site_1,2026-04-28,present
122,Reyansh Kothari,moderate,Site_1,2026-04-29,present
122,Reyansh Kothari,moderate,Site_1,2026-04-30,present
122,Reyansh Kothari,moderate,Site_1,2026-05-01,present
122,Reyansh Kothari,moderate,Site_1,2026-05-02,present
122,Reyansh Kothari,moderate,Site_1,2026-05-04,present
122,Reyansh Kothari,moderate,Site_1,2026-05-05,present
122,Reyansh Kothari,moderate,Site_1,2026-05-06,present
122,Reyansh Kothari,moderate,Site_1,2026-05-07,present
122,Reyansh Kothari,moderate,Site_1,2026-05-08,present
122,Reyansh Kothari,moderate,Site_1,2026-05-09,present
122,Reyansh Kothari,moderate,Site_1,2026-05-11,present
122,Reyansh Kothari,moderate,Site_1,2026-05-12,present
122,Reyansh Kothari,moderate,Site_1,2026-05-13,present
122,Reyansh Kothari,moderate,Site_1,2026-05-14,present
122,Reyansh Kothari,moderate,Site_1,2026-05-15,absent
122,Reyansh Kothari,moderate,Site_1,2026-05-16,present
122,Reyansh Kothari,moderate,Site_1,2026-05-18,present
122,Reyansh Kothari,moderate,Site_1,2026-05-19,present
122,Reyansh Kothari,moderate,Site_1,2026-05-20,present
122,Reyansh Kothari,moderate,Site_1,2026-05-21,present
122,Reyansh Kothari,moderate,Site_1,2026-05-22,present
122,Reyansh Kothari,moderate,Site_1,2026-05-23,present
122,Reyansh Kothari,moderate,Site_1,2026-05-25,present
122,Reyansh Kothari,moderate,Site_1,2026-05-26,present
122,Reyansh Kothari,moderate,Site_1,2026-05-27,present
122,Reyansh Kothari,moderate,Site_1,2026-05-28,present
122,Reyansh Kothari,moderate,Site_1,2026-05-29,present
122,Reyansh Kothari,moderate,Site_1,2026-05-30,present
122,Reyansh Kothari,moderate,Site_1,2026-06-01,absent
122,Reyansh Kothari,moderate,Site_1,2026-06-02,present
122,Reyansh Kothari,moderate,Site_1,2026-06-03,present
122,Reyansh Kothari,moderate,Site_1,2026-06-04,present
122,Reyansh Kothari,moderate,Site_1,2026-06-05,present
122,Reyansh Kothari,moderate,Site_1,2026-06-06,present
122,Reyansh Kothari,moderate,Site_1,2026-06-08,present
122,Reyansh Kothari,moderate,Site_1,2026-06-09,present
122,Reyansh Kothari,moderate,Site_1,2026-06-10,present
122,Reyansh Kothari,moderate,Site_1,2026-06-11,present
122,Reyansh Kothari,moderate,Site_1,2026-06-12,present
122,Reyansh Kothari,moderate,Site_1,2026-06-13,present
122,Reyansh Kothari,moderate,Site_1,2026-06-15,present
122,Reyansh Kothari,moderate,Site_1,2026-06-16,absent
122,Reyansh Kothari,moderate,Site_1,2026-06-17,present
122,Reyansh Kothari,moderate,Site_1,2026-06-18,present
122,Reyansh Kothari,moderate,Site_1,2026-06-19,present
122,Reyansh Kothari,moderate,Site_1,2026-06-20,present
122,Reyansh Kothari,moderate,Site_1,2026-06-22,present
122,Reyansh Kothari,moderate,Site_1,2026-06-23,present
122,Reyansh Kothari,moderate,Site_1,2026-06-24,present
122,Reyansh Kothari,moderate,Site_1,2026-06-25,present
122,Reyansh Kothari,moderate,Site_1,2026-06-26,present
122,Reyansh Kothari,moderate,Site_1,2026-06-27,present
122,Reyansh Kothari,moderate,Site_1,2026-06-29,present
122,Reyansh Kothari,moderate,Site_1,2026-06-30,present
122,Reyansh Kothari,moderate,Site_1,2026-07-01,present
122,Reyansh Kothari,moderate,Site_1,2026-07-02,present
122,Reyansh Kothari,moderate,Site_1,2026-07-03,present
122,Reyansh Kothari,moderate,Site_1,2026-07-04,present
122,Reyansh Kothari,moderate,Site_1,2026-07-06,present
122,Reyansh Kothari,moderate,Site_1,2026-07-07,present
122,Reyansh Kothari,moderate,Site_1,2026-07-08,absent
122,Reyansh Kothari,moderate,Site_1,2026-07-09,absent
122,Reyansh Kothari,moderate,Site_1,2026-07-10,present
123,Harrison Dar,reliable,Site_3,2026-01-28,absent
123,Harrison Dar,reliable,Site_7,2026-01-29,present
123,Harrison Dar,reliable,Site_3,2026-01-30,absent
123,Harrison Dar,reliable,Site_7,2026-01-31,present
123,Harrison Dar,reliable,Site_8,2026-02-02,present
123,Harrison Dar,reliable,Site_3,2026-02-03,present
123,Harrison Dar,reliable,Site_8,2026-02-04,present
123,Harrison Dar,reliable,Site_7,2026-02-05,present
123,Harrison Dar,reliable,Site_8,2026-02-06,present
123,Harrison Dar,reliable,Site_7,2026-02-07,present
123,Harrison Dar,reliable,Site_8,2026-02-09,absent
123,Harrison Dar,reliable,Site_8,2026-02-10,present
123,Harrison Dar,reliable,Site_8,2026-02-11,present
123,Harrison Dar,reliable,Site_3,2026-02-12,present
123,Harrison Dar,reliable,Site_3,2026-02-13,present
123,Harrison Dar,reliable,Site_7,2026-02-14,present
123,Harrison Dar,reliable,Site_3,2026-02-16,present
123,Harrison Dar,reliable,Site_3,2026-02-17,present
123,Harrison Dar,reliable,Site_3,2026-02-18,present
123,Harrison Dar,reliable,Site_7,2026-02-19,present
123,Harrison Dar,reliable,Site_7,2026-02-20,present
123,Harrison Dar,reliable,Site_8,2026-02-21,absent
123,Harrison Dar,reliable,Site_8,2026-02-23,present
123,Harrison Dar,reliable,Site_7,2026-02-24,present
123,Harrison Dar,reliable,Site_7,2026-02-25,present
123,Harrison Dar,reliable,Site_7,2026-02-26,present
123,Harrison Dar,reliable,Site_7,2026-02-27,absent
123,Harrison Dar,reliable,Site_3,2026-02-28,absent
123,Harrison Dar,reliable,Site_8,2026-03-02,present
123,Harrison Dar,reliable,Site_3,2026-03-03,present
123,Harrison Dar,reliable,Site_8,2026-03-04,present
123,Harrison Dar,reliable,Site_7,2026-03-05,present
123,Harrison Dar,reliable,Site_7,2026-03-06,present
123,Harrison Dar,reliable,Site_7,2026-03-07,present
123,Harrison Dar,reliable,Site_7,2026-03-09,present
123,Harrison Dar,reliable,Site_7,2026-03-10,present
123,Harrison Dar,reliable,Site_3,2026-03-11,present
123,Harrison Dar,reliable,Site_7,2026-03-12,present
123,Harrison Dar,reliable,Site_7,2026-03-13,present
123,Harrison Dar,reliable,Site_8,2026-03-14,present
123,Harrison Dar,reliable,Site_7,2026-03-16,present
123,Harrison Dar,reliable,Site_8,2026-03-17,present
123,Harrison Dar,reliable,Site_8,2026-03-18,absent
123,Harrison Dar,reliable,Site_7,2026-03-19,present
123,Harrison Dar,reliable,Site_7,2026-03-20,present
123,Harrison Dar,reliable,Site_8,2026-03-21,present
123,Harrison Dar,reliable,Site_3,2026-03-23,present
123,Harrison Dar,reliable,Site_3,2026-03-24,present
123,Harrison Dar,reliable,Site_7,2026-03-25,absent
123,Harrison Dar,reliable,Site_8,2026-03-26,present
123,Harrison Dar,reliable,Site_7,2026-03-27,present
123,Harrison Dar,reliable,Site_8,2026-03-28,absent
123,Harrison Dar,reliable,Site_3,2026-03-30,present
123,Harrison Dar,reliable,Site_8,2026-03-31,present
123,Harrison Dar,reliable,Site_3,2026-04-01,present
123,Harrison Dar,reliable,Site_8,2026-04-02,present
123,Harrison Dar,reliable,Site_7,2026-04-03,present
123,Harrison Dar,reliable,Site_7,2026-04-04,present
123,Harrison Dar,reliable,Site_3,2026-04-06,present
123,Harrison Dar,reliable,Site_3,2026-04-07,present
123,Harrison Dar,reliable,Site_7,2026-04-08,present
123,Harrison Dar,reliable,Site_7,2026-04-09,present
123,Harrison Dar,reliable,Site_8,2026-04-10,present
123,Harrison Dar,reliable,Site_3,2026-04-11,present
123,Harrison Dar,reliable,Site_7,2026-04-13,present
123,Harrison Dar,reliable,Site_8,2026-04-14,present
123,Harrison Dar,reliable,Site_3,2026-04-15,present
123,Harrison Dar,reliable,Site_8,2026-04-16,present
123,Harrison Dar,reliable,Site_8,2026-04-17,present
123,Harrison Dar,reliable,Site_8,2026-04-18,present
123,Harrison Dar,reliable,Site_8,2026-04-20,present
123,Harrison Dar,reliable,Site_7,2026-04-21,present
123,Harrison Dar,reliable,Site_7,2026-04-22,present
123,Harrison Dar,reliable,Site_7,2026-04-23,present
123,Harrison Dar,reliable,Site_8,2026-04-24,present
123,Harrison Dar,reliable,Site_7,2026-04-25,present
123,Harrison Dar,reliable,Site_7,2026-04-27,present
123,Harrison Dar,reliable,Site_8,2026-04-28,present
123,Harrison Dar,reliable,Site_7,2026-04-29,present
123,Harrison Dar,reliable,Site_7,2026-04-30,present
123,Harrison Dar,reliable,Site_8,2026-05-01,present
123,Harrison Dar,reliable,Site_8,2026-05-02,present
123,Harrison Dar,reliable,Site_8,2026-05-04,present
123,Harrison Dar,reliable,Site_7,2026-05-05,present
123,Harrison Dar,reliable,Site_8,2026-05-06,present
123,Harrison Dar,reliable,Site_7,2026-05-07,present
123,Harrison Dar,reliable,Site_3,2026-05-08,present
123,Harrison Dar,reliable,Site_8,2026-05-09,absent
123,Harrison Dar,reliable,Site_7,2026-05-11,present
123,Harrison Dar,reliable,Site_8,2026-05-12,present
123,Harrison Dar,reliable,Site_7,2026-05-13,present
123,Harrison Dar,reliable,Site_7,2026-05-14,present
123,Harrison Dar,reliable,Site_8,2026-05-15,present
123,Harrison Dar,reliable,Site_8,2026-05-16,present
123,Harrison Dar,reliable,Site_3,2026-05-18,absent
123,Harrison Dar,reliable,Site_3,2026-05-19,present
123,Harrison Dar,reliable,Site_3,2026-05-20,present
123,Harrison Dar,reliable,Site_3,2026-05-21,absent
123,Harrison Dar,reliable,Site_8,2026-05-22,present
123,Harrison Dar,reliable,Site_3,2026-05-23,present
123,Harrison Dar,reliable,Site_7,2026-05-25,present
123,Harrison Dar,reliable,Site_7,2026-05-26,present
123,Harrison Dar,reliable,Site_8,2026-05-27,present
123,Harrison Dar,reliable,Site_3,2026-05-28,present
123,Harrison Dar,reliable,Site_7,2026-05-29,present
123,Harrison Dar,reliable,Site_3,2026-05-30,present
123,Harrison Dar,reliable,Site_3,2026-06-01,present
123,Harrison Dar,reliable,Site_8,2026-06-02,present
123,Harrison Dar,reliable,Site_7,2026-06-03,present
123,Harrison Dar,reliable,Site_7,2026-06-04,present
123,Harrison Dar,reliable,Site_8,2026-06-05,present
123,Harrison Dar,reliable,Site_7,2026-06-06,present
123,Harrison Dar,reliable,Site_7,2026-06-08,absent
123,Harrison Dar,reliable,Site_3,2026-06-09,present
123,Harrison Dar,reliable,Site_8,2026-06-10,present
123,Harrison Dar,reliable,Site_3,2026-06-11,present
123,Harrison Dar,reliable,Site_3,2026-06-12,present
123,Harrison Dar,reliable,Site_8,2026-06-13,present
123,Harrison Dar,reliable,Site_7,2026-06-15,present
123,Harrison Dar,reliable,Site_7,2026-06-16,present
123,Harrison Dar,reliable,Site_7,2026-06-17,present
123,Harrison Dar,reliable,Site_3,2026-06-18,present
123,Harrison Dar,reliable,Site_8,2026-06-19,present
123,Harrison Dar,reliable,Site_3,2026-06-20,present
123,Harrison Dar,reliable,Site_7,2026-06-22,present
123,Harrison Dar,reliable,Site_8,2026-06-23,present
123,Harrison Dar,reliable,Site_7,2026-06-24,absent
123,Harrison Dar,reliable,Site_8,2026-06-25,present
123,Harrison Dar,reliable,Site_7,2026-06-26,present
123,Harrison Dar,reliable,Site_8,2026-06-27,present
123,Harrison Dar,reliable,Site_3,2026-06-29,present
123,Harrison Dar,reliable,Site_7,2026-06-30,present
123,Harrison Dar,reliable,Site_8,2026-07-01,present
123,Harrison Dar,reliable,Site_3,2026-07-02,present
123,Harrison Dar,reliable,Site_7,2026-07-03,present
123,Harrison Dar,reliable,Site_8,2026-07-04,present
123,Harrison Dar,reliable,Site_7,2026-07-06,present
123,Harrison Dar,reliable,Site_3,2026-07-07,present
123,Harrison Dar,reliable,Site_8,2026-07-08,present
123,Harrison Dar,reliable,Site_8,2026-07-09,present
123,Harrison Dar,reliable,Site_7,2026-07-10,present
124,Darpan Dey,new,Site_7,2026-07-04,present
124,Darpan Dey,new,Site_7,2026-07-06,absent
124,Darpan Dey,new,Site_7,2026-07-07,present
124,Darpan Dey,new,Site_7,2026-07-08,present
124,Darpan Dey,new,Site_7,2026-07-09,present
124,Darpan Dey,new,Site_7,2026-07-10,present
125,Omkaar Patil,unreliable,Site_3,2026-06-01,absent
125,Omkaar Patil,unreliable,Site_3,2026-06-02,present
125,Omkaar Patil,unreliable,Site_3,2026-06-03,present
125,Omkaar Patil,unreliable,Site_3,2026-06-04,absent
125,Omkaar Patil,unreliable,Site_3,2026-06-05,absent
125,Omkaar Patil,unreliable,Site_3,2026-06-06,present
125,Omkaar Patil,unreliable,Site_3,2026-06-08,absent
125,Omkaar Patil,unreliable,Site_3,2026-06-09,present
125,Omkaar Patil,unreliable,Site_3,2026-06-10,absent
125,Omkaar Patil,unreliable,Site_3,2026-06-11,present
125,Omkaar Patil,unreliable,Site_3,2026-06-12,absent
125,Omkaar Patil,unreliable,Site_3,2026-06-13,present
125,Omkaar Patil,unreliable,Site_3,2026-06-15,absent
125,Omkaar Patil,unreliable,Site_3,2026-06-16,present
125,Omkaar Patil,unreliable,Site_3,2026-06-17,absent
125,Omkaar Patil,unreliable,Site_3,2026-06-18,present
125,Omkaar Patil,unreliable,Site_3,2026-06-19,present
125,Omkaar Patil,unreliable,Site_3,2026-06-20,absent
125,Omkaar Patil,unreliable,Site_3,2026-06-22,present
125,Omkaar Patil,unreliable,Site_3,2026-06-23,present
125,Omkaar Patil,unreliable,Site_3,2026-06-24,absent
125,Omkaar Patil,unreliable,Site_3,2026-06-25,absent
125,Omkaar Patil,unreliable,Site_3,2026-06-26,present
125,Omkaar Patil,unreliable,Site_3,2026-06-27,absent
125,Omkaar Patil,unreliable,Site_3,2026-06-29,absent
125,Omkaar Patil,unreliable,Site_3,2026-06-30,absent
125,Omkaar Patil,unreliable,Site_3,2026-07-01,absent
125,Omkaar Patil,unreliable,Site_3,2026-07-02,absent
125,Omkaar Patil,unreliable,Site_3,2026-07-03,absent
125,Omkaar Patil,unreliable,Site_3,2026-07-04,present
125,Omkaar Patil,unreliable,Site_3,2026-07-06,present
125,Omkaar Patil,unreliable,Site_3,2026-07-07,present
125,Omkaar Patil,unreliable,Site_3,2026-07-08,present
125,Omkaar Patil,unreliable,Site_3,2026-07-09,absent
125,Omkaar Patil,unreliable,Site_3,2026-07-10,absent
126,Aarav Thaker,moderate,Site_9,2026-03-16,absent
126,Aarav Thaker,moderate,Site_9,2026-03-17,present
126,Aarav Thaker,moderate,Site_9,2026-03-18,present
126,Aarav Thaker,moderate,Site_9,2026-03-19,present
126,Aarav Thaker,moderate,Site_9,2026-03-20,present
126,Aarav Thaker,moderate,Site_9,2026-03-21,present
126,Aarav Thaker,moderate,Site_9,2026-03-23,absent
126,Aarav Thaker,moderate,Site_9,2026-03-24,present
126,Aarav Thaker,moderate,Site_9,2026-03-25,present
126,Aarav Thaker,moderate,Site_9,2026-03-26,present
126,Aarav Thaker,moderate,Site_9,2026-03-27,present
126,Aarav Thaker,moderate,Site_9,2026-03-28,present
126,Aarav Thaker,moderate,Site_9,2026-03-30,absent
126,Aarav Thaker,moderate,Site_9,2026-03-31,present
126,Aarav Thaker,moderate,Site_9,2026-04-01,present
126,Aarav Thaker,moderate,Site_9,2026-04-02,present
126,Aarav Thaker,moderate,Site_9,2026-04-03,present
126,Aarav Thaker,moderate,Site_9,2026-04-04,present
126,Aarav Thaker,moderate,Site_9,2026-04-06,present
126,Aarav Thaker,moderate,Site_9,2026-04-07,absent
126,Aarav Thaker,moderate,Site_9,2026-04-08,present
126,Aarav Thaker,moderate,Site_9,2026-04-09,present
126,Aarav Thaker,moderate,Site_9,2026-04-10,absent
126,Aarav Thaker,moderate,Site_9,2026-04-11,present
126,Aarav Thaker,moderate,Site_9,2026-04-13,present
126,Aarav Thaker,moderate,Site_9,2026-04-14,present
126,Aarav Thaker,moderate,Site_9,2026-04-15,absent
126,Aarav Thaker,moderate,Site_9,2026-04-16,present
126,Aarav Thaker,moderate,Site_9,2026-04-17,present
126,Aarav Thaker,moderate,Site_9,2026-04-18,present
126,Aarav Thaker,moderate,Site_9,2026-04-20,present
126,Aarav Thaker,moderate,Site_9,2026-04-21,absent
126,Aarav Thaker,moderate,Site_9,2026-04-22,present
126,Aarav Thaker,moderate,Site_9,2026-04-23,present
126,Aarav Thaker,moderate,Site_9,2026-04-24,present
126,Aarav Thaker,moderate,Site_9,2026-04-25,present
126,Aarav Thaker,moderate,Site_9,2026-04-27,absent
126,Aarav Thaker,moderate,Site_9,2026-04-28,present
126,Aarav Thaker,moderate,Site_9,2026-04-29,present
126,Aarav Thaker,moderate,Site_9,2026-04-30,absent
126,Aarav Thaker,moderate,Site_9,2026-05-01,present
126,Aarav Thaker,moderate,Site_9,2026-05-02,absent
126,Aarav Thaker,moderate,Site_9,2026-05-04,present
126,Aarav Thaker,moderate,Site_9,2026-05-05,present
126,Aarav Thaker,moderate,Site_9,2026-05-06,absent
126,Aarav Thaker,moderate,Site_9,2026-05-07,present
126,Aarav Thaker,moderate,Site_9,2026-05-08,present
126,Aarav Thaker,moderate,Site_9,2026-05-09,present
126,Aarav Thaker,moderate,Site_9,2026-05-11,present
126,Aarav Thaker,moderate,Site_9,2026-05-12,present
126,Aarav Thaker,moderate,Site_9,2026-05-13,present
126,Aarav Thaker,moderate,Site_9,2026-05-14,absent
126,Aarav Thaker,moderate,Site_9,2026-05-15,present
126,Aarav Thaker,moderate,Site_9,2026-05-16,present
126,Aarav Thaker,moderate,Site_9,2026-05-18,present
126,Aarav Thaker,moderate,Site_9,2026-05-19,absent
126,Aarav Thaker,moderate,Site_9,2026-05-20,present
126,Aarav Thaker,moderate,Site_9,2026-05-21,present
126,Aarav Thaker,moderate,Site_9,2026-05-22,present
126,Aarav Thaker,moderate,Site_9,2026-05-23,present
126,Aarav Thaker,moderate,Site_9,2026-05-25,present
126,Aarav Thaker,moderate,Site_9,2026-05-26,absent
126,Aarav Thaker,moderate,Site_9,2026-05-27,present
126,Aarav Thaker,moderate,Site_9,2026-05-28,absent
126,Aarav Thaker,moderate,Site_9,2026-05-29,absent
126,Aarav Thaker,moderate,Site_9,2026-05-30,absent
126,Aarav Thaker,moderate,Site_9,2026-06-01,present
126,Aarav Thaker,moderate,Site_9,2026-06-02,present
126,Aarav Thaker,moderate,Site_9,2026-06-03,absent
126,Aarav Thaker,moderate,Site_9,2026-06-04,absent
126,Aarav Thaker,moderate,Site_9,2026-06-05,present
126,Aarav Thaker,moderate,Site_9,2026-06-06,present
126,Aarav Thaker,moderate,Site_9,2026-06-08,absent
126,Aarav Thaker,moderate,Site_9,2026-06-09,present
126,Aarav Thaker,moderate,Site_9,2026-06-10,absent
126,Aarav Thaker,moderate,Site_9,2026-06-11,absent
126,Aarav Thaker,moderate,Site_9,2026-06-12,absent
126,Aarav Thaker,moderate,Site_9,2026-06-13,absent
126,Aarav Thaker,moderate,Site_9,2026-06-15,present
126,Aarav Thaker,moderate,Site_9,2026-06-16,present
126,Aarav Thaker,moderate,Site_9,2026-06-17,absent
126,Aarav Thaker,moderate,Site_9,2026-06-18,present
126,Aarav Thaker,moderate,Site_9,2026-06-19,present
126,Aarav Thaker,moderate,Site_9,2026-06-20,present
126,Aarav Thaker,moderate,Site_9,2026-06-22,absent
126,Aarav Thaker,moderate,Site_9,2026-06-23,absent
126,Aarav Thaker,moderate,Site_9,2026-06-24,present
126,Aarav Thaker,moderate,Site_9,2026-06-25,absent
126,Aarav Thaker,moderate,Site_9,2026-06-26,present
126,Aarav Thaker,moderate,Site_9,2026-06-27,present
126,Aarav Thaker,moderate,Site_9,2026-06-29,absent
126,Aarav Thaker,moderate,Site_9,2026-06-30,absent
126,Aarav Thaker,moderate,Site_9,2026-07-01,present
126,Aarav Thaker,moderate,Site_9,2026-07-02,present
126,Aarav Thaker,moderate,Site_9,2026-07-03,present
126,Aarav Thaker,moderate,Site_9,2026-07-04,absent
126,Aarav Thaker,moderate,Site_9,2026-07-06,present
126,Aarav Thaker,moderate,Site_9,2026-07-07,present
126,Aarav Thaker,moderate,Site_9,2026-07-08,absent
126,Aarav Thaker,moderate,Site_9,2026-07-09,absent
126,Aarav Thaker,moderate,Site_9,2026-07-10,absent
127,Forum Jhaveri,unreliable,Site_7,2026-06-15,present
127,Forum Jhaveri,unreliable,Site_7,2026-06-16,present
127,Forum Jhaveri,unreliable,Site_7,2026-06-17,absent
127,Forum Jhaveri,unreliable,Site_7,2026-06-18,present
127,Forum Jhaveri,unreliable,Site_7,2026-06-19,absent
127,Forum Jhaveri,unreliable,Site_7,2026-06-20,present
127,Forum Jhaveri,unreliable,Site_7,2026-06-22,present
127,Forum Jhaveri,unreliable,Site_7,2026-06-23,absent
127,Forum Jhaveri,unreliable,Site_7,2026-06-24,absent
127,Forum Jhaveri,unreliable,Site_7,2026-06-25,absent
127,Forum Jhaveri,unreliable,Site_7,2026-06-26,absent
127,Forum Jhaveri,unreliable,Site_7,2026-06-27,present
127,Forum Jhaveri,unreliable,Site_7,2026-06-29,present
127,Forum Jhaveri,unreliable,Site_7,2026-06-30,present
127,Forum Jhaveri,unreliable,Site_7,2026-07-01,present
127,Forum Jhaveri,unreliable,Site_7,2026-07-02,absent
127,Forum Jhaveri,unreliable,Site_7,2026-07-03,present
127,Forum Jhaveri,unreliable,Site_7,2026-07-04,present
127,Forum Jhaveri,unreliable,Site_7,2026-07-06,present
127,Forum Jhaveri,unreliable,Site_7,2026-07-07,present
127,Forum Jhaveri,unreliable,Site_7,2026-07-08,absent
127,Forum Jhaveri,unreliable,Site_7,2026-07-09,present
127,Forum Jhaveri,unreliable,Site_7,2026-07-10,absent
128,Chandani Raghavan,moderate,Site_6,2026-03-25,present
128,Chandani Raghavan,moderate,Site_2,2026-03-26,present
128,Chandani Raghavan,moderate,Site_6,2026-03-27,present
128,Chandani Raghavan,moderate,Site_6,2026-03-28,absent
128,Chandani Raghavan,moderate,Site_6,2026-03-30,present
128,Chandani Raghavan,moderate,Site_6,2026-03-31,present
128,Chandani Raghavan,moderate,Site_2,2026-04-01,present
128,Chandani Raghavan,moderate,Site_6,2026-04-02,present
128,Chandani Raghavan,moderate,Site_2,2026-04-03,present
128,Chandani Raghavan,moderate,Site_2,2026-04-04,present
128,Chandani Raghavan,moderate,Site_2,2026-04-06,present
128,Chandani Raghavan,moderate,Site_2,2026-04-07,present
128,Chandani Raghavan,moderate,Site_6,2026-04-08,present
128,Chandani Raghavan,moderate,Site_6,2026-04-09,absent
128,Chandani Raghavan,moderate,Site_6,2026-04-10,present
128,Chandani Raghavan,moderate,Site_6,2026-04-11,absent
128,Chandani Raghavan,moderate,Site_2,2026-04-13,present
128,Chandani Raghavan,moderate,Site_6,2026-04-14,present
128,Chandani Raghavan,moderate,Site_6,2026-04-15,present
128,Chandani Raghavan,moderate,Site_2,2026-04-16,present
128,Chandani Raghavan,moderate,Site_6,2026-04-17,present
128,Chandani Raghavan,moderate,Site_6,2026-04-18,absent
128,Chandani Raghavan,moderate,Site_2,2026-04-20,present
128,Chandani Raghavan,moderate,Site_6,2026-04-21,present
128,Chandani Raghavan,moderate,Site_6,2026-04-22,present
128,Chandani Raghavan,moderate,Site_6,2026-04-23,present
128,Chandani Raghavan,moderate,Site_2,2026-04-24,absent
128,Chandani Raghavan,moderate,Site_2,2026-04-25,present
128,Chandani Raghavan,moderate,Site_2,2026-04-27,present
128,Chandani Raghavan,moderate,Site_2,2026-04-28,present
128,Chandani Raghavan,moderate,Site_2,2026-04-29,present
128,Chandani Raghavan,moderate,Site_2,2026-04-30,present
128,Chandani Raghavan,moderate,Site_6,2026-05-01,present
128,Chandani Raghavan,moderate,Site_6,2026-05-02,present
128,Chandani Raghavan,moderate,Site_2,2026-05-04,present
128,Chandani Raghavan,moderate,Site_2,2026-05-05,present
128,Chandani Raghavan,moderate,Site_6,2026-05-06,absent
128,Chandani Raghavan,moderate,Site_2,2026-05-07,present
128,Chandani Raghavan,moderate,Site_6,2026-05-08,present
128,Chandani Raghavan,moderate,Site_2,2026-05-09,present
128,Chandani Raghavan,moderate,Site_2,2026-05-11,present
128,Chandani Raghavan,moderate,Site_6,2026-05-12,present
128,Chandani Raghavan,moderate,Site_6,2026-05-13,absent
128,Chandani Raghavan,moderate,Site_6,2026-05-14,present
128,Chandani Raghavan,moderate,Site_6,2026-05-15,present
128,Chandani Raghavan,moderate,Site_2,2026-05-16,present
128,Chandani Raghavan,moderate,Site_6,2026-05-18,present
128,Chandani Raghavan,moderate,Site_6,2026-05-19,present
128,Chandani Raghavan,moderate,Site_6,2026-05-20,present
128,Chandani Raghavan,moderate,Site_6,2026-05-21,present
128,Chandani Raghavan,moderate,Site_2,2026-05-22,absent
128,Chandani Raghavan,moderate,Site_6,2026-05-23,present
128,Chandani Raghavan,moderate,Site_2,2026-05-25,present
128,Chandani Raghavan,moderate,Site_6,2026-05-26,present
128,Chandani Raghavan,moderate,Site_6,2026-05-27,present
128,Chandani Raghavan,moderate,Site_2,2026-05-28,present
128,Chandani Raghavan,moderate,Site_2,2026-05-29,present
128,Chandani Raghavan,moderate,Site_2,2026-05-30,present
128,Chandani Raghavan,moderate,Site_2,2026-06-01,present
128,Chandani Raghavan,moderate,Site_6,2026-06-02,present
128,Chandani Raghavan,moderate,Site_6,2026-06-03,present
128,Chandani Raghavan,moderate,Site_2,2026-06-04,absent
128,Chandani Raghavan,moderate,Site_2,2026-06-05,present
128,Chandani Raghavan,moderate,Site_6,2026-06-06,present
128,Chandani Raghavan,moderate,Site_6,2026-06-08,present
128,Chandani Raghavan,moderate,Site_2,2026-06-09,present
128,Chandani Raghavan,moderate,Site_2,2026-06-10,present
128,Chandani Raghavan,moderate,Site_6,2026-06-11,absent
128,Chandani Raghavan,moderate,Site_6,2026-06-12,present
128,Chandani Raghavan,moderate,Site_2,2026-06-13,absent
128,Chandani Raghavan,moderate,Site_6,2026-06-15,present
128,Chandani Raghavan,moderate,Site_6,2026-06-16,present
128,Chandani Raghavan,moderate,Site_2,2026-06-17,present
128,Chandani Raghavan,moderate,Site_2,2026-06-18,absent
128,Chandani Raghavan,moderate,Site_2,2026-06-19,present
128,Chandani Raghavan,moderate,Site_2,2026-06-20,absent
128,Chandani Raghavan,moderate,Site_2,2026-06-22,absent
128,Chandani Raghavan,moderate,Site_6,2026-06-23,present
128,Chandani Raghavan,moderate,Site_2,2026-06-24,present
128,Chandani Raghavan,moderate,Site_6,2026-06-25,present
128,Chandani Raghavan,moderate,Site_2,2026-06-26,present
128,Chandani Raghavan,moderate,Site_6,2026-06-27,present
128,Chandani Raghavan,moderate,Site_6,2026-06-29,present
128,Chandani Raghavan,moderate,Site_2,2026-06-30,present
128,Chandani Raghavan,moderate,Site_6,2026-07-01,present
128,Chandani Raghavan,moderate,Site_2,2026-07-02,absent
128,Chandani Raghavan,moderate,Site_2,2026-07-03,present
128,Chandani Raghavan,moderate,Site_6,2026-07-04,present
128,Chandani Raghavan,moderate,Site_6,2026-07-06,present
128,Chandani Raghavan,moderate,Site_2,2026-07-07,present
128,Chandani Raghavan,moderate,Site_6,2026-07-08,present
128,Chandani Raghavan,moderate,Site_6,2026-07-09,present
128,Chandani Raghavan,moderate,Site_6,2026-07-10,present
129,Nilima Bala,reliable,Site_2,2026-02-25,present
129,Nilima Bala,reliable,Site_4,2026-02-26,present
129,Nilima Bala,reliable,Site_7,2026-02-27,present
129,Nilima Bala,reliable,Site_4,2026-02-28,present
129,Nilima Bala,reliable,Site_7,2026-03-02,present
129,Nilima Bala,reliable,Site_7,2026-03-03,present
129,Nilima Bala,reliable,Site_3,2026-03-04,present
129,Nilima Bala,reliable,Site_2,2026-03-05,present
129,Nilima Bala,reliable,Site_2,2026-03-06,present
129,Nilima Bala,reliable,Site_2,2026-03-07,present
129,Nilima Bala,reliable,Site_2,2026-03-09,present
129,Nilima Bala,reliable,Site_4,2026-03-10,present
129,Nilima Bala,reliable,Site_4,2026-03-11,present
129,Nilima Bala,reliable,Site_7,2026-03-12,present
129,Nilima Bala,reliable,Site_4,2026-03-13,present
129,Nilima Bala,reliable,Site_2,2026-03-14,present
129,Nilima Bala,reliable,Site_7,2026-03-16,present
129,Nilima Bala,reliable,Site_4,2026-03-17,present
129,Nilima Bala,reliable,Site_7,2026-03-18,present
129,Nilima Bala,reliable,Site_2,2026-03-19,present
129,Nilima Bala,reliable,Site_3,2026-03-20,present
129,Nilima Bala,reliable,Site_7,2026-03-21,present
129,Nilima Bala,reliable,Site_4,2026-03-23,present
129,Nilima Bala,reliable,Site_7,2026-03-24,present
129,Nilima Bala,reliable,Site_2,2026-03-25,present
129,Nilima Bala,reliable,Site_2,2026-03-26,present
129,Nilima Bala,reliable,Site_7,2026-03-27,present
129,Nilima Bala,reliable,Site_4,2026-03-28,present
129,Nilima Bala,reliable,Site_7,2026-03-30,present
129,Nilima Bala,reliable,Site_2,2026-03-31,present
129,Nilima Bala,reliable,Site_2,2026-04-01,present
129,Nilima Bala,reliable,Site_2,2026-04-02,present
129,Nilima Bala,reliable,Site_4,2026-04-03,present
129,Nilima Bala,reliable,Site_3,2026-04-04,present
129,Nilima Bala,reliable,Site_3,2026-04-06,present
129,Nilima Bala,reliable,Site_7,2026-04-07,present
129,Nilima Bala,reliable,Site_7,2026-04-08,absent
129,Nilima Bala,reliable,Site_7,2026-04-09,present
129,Nilima Bala,reliable,Site_7,2026-04-10,present
129,Nilima Bala,reliable,Site_3,2026-04-11,present
129,Nilima Bala,reliable,Site_7,2026-04-13,present
129,Nilima Bala,reliable,Site_4,2026-04-14,absent
129,Nilima Bala,reliable,Site_3,2026-04-15,present
129,Nilima Bala,reliable,Site_4,2026-04-16,present
129,Nilima Bala,reliable,Site_4,2026-04-17,present
129,Nilima Bala,reliable,Site_2,2026-04-18,present
129,Nilima Bala,reliable,Site_3,2026-04-20,present
129,Nilima Bala,reliable,Site_3,2026-04-21,present
129,Nilima Bala,reliable,Site_4,2026-04-22,present
129,Nilima Bala,reliable,Site_7,2026-04-23,absent
129,Nilima Bala,reliable,Site_3,2026-04-24,present
129,Nilima Bala,reliable,Site_2,2026-04-25,present
129,Nilima Bala,reliable,Site_2,2026-04-27,present
129,Nilima Bala,reliable,Site_2,2026-04-28,present
129,Nilima Bala,reliable,Site_4,2026-04-29,present
129,Nilima Bala,reliable,Site_2,2026-04-30,present
129,Nilima Bala,reliable,Site_3,2026-05-01,present
129,Nilima Bala,reliable,Site_4,2026-05-02,present
129,Nilima Bala,reliable,Site_2,2026-05-04,present
129,Nilima Bala,reliable,Site_2,2026-05-05,present
129,Nilima Bala,reliable,Site_3,2026-05-06,present
129,Nilima Bala,reliable,Site_7,2026-05-07,present
129,Nilima Bala,reliable,Site_4,2026-05-08,absent
129,Nilima Bala,reliable,Site_3,2026-05-09,present
129,Nilima Bala,reliable,Site_3,2026-05-11,present
129,Nilima Bala,reliable,Site_3,2026-05-12,present
129,Nilima Bala,reliable,Site_7,2026-05-13,present
129,Nilima Bala,reliable,Site_7,2026-05-14,present
129,Nilima Bala,reliable,Site_7,2026-05-15,present
129,Nilima Bala,reliable,Site_7,2026-05-16,present
129,Nilima Bala,reliable,Site_2,2026-05-18,present
129,Nilima Bala,reliable,Site_2,2026-05-19,present
129,Nilima Bala,reliable,Site_3,2026-05-20,absent
129,Nilima Bala,reliable,Site_2,2026-05-21,present
129,Nilima Bala,reliable,Site_2,2026-05-22,present
129,Nilima Bala,reliable,Site_2,2026-05-23,present
129,Nilima Bala,reliable,Site_2,2026-05-25,present
129,Nilima Bala,reliable,Site_7,2026-05-26,present
129,Nilima Bala,reliable,Site_3,2026-05-27,present
129,Nilima Bala,reliable,Site_3,2026-05-28,present
129,Nilima Bala,reliable,Site_4,2026-05-29,present
129,Nilima Bala,reliable,Site_7,2026-05-30,present
129,Nilima Bala,reliable,Site_7,2026-06-01,absent
129,Nilima Bala,reliable,Site_2,2026-06-02,present
129,Nilima Bala,reliable,Site_4,2026-06-03,present
129,Nilima Bala,reliable,Site_3,2026-06-04,present
129,Nilima Bala,reliable,Site_2,2026-06-05,present
129,Nilima Bala,reliable,Site_4,2026-06-06,present
129,Nilima Bala,reliable,Site_4,2026-06-08,present
129,Nilima Bala,reliable,Site_3,2026-06-09,present
129,Nilima Bala,reliable,Site_3,2026-06-10,absent
129,Nilima Bala,reliable,Site_2,2026-06-11,present
129,Nilima Bala,reliable,Site_7,2026-06-12,present
129,Nilima Bala,reliable,Site_7,2026-06-13,present
129,Nilima Bala,reliable,Site_2,2026-06-15,present
129,Nilima Bala,reliable,Site_2,2026-06-16,present
129,Nilima Bala,reliable,Site_7,2026-06-17,present
129,Nilima Bala,reliable,Site_4,2026-06-18,present
129,Nilima Bala,reliable,Site_2,2026-06-19,present
129,Nilima Bala,reliable,Site_4,2026-06-20,present
129,Nilima Bala,reliable,Site_3,2026-06-22,present
129,Nilima Bala,reliable,Site_7,2026-06-23,present
129,Nilima Bala,reliable,Site_4,2026-06-24,present
129,Nilima Bala,reliable,Site_7,2026-06-25,present
129,Nilima Bala,reliable,Site_2,2026-06-26,present
129,Nilima Bala,reliable,Site_3,2026-06-27,present
129,Nilima Bala,reliable,Site_2,2026-06-29,present
129,Nilima Bala,reliable,Site_7,2026-06-30,present
129,Nilima Bala,reliable,Site_7,2026-07-01,present
129,Nilima Bala,reliable,Site_7,2026-07-02,present
129,Nilima Bala,reliable,Site_7,2026-07-03,present
129,Nilima Bala,reliable,Site_7,2026-07-04,present
129,Nilima Bala,reliable,Site_7,2026-07-06,present
129,Nilima Bala,reliable,Site_4,2026-07-07,present
129,Nilima Bala,reliable,Site_4,2026-07-08,present
129,Nilima Bala,reliable,Site_4,2026-07-09,present
129,Nilima Bala,reliable,Site_2,2026-07-10,absent
130,Praneel Vora,unreliable,Site_9,2026-06-03,absent
130,Praneel Vora,unreliable,Site_9,2026-06-04,present
130,Praneel Vora,unreliable,Site_9,2026-06-05,absent
130,Praneel Vora,unreliable,Site_9,2026-06-06,present
130,Praneel Vora,unreliable,Site_9,2026-06-08,present
130,Praneel Vora,unreliable,Site_9,2026-06-09,present
130,Praneel Vora,unreliable,Site_9,2026-06-10,absent
130,Praneel Vora,unreliable,Site_9,2026-06-11,present
130,Praneel Vora,unreliable,Site_9,2026-06-12,absent
130,Praneel Vora,unreliable,Site_9,2026-06-13,absent
130,Praneel Vora,unreliable,Site_9,2026-06-15,absent
130,Praneel Vora,unreliable,Site_9,2026-06-16,present
130,Praneel Vora,unreliable,Site_9,2026-06-17,absent
130,Praneel Vora,unreliable,Site_9,2026-06-18,present
130,Praneel Vora,unreliable,Site_9,2026-06-19,present
130,Praneel Vora,unreliable,Site_9,2026-06-20,present
130,Praneel Vora,unreliable,Site_9,2026-06-22,absent
130,Praneel Vora,unreliable,Site_9,2026-06-23,present
130,Praneel Vora,unreliable,Site_9,2026-06-24,present
130,Praneel Vora,unreliable,Site_9,2026-06-25,present
130,Praneel Vora,unreliable,Site_9,2026-06-26,present
130,Praneel Vora,unreliable,Site_9,2026-06-27,present
130,Praneel Vora,unreliable,Site_9,2026-06-29,present
130,Praneel Vora,unreliable,Site_9,2026-06-30,absent
130,Praneel Vora,unreliable,Site_9,2026-07-01,present
130,Praneel Vora,unreliable,Site_9,2026-07-02,present
130,Praneel Vora,unreliable,Site_9,2026-07-03,present
130,Praneel Vora,unreliable,Site_9,2026-07-04,absent
130,Praneel Vora,unreliable,Site_9,2026-07-06,absent
130,Praneel Vora,unreliable,Site_9,2026-07-07,absent
130,Praneel Vora,unreliable,Site_9,2026-07-08,present
130,Praneel Vora,unreliable,Site_9,2026-07-09,absent
130,Praneel Vora,unreliable,Site_9,2026-07-10,absent
131,Tamanna Grover,reliable,Site_8,2026-02-09,present
131,Tamanna Grover,reliable,Site_5,2026-02-10,present
131,Tamanna Grover,reliable,Site_8,2026-02-11,present
131,Tamanna Grover,reliable,Site_8,2026-02-12,present
131,Tamanna Grover,reliable,Site_8,2026-02-13,absent
131,Tamanna Grover,reliable,Site_5,2026-02-14,present
131,Tamanna Grover,reliable,Site_5,2026-02-16,present
131,Tamanna Grover,reliable,Site_8,2026-02-17,present
131,Tamanna Grover,reliable,Site_8,2026-02-18,absent
131,Tamanna Grover,reliable,Site_5,2026-02-19,present
131,Tamanna Grover,reliable,Site_8,2026-02-20,present
131,Tamanna Grover,reliable,Site_8,2026-02-21,present
131,Tamanna Grover,reliable,Site_5,2026-02-23,present
131,Tamanna Grover,reliable,Site_8,2026-02-24,present
131,Tamanna Grover,reliable,Site_5,2026-02-25,present
131,Tamanna Grover,reliable,Site_8,2026-02-26,present
131,Tamanna Grover,reliable,Site_8,2026-02-27,present
131,Tamanna Grover,reliable,Site_5,2026-02-28,present
131,Tamanna Grover,reliable,Site_8,2026-03-02,present
131,Tamanna Grover,reliable,Site_8,2026-03-03,present
131,Tamanna Grover,reliable,Site_8,2026-03-04,present
131,Tamanna Grover,reliable,Site_8,2026-03-05,present
131,Tamanna Grover,reliable,Site_8,2026-03-06,present
131,Tamanna Grover,reliable,Site_8,2026-03-07,present
131,Tamanna Grover,reliable,Site_5,2026-03-09,present
131,Tamanna Grover,reliable,Site_8,2026-03-10,present
131,Tamanna Grover,reliable,Site_5,2026-03-11,present
131,Tamanna Grover,reliable,Site_5,2026-03-12,absent
131,Tamanna Grover,reliable,Site_5,2026-03-13,present
131,Tamanna Grover,reliable,Site_5,2026-03-14,present
131,Tamanna Grover,reliable,Site_5,2026-03-16,present
131,Tamanna Grover,reliable,Site_8,2026-03-17,present
131,Tamanna Grover,reliable,Site_5,2026-03-18,absent
131,Tamanna Grover,reliable,Site_8,2026-03-19,present
131,Tamanna Grover,reliable,Site_5,2026-03-20,absent
131,Tamanna Grover,reliable,Site_5,2026-03-21,absent
131,Tamanna Grover,reliable,Site_8,2026-03-23,present
131,Tamanna Grover,reliable,Site_8,2026-03-24,present
131,Tamanna Grover,reliable,Site_8,2026-03-25,present
131,Tamanna Grover,reliable,Site_8,2026-03-26,present
131,Tamanna Grover,reliable,Site_5,2026-03-27,absent
131,Tamanna Grover,reliable,Site_8,2026-03-28,present
131,Tamanna Grover,reliable,Site_5,2026-03-30,present
131,Tamanna Grover,reliable,Site_5,2026-03-31,present
131,Tamanna Grover,reliable,Site_5,2026-04-01,present
131,Tamanna Grover,reliable,Site_8,2026-04-02,present
131,Tamanna Grover,reliable,Site_8,2026-04-03,present
131,Tamanna Grover,reliable,Site_8,2026-04-04,present
131,Tamanna Grover,reliable,Site_8,2026-04-06,present
131,Tamanna Grover,reliable,Site_8,2026-04-07,present
131,Tamanna Grover,reliable,Site_5,2026-04-08,present
131,Tamanna Grover,reliable,Site_5,2026-04-09,present
131,Tamanna Grover,reliable,Site_5,2026-04-10,present
131,Tamanna Grover,reliable,Site_8,2026-04-11,absent
131,Tamanna Grover,reliable,Site_8,2026-04-13,present
131,Tamanna Grover,reliable,Site_5,2026-04-14,absent
131,Tamanna Grover,reliable,Site_5,2026-04-15,present
131,Tamanna Grover,reliable,Site_5,2026-04-16,present
131,Tamanna Grover,reliable,Site_5,2026-04-17,present
131,Tamanna Grover,reliable,Site_5,2026-04-18,present
131,Tamanna Grover,reliable,Site_8,2026-04-20,present
131,Tamanna Grover,reliable,Site_8,2026-04-21,present
131,Tamanna Grover,reliable,Site_5,2026-04-22,present
131,Tamanna Grover,reliable,Site_5,2026-04-23,present
131,Tamanna Grover,reliable,Site_8,2026-04-24,absent
131,Tamanna Grover,reliable,Site_5,2026-04-25,present
131,Tamanna Grover,reliable,Site_5,2026-04-27,present
131,Tamanna Grover,reliable,Site_8,2026-04-28,absent
131,Tamanna Grover,reliable,Site_5,2026-04-29,present
131,Tamanna Grover,reliable,Site_8,2026-04-30,present
131,Tamanna Grover,reliable,Site_5,2026-05-01,present
131,Tamanna Grover,reliable,Site_5,2026-05-02,present
131,Tamanna Grover,reliable,Site_8,2026-05-04,present
131,Tamanna Grover,reliable,Site_5,2026-05-05,present
131,Tamanna Grover,reliable,Site_5,2026-05-06,present
131,Tamanna Grover,reliable,Site_5,2026-05-07,present
131,Tamanna Grover,reliable,Site_5,2026-05-08,present
131,Tamanna Grover,reliable,Site_8,2026-05-09,present
131,Tamanna Grover,reliable,Site_5,2026-05-11,present
131,Tamanna Grover,reliable,Site_5,2026-05-12,present
131,Tamanna Grover,reliable,Site_8,2026-05-13,present
131,Tamanna Grover,reliable,Site_8,2026-05-14,present
131,Tamanna Grover,reliable,Site_5,2026-05-15,present
131,Tamanna Grover,reliable,Site_8,2026-05-16,present
131,Tamanna Grover,reliable,Site_5,2026-05-18,present
131,Tamanna Grover,reliable,Site_5,2026-05-19,present
131,Tamanna Grover,reliable,Site_8,2026-05-20,present
131,Tamanna Grover,reliable,Site_5,2026-05-21,present
131,Tamanna Grover,reliable,Site_8,2026-05-22,present
131,Tamanna Grover,reliable,Site_5,2026-05-23,present
131,Tamanna Grover,reliable,Site_5,2026-05-25,present
131,Tamanna Grover,reliable,Site_5,2026-05-26,present
131,Tamanna Grover,reliable,Site_8,2026-05-27,present
131,Tamanna Grover,reliable,Site_8,2026-05-28,present
131,Tamanna Grover,reliable,Site_8,2026-05-29,present
131,Tamanna Grover,reliable,Site_8,2026-05-30,present
131,Tamanna Grover,reliable,Site_5,2026-06-01,present
131,Tamanna Grover,reliable,Site_5,2026-06-02,present
131,Tamanna Grover,reliable,Site_8,2026-06-03,present
131,Tamanna Grover,reliable,Site_8,2026-06-04,present
131,Tamanna Grover,reliable,Site_5,2026-06-05,present
131,Tamanna Grover,reliable,Site_5,2026-06-06,present
131,Tamanna Grover,reliable,Site_8,2026-06-08,present
131,Tamanna Grover,reliable,Site_8,2026-06-09,present
131,Tamanna Grover,reliable,Site_5,2026-06-10,present
131,Tamanna Grover,reliable,Site_8,2026-06-11,present
131,Tamanna Grover,reliable,Site_8,2026-06-12,present
131,Tamanna Grover,reliable,Site_8,2026-06-13,absent
131,Tamanna Grover,reliable,Site_5,2026-06-15,present
131,Tamanna Grover,reliable,Site_8,2026-06-16,present
131,Tamanna Grover,reliable,Site_5,2026-06-17,present
131,Tamanna Grover,reliable,Site_8,2026-06-18,present
131,Tamanna Grover,reliable,Site_5,2026-06-19,present
131,Tamanna Grover,reliable,Site_8,2026-06-20,present
131,Tamanna Grover,reliable,Site_5,2026-06-22,present
131,Tamanna Grover,reliable,Site_5,2026-06-23,present
131,Tamanna Grover,reliable,Site_5,2026-06-24,present
131,Tamanna Grover,reliable,Site_8,2026-06-25,present
131,Tamanna Grover,reliable,Site_5,2026-06-26,present
131,Tamanna Grover,reliable,Site_8,2026-06-27,present
131,Tamanna Grover,reliable,Site_5,2026-06-29,present
131,Tamanna Grover,reliable,Site_8,2026-06-30,present
131,Tamanna Grover,reliable,Site_5,2026-07-01,present
131,Tamanna Grover,reliable,Site_5,2026-07-02,present
131,Tamanna Grover,reliable,Site_5,2026-07-03,present
131,Tamanna Grover,reliable,Site_5,2026-07-04,present
131,Tamanna Grover,reliable,Site_8,2026-07-06,present
131,Tamanna Grover,reliable,Site_8,2026-07-07,present
131,Tamanna Grover,reliable,Site_5,2026-07-08,present
131,Tamanna Grover,reliable,Site_5,2026-07-09,present
131,Tamanna Grover,reliable,Site_8,2026-07-10,present
132,Yauvani Misra,reliable,Site_4,2026-02-06,present
132,Yauvani Misra,reliable,Site_8,2026-02-07,present
132,Yauvani Misra,reliable,Site_4,2026-02-09,present
132,Yauvani Misra,reliable,Site_4,2026-02-10,present
132,Yauvani Misra,reliable,Site_8,2026-02-11,present
132,Yauvani Misra,reliable,Site_8,2026-02-12,present
132,Yauvani Misra,reliable,Site_4,2026-02-13,present
132,Yauvani Misra,reliable,Site_9,2026-02-14,absent
132,Yauvani Misra,reliable,Site_9,2026-02-16,present
132,Yauvani Misra,reliable,Site_4,2026-02-17,present
132,Yauvani Misra,reliable,Site_4,2026-02-18,present
132,Yauvani Misra,reliable,Site_9,2026-02-19,present
132,Yauvani Misra,reliable,Site_9,2026-02-20,present
132,Yauvani Misra,reliable,Site_4,2026-02-21,present
132,Yauvani Misra,reliable,Site_8,2026-02-23,present
132,Yauvani Misra,reliable,Site_8,2026-02-24,present
132,Yauvani Misra,reliable,Site_1,2026-02-25,present
132,Yauvani Misra,reliable,Site_1,2026-02-26,present
132,Yauvani Misra,reliable,Site_4,2026-02-27,present
132,Yauvani Misra,reliable,Site_8,2026-02-28,present
132,Yauvani Misra,reliable,Site_1,2026-03-02,present
132,Yauvani Misra,reliable,Site_1,2026-03-03,present
132,Yauvani Misra,reliable,Site_9,2026-03-04,present
132,Yauvani Misra,reliable,Site_4,2026-03-05,present
132,Yauvani Misra,reliable,Site_9,2026-03-06,present
132,Yauvani Misra,reliable,Site_8,2026-03-07,present
132,Yauvani Misra,reliable,Site_8,2026-03-09,present
132,Yauvani Misra,reliable,Site_4,2026-03-10,present
132,Yauvani Misra,reliable,Site_4,2026-03-11,present
132,Yauvani Misra,reliable,Site_4,2026-03-12,present
132,Yauvani Misra,reliable,Site_4,2026-03-13,present
132,Yauvani Misra,reliable,Site_4,2026-03-14,present
132,Yauvani Misra,reliable,Site_1,2026-03-16,present
132,Yauvani Misra,reliable,Site_8,2026-03-17,present
132,Yauvani Misra,reliable,Site_1,2026-03-18,present
132,Yauvani Misra,reliable,Site_9,2026-03-19,present
132,Yauvani Misra,reliable,Site_8,2026-03-20,present
132,Yauvani Misra,reliable,Site_4,2026-03-21,present
132,Yauvani Misra,reliable,Site_9,2026-03-23,present
132,Yauvani Misra,reliable,Site_8,2026-03-24,present
132,Yauvani Misra,reliable,Site_8,2026-03-25,present
132,Yauvani Misra,reliable,Site_1,2026-03-26,present
132,Yauvani Misra,reliable,Site_1,2026-03-27,present
132,Yauvani Misra,reliable,Site_9,2026-03-28,present
132,Yauvani Misra,reliable,Site_9,2026-03-30,present
132,Yauvani Misra,reliable,Site_8,2026-03-31,present
132,Yauvani Misra,reliable,Site_9,2026-04-01,present
132,Yauvani Misra,reliable,Site_1,2026-04-02,present
132,Yauvani Misra,reliable,Site_1,2026-04-03,present
132,Yauvani Misra,reliable,Site_9,2026-04-04,present
132,Yauvani Misra,reliable,Site_1,2026-04-06,present
132,Yauvani Misra,reliable,Site_4,2026-04-07,present
132,Yauvani Misra,reliable,Site_8,2026-04-08,present
132,Yauvani Misra,reliable,Site_1,2026-04-09,present
132,Yauvani Misra,reliable,Site_8,2026-04-10,present
132,Yauvani Misra,reliable,Site_1,2026-04-11,present
132,Yauvani Misra,reliable,Site_4,2026-04-13,present
132,Yauvani Misra,reliable,Site_1,2026-04-14,present
132,Yauvani Misra,reliable,Site_4,2026-04-15,present
132,Yauvani Misra,reliable,Site_4,2026-04-16,present
132,Yauvani Misra,reliable,Site_9,2026-04-17,present
132,Yauvani Misra,reliable,Site_1,2026-04-18,present
132,Yauvani Misra,reliable,Site_8,2026-04-20,present
132,Yauvani Misra,reliable,Site_1,2026-04-21,present
132,Yauvani Misra,reliable,Site_8,2026-04-22,present
132,Yauvani Misra,reliable,Site_1,2026-04-23,present
132,Yauvani Misra,reliable,Site_4,2026-04-24,present
132,Yauvani Misra,reliable,Site_9,2026-04-25,present
132,Yauvani Misra,reliable,Site_4,2026-04-27,present
132,Yauvani Misra,reliable,Site_8,2026-04-28,present
132,Yauvani Misra,reliable,Site_9,2026-04-29,present
132,Yauvani Misra,reliable,Site_1,2026-04-30,present
132,Yauvani Misra,reliable,Site_8,2026-05-01,present
132,Yauvani Misra,reliable,Site_8,2026-05-02,present
132,Yauvani Misra,reliable,Site_4,2026-05-04,present
132,Yauvani Misra,reliable,Site_8,2026-05-05,present
132,Yauvani Misra,reliable,Site_1,2026-05-06,present
132,Yauvani Misra,reliable,Site_4,2026-05-07,present
132,Yauvani Misra,reliable,Site_1,2026-05-08,present
132,Yauvani Misra,reliable,Site_9,2026-05-09,present
132,Yauvani Misra,reliable,Site_8,2026-05-11,present
132,Yauvani Misra,reliable,Site_4,2026-05-12,present
132,Yauvani Misra,reliable,Site_4,2026-05-13,present
132,Yauvani Misra,reliable,Site_1,2026-05-14,present
132,Yauvani Misra,reliable,Site_4,2026-05-15,present
132,Yauvani Misra,reliable,Site_1,2026-05-16,present
132,Yauvani Misra,reliable,Site_4,2026-05-18,present
132,Yauvani Misra,reliable,Site_4,2026-05-19,present
132,Yauvani Misra,reliable,Site_1,2026-05-20,present
132,Yauvani Misra,reliable,Site_8,2026-05-21,present
132,Yauvani Misra,reliable,Site_9,2026-05-22,present
132,Yauvani Misra,reliable,Site_4,2026-05-23,present
132,Yauvani Misra,reliable,Site_4,2026-05-25,present
132,Yauvani Misra,reliable,Site_4,2026-05-26,present
132,Yauvani Misra,reliable,Site_9,2026-05-27,present
132,Yauvani Misra,reliable,Site_8,2026-05-28,present
132,Yauvani Misra,reliable,Site_4,2026-05-29,present
132,Yauvani Misra,reliable,Site_9,2026-05-30,present
132,Yauvani Misra,reliable,Site_9,2026-06-01,present
132,Yauvani Misra,reliable,Site_1,2026-06-02,present
132,Yauvani Misra,reliable,Site_1,2026-06-03,present
132,Yauvani Misra,reliable,Site_1,2026-06-04,present
132,Yauvani Misra,reliable,Site_9,2026-06-05,present
132,Yauvani Misra,reliable,Site_9,2026-06-06,present
132,Yauvani Misra,reliable,Site_1,2026-06-08,present
132,Yauvani Misra,reliable,Site_4,2026-06-09,present
132,Yauvani Misra,reliable,Site_4,2026-06-10,present
132,Yauvani Misra,reliable,Site_4,2026-06-11,absent
132,Yauvani Misra,reliable,Site_1,2026-06-12,present
132,Yauvani Misra,reliable,Site_4,2026-06-13,absent
132,Yauvani Misra,reliable,Site_1,2026-06-15,present
132,Yauvani Misra,reliable,Site_4,2026-06-16,present
132,Yauvani Misra,reliable,Site_4,2026-06-17,present
132,Yauvani Misra,reliable,Site_9,2026-06-18,present
132,Yauvani Misra,reliable,Site_8,2026-06-19,present
132,Yauvani Misra,reliable,Site_9,2026-06-20,present
132,Yauvani Misra,reliable,Site_9,2026-06-22,present
132,Yauvani Misra,reliable,Site_4,2026-06-23,present
132,Yauvani Misra,reliable,Site_9,2026-06-24,present
132,Yauvani Misra,reliable,Site_9,2026-06-25,present
132,Yauvani Misra,reliable,Site_4,2026-06-26,present
132,Yauvani Misra,reliable,Site_4,2026-06-27,present
132,Yauvani Misra,reliable,Site_4,2026-06-29,present
132,Yauvani Misra,reliable,Site_8,2026-06-30,present
132,Yauvani Misra,reliable,Site_4,2026-07-01,present
132,Yauvani Misra,reliable,Site_9,2026-07-02,present
132,Yauvani Misra,reliable,Site_1,2026-07-03,present
132,Yauvani Misra,reliable,Site_9,2026-07-04,present
132,Yauvani Misra,reliable,Site_1,2026-07-06,present
132,Yauvani Misra,reliable,Site_9,2026-07-07,present
132,Yauvani Misra,reliable,Site_4,2026-07-08,present
132,Yauvani Misra,reliable,Site_1,2026-07-09,present
132,Yauvani Misra,reliable,Site_4,2026-07-10,present
133,Bhavani Lall,moderate,Site_4,2026-05-12,present
133,Bhavani Lall,moderate,Site_6,2026-05-13,present
133,Bhavani Lall,moderate,Site_6,2026-05-14,present
133,Bhavani Lall,moderate,Site_4,2026-05-15,present
133,Bhavani Lall,moderate,Site_4,2026-05-16,present
133,Bhavani Lall,moderate,Site_4,2026-05-18,present
133,Bhavani Lall,moderate,Site_6,2026-05-19,present
133,Bhavani Lall,moderate,Site_4,2026-05-20,present
133,Bhavani Lall,moderate,Site_6,2026-05-21,present
133,Bhavani Lall,moderate,Site_4,2026-05-22,absent
133,Bhavani Lall,moderate,Site_4,2026-05-23,present
133,Bhavani Lall,moderate,Site_4,2026-05-25,present
133,Bhavani Lall,moderate,Site_4,2026-05-26,present
133,Bhavani Lall,moderate,Site_4,2026-05-27,present
133,Bhavani Lall,moderate,Site_6,2026-05-28,absent
133,Bhavani Lall,moderate,Site_6,2026-05-29,absent
133,Bhavani Lall,moderate,Site_4,2026-05-30,present
133,Bhavani Lall,moderate,Site_4,2026-06-01,absent
133,Bhavani Lall,moderate,Site_4,2026-06-02,present
133,Bhavani Lall,moderate,Site_4,2026-06-03,absent
133,Bhavani Lall,moderate,Site_6,2026-06-04,present
133,Bhavani Lall,moderate,Site_6,2026-06-05,present
133,Bhavani Lall,moderate,Site_6,2026-06-06,absent
133,Bhavani Lall,moderate,Site_4,2026-06-08,present
133,Bhavani Lall,moderate,Site_4,2026-06-09,present
133,Bhavani Lall,moderate,Site_6,2026-06-10,absent
133,Bhavani Lall,moderate,Site_4,2026-06-11,absent
133,Bhavani Lall,moderate,Site_4,2026-06-12,present
133,Bhavani Lall,moderate,Site_4,2026-06-13,present
133,Bhavani Lall,moderate,Site_4,2026-06-15,absent
133,Bhavani Lall,moderate,Site_6,2026-06-16,present
133,Bhavani Lall,moderate,Site_6,2026-06-17,present
133,Bhavani Lall,moderate,Site_4,2026-06-18,present
133,Bhavani Lall,moderate,Site_4,2026-06-19,present
133,Bhavani Lall,moderate,Site_6,2026-06-20,absent
133,Bhavani Lall,moderate,Site_4,2026-06-22,present
133,Bhavani Lall,moderate,Site_4,2026-06-23,absent
133,Bhavani Lall,moderate,Site_4,2026-06-24,present
133,Bhavani Lall,moderate,Site_4,2026-06-25,present
133,Bhavani Lall,moderate,Site_4,2026-06-26,absent
133,Bhavani Lall,moderate,Site_6,2026-06-27,absent
133,Bhavani Lall,moderate,Site_4,2026-06-29,present
133,Bhavani Lall,moderate,Site_6,2026-06-30,present
133,Bhavani Lall,moderate,Site_6,2026-07-01,present
133,Bhavani Lall,moderate,Site_4,2026-07-02,present
133,Bhavani Lall,moderate,Site_6,2026-07-03,absent
133,Bhavani Lall,moderate,Site_6,2026-07-04,present
133,Bhavani Lall,moderate,Site_6,2026-07-06,absent
133,Bhavani Lall,moderate,Site_4,2026-07-07,absent
133,Bhavani Lall,moderate,Site_4,2026-07-08,present
133,Bhavani Lall,moderate,Site_6,2026-07-09,absent
133,Bhavani Lall,moderate,Site_4,2026-07-10,present
134,Abeer Din,unreliable,Site_10,2026-06-08,present
134,Abeer Din,unreliable,Site_10,2026-06-09,present
134,Abeer Din,unreliable,Site_10,2026-06-10,absent
134,Abeer Din,unreliable,Site_10,2026-06-11,present
134,Abeer Din,unreliable,Site_10,2026-06-12,present
134,Abeer Din,unreliable,Site_10,2026-06-13,absent
134,Abeer Din,unreliable,Site_10,2026-06-15,present
134,Abeer Din,unreliable,Site_10,2026-06-16,present
134,Abeer Din,unreliable,Site_10,2026-06-17,present
134,Abeer Din,unreliable,Site_10,2026-06-18,absent
134,Abeer Din,unreliable,Site_10,2026-06-19,present
134,Abeer Din,unreliable,Site_10,2026-06-20,absent
134,Abeer Din,unreliable,Site_10,2026-06-22,absent
134,Abeer Din,unreliable,Site_10,2026-06-23,present
134,Abeer Din,unreliable,Site_10,2026-06-24,absent
134,Abeer Din,unreliable,Site_10,2026-06-25,absent
134,Abeer Din,unreliable,Site_10,2026-06-26,present
134,Abeer Din,unreliable,Site_10,2026-06-27,present
134,Abeer Din,unreliable,Site_10,2026-06-29,present
134,Abeer Din,unreliable,Site_10,2026-06-30,present
134,Abeer Din,unreliable,Site_10,2026-07-01,absent
134,Abeer Din,unreliable,Site_10,2026-07-02,absent
134,Abeer Din,unreliable,Site_10,2026-07-03,present
134,Abeer Din,unreliable,Site_10,2026-07-04,absent
134,Abeer Din,unreliable,Site_10,2026-07-06,absent
134,Abeer Din,unreliable,Site_10,2026-07-07,absent
134,Abeer Din,unreliable,Site_10,2026-07-08,present
134,Abeer Din,unreliable,Site_10,2026-07-09,absent
134,Abeer Din,unreliable,Site_10,2026-07-10,absent
135,Hemang Keer,moderate,Site_10,2026-04-08,present
135,Hemang Keer,moderate,Site_10,2026-04-09,present
135,Hemang Keer,moderate,Site_10,2026-04-10,present
135,Hemang Keer,moderate,Site_10,2026-04-11,present
135,Hemang Keer,moderate,Site_10,2026-04-13,present
135,Hemang Keer,moderate,Site_10,2026-04-14,present
135,Hemang Keer,moderate,Site_10,2026-04-15,absent
135,Hemang Keer,moderate,Site_10,2026-04-16,present
135,Hemang Keer,moderate,Site_10,2026-04-17,present
135,Hemang Keer,moderate,Site_10,2026-04-18,absent
135,Hemang Keer,moderate,Site_10,2026-04-20,present
135,Hemang Keer,moderate,Site_10,2026-04-21,present
135,Hemang Keer,moderate,Site_10,2026-04-22,present
135,Hemang Keer,moderate,Site_10,2026-04-23,present
135,Hemang Keer,moderate,Site_10,2026-04-24,present
135,Hemang Keer,moderate,Site_10,2026-04-25,present
135,Hemang Keer,moderate,Site_10,2026-04-27,present
135,Hemang Keer,moderate,Site_10,2026-04-28,present
135,Hemang Keer,moderate,Site_10,2026-04-29,present
135,Hemang Keer,moderate,Site_10,2026-04-30,present
135,Hemang Keer,moderate,Site_10,2026-05-01,present
135,Hemang Keer,moderate,Site_10,2026-05-02,present
135,Hemang Keer,moderate,Site_10,2026-05-04,absent
135,Hemang Keer,moderate,Site_10,2026-05-05,present
135,Hemang Keer,moderate,Site_10,2026-05-06,present
135,Hemang Keer,moderate,Site_10,2026-05-07,absent
135,Hemang Keer,moderate,Site_10,2026-05-08,present
135,Hemang Keer,moderate,Site_10,2026-05-09,absent
135,Hemang Keer,moderate,Site_10,2026-05-11,present
135,Hemang Keer,moderate,Site_10,2026-05-12,present
135,Hemang Keer,moderate,Site_10,2026-05-13,present
135,Hemang Keer,moderate,Site_10,2026-05-14,present
135,Hemang Keer,moderate,Site_10,2026-05-15,present
135,Hemang Keer,moderate,Site_10,2026-05-16,present
135,Hemang Keer,moderate,Site_10,2026-05-18,present
135,Hemang Keer,moderate,Site_10,2026-05-19,absent
135,Hemang Keer,moderate,Site_10,2026-05-20,present
135,Hemang Keer,moderate,Site_10,2026-05-21,present
135,Hemang Keer,moderate,Site_10,2026-05-22,present
135,Hemang Keer,moderate,Site_10,2026-05-23,present
135,Hemang Keer,moderate,Site_10,2026-05-25,present
135,Hemang Keer,moderate,Site_10,2026-05-26,present
135,Hemang Keer,moderate,Site_10,2026-05-27,absent
135,Hemang Keer,moderate,Site_10,2026-05-28,present
135,Hemang Keer,moderate,Site_10,2026-05-29,present
135,Hemang Keer,moderate,Site_10,2026-05-30,present
135,Hemang Keer,moderate,Site_10,2026-06-01,absent
135,Hemang Keer,moderate,Site_10,2026-06-02,present
135,Hemang Keer,moderate,Site_10,2026-06-03,present
135,Hemang Keer,moderate,Site_10,2026-06-04,present
135,Hemang Keer,moderate,Site_10,2026-06-05,present
135,Hemang Keer,moderate,Site_10,2026-06-06,present
135,Hemang Keer,moderate,Site_10,2026-06-08,present
135,Hemang Keer,moderate,Site_10,2026-06-09,present
135,Hemang Keer,moderate,Site_10,2026-06-10,present
135,Hemang Keer,moderate,Site_10,2026-06-11,absent
135,Hemang Keer,moderate,Site_10,2026-06-12,present
135,Hemang Keer,moderate,Site_10,2026-06-13,present
135,Hemang Keer,moderate,Site_10,2026-06-15,present
135,Hemang Keer,moderate,Site_10,2026-06-16,present
135,Hemang Keer,moderate,Site_10,2026-06-17,present
135,Hemang Keer,moderate,Site_10,2026-06-18,present
135,Hemang Keer,moderate,Site_10,2026-06-19,present
135,Hemang Keer,moderate,Site_10,2026-06-20,present
135,Hemang Keer,moderate,Site_10,2026-06-22,present
135,Hemang Keer,moderate,Site_10,2026-06-23,absent
135,Hemang Keer,moderate,Site_10,2026-06-24,absent
135,Hemang Keer,moderate,Site_10,2026-06-25,present
135,Hemang Keer,moderate,Site_10,2026-06-26,present
135,Hemang Keer,moderate,Site_10,2026-06-27,present
135,Hemang Keer,moderate,Site_10,2026-06-29,present
135,Hemang Keer,moderate,Site_10,2026-06-30,present
135,Hemang Keer,moderate,Site_10,2026-07-01,present
135,Hemang Keer,moderate,Site_10,2026-07-02,present
135,Hemang Keer,moderate,Site_10,2026-07-03,absent
135,Hemang Keer,moderate,Site_10,2026-07-04,absent
135,Hemang Keer,moderate,Site_10,2026-07-06,absent
135,Hemang Keer,moderate,Site_10,2026-07-07,present
135,Hemang Keer,moderate,Site_10,2026-07-08,absent
135,Hemang Keer,moderate,Site_10,2026-07-09,present
135,Hemang Keer,moderate,Site_10,2026-07-10,present
136,Gopal Dhar,new,Site_9,2026-06-30,absent
136,Gopal Dhar,new,Site_9,2026-07-01,absent
136,Gopal Dhar,new,Site_9,2026-07-02,absent
136,Gopal Dhar,new,Site_9,2026-07-03,absent
136,Gopal Dhar,new,Site_9,2026-07-04,present
136,Gopal Dhar,new,Site_9,2026-07-06,present
136,Gopal Dhar,new,Site_9,2026-07-07,present
136,Gopal Dhar,new,Site_9,2026-07-08,present
136,Gopal Dhar,new,Site_9,2026-07-09,present
136,Gopal Dhar,new,Site_9,2026-07-10,present
137,Tanvi Dar,unreliable,Site_2,2026-06-08,absent
137,Tanvi Dar,unreliable,Site_2,2026-06-09,present
137,Tanvi Dar,unreliable,Site_2,2026-06-10,present
137,Tanvi Dar,unreliable,Site_2,2026-06-11,present
137,Tanvi Dar,unreliable,Site_2,2026-06-12,present
137,Tanvi Dar,unreliable,Site_2,2026-06-13,absent
137,Tanvi Dar,unreliable,Site_2,2026-06-15,present
137,Tanvi Dar,unreliable,Site_2,2026-06-16,present
137,Tanvi Dar,unreliable,Site_2,2026-06-17,present
137,Tanvi Dar,unreliable,Site_2,2026-06-18,absent
137,Tanvi Dar,unreliable,Site_2,2026-06-19,present
137,Tanvi Dar,unreliable,Site_2,2026-06-20,absent
137,Tanvi Dar,unreliable,Site_2,2026-06-22,absent
137,Tanvi Dar,unreliable,Site_2,2026-06-23,present
137,Tanvi Dar,unreliable,Site_2,2026-06-24,absent
137,Tanvi Dar,unreliable,Site_2,2026-06-25,absent
137,Tanvi Dar,unreliable,Site_2,2026-06-26,present
137,Tanvi Dar,unreliable,Site_2,2026-06-27,present
137,Tanvi Dar,unreliable,Site_2,2026-06-29,present
137,Tanvi Dar,unreliable,Site_2,2026-06-30,absent
137,Tanvi Dar,unreliable,Site_2,2026-07-01,absent
137,Tanvi Dar,unreliable,Site_2,2026-07-02,absent
137,Tanvi Dar,unreliable,Site_2,2026-07-03,present
137,Tanvi Dar,unreliable,Site_2,2026-07-04,present
137,Tanvi Dar,unreliable,Site_2,2026-07-06,absent
137,Tanvi Dar,unreliable,Site_2,2026-07-07,absent
137,Tanvi Dar,unreliable,Site_2,2026-07-08,present
137,Tanvi Dar,unreliable,Site_2,2026-07-09,absent
137,Tanvi Dar,unreliable,Site_2,2026-07-10,present
138,Lila Mandal,moderate,Site_8,2026-05-02,present
138,Lila Mandal,moderate,Site_8,2026-05-04,present
138,Lila Mandal,moderate,Site_2,2026-05-05,present
138,Lila Mandal,moderate,Site_8,2026-05-06,absent
138,Lila Mandal,moderate,Site_8,2026-05-07,present
138,Lila Mandal,moderate,Site_2,2026-05-08,present
138,Lila Mandal,moderate,Site_2,2026-05-09,present
138,Lila Mandal,moderate,Site_8,2026-05-11,absent
138,Lila Mandal,moderate,Site_2,2026-05-12,present
138,Lila Mandal,moderate,Site_2,2026-05-13,absent
138,Lila Mandal,moderate,Site_2,2026-05-14,present
138,Lila Mandal,moderate,Site_2,2026-05-15,present
138,Lila Mandal,moderate,Site_8,2026-05-16,present
138,Lila Mandal,moderate,Site_2,2026-05-18,present
138,Lila Mandal,moderate,Site_2,2026-05-19,present
138,Lila Mandal,moderate,Site_8,2026-05-20,present
138,Lila Mandal,moderate,Site_8,2026-05-21,present
138,Lila Mandal,moderate,Site_8,2026-05-22,absent
138,Lila Mandal,moderate,Site_8,2026-05-23,absent
138,Lila Mandal,moderate,Site_2,2026-05-25,present
138,Lila Mandal,moderate,Site_8,2026-05-26,present
138,Lila Mandal,moderate,Site_2,2026-05-27,absent
138,Lila Mandal,moderate,Site_8,2026-05-28,present
138,Lila Mandal,moderate,Site_2,2026-05-29,present
138,Lila Mandal,moderate,Site_2,2026-05-30,present
138,Lila Mandal,moderate,Site_8,2026-06-01,present
138,Lila Mandal,moderate,Site_2,2026-06-02,present
138,Lila Mandal,moderate,Site_2,2026-06-03,present
138,Lila Mandal,moderate,Site_2,2026-06-04,present
138,Lila Mandal,moderate,Site_8,2026-06-05,absent
138,Lila Mandal,moderate,Site_8,2026-06-06,present
138,Lila Mandal,moderate,Site_2,2026-06-08,absent
138,Lila Mandal,moderate,Site_8,2026-06-09,present
138,Lila Mandal,moderate,Site_2,2026-06-10,absent
138,Lila Mandal,moderate,Site_2,2026-06-11,absent
138,Lila Mandal,moderate,Site_2,2026-06-12,present
138,Lila Mandal,moderate,Site_2,2026-06-13,present
138,Lila Mandal,moderate,Site_8,2026-06-15,present
138,Lila Mandal,moderate,Site_2,2026-06-16,absent
138,Lila Mandal,moderate,Site_8,2026-06-17,present
138,Lila Mandal,moderate,Site_8,2026-06-18,present
138,Lila Mandal,moderate,Site_8,2026-06-19,present
138,Lila Mandal,moderate,Site_8,2026-06-20,present
138,Lila Mandal,moderate,Site_2,2026-06-22,present
138,Lila Mandal,moderate,Site_8,2026-06-23,absent
138,Lila Mandal,moderate,Site_8,2026-06-24,absent
138,Lila Mandal,moderate,Site_2,2026-06-25,present
138,Lila Mandal,moderate,Site_2,2026-06-26,present
138,Lila Mandal,moderate,Site_2,2026-06-27,absent
138,Lila Mandal,moderate,Site_2,2026-06-29,present
138,Lila Mandal,moderate,Site_8,2026-06-30,present
138,Lila Mandal,moderate,Site_2,2026-07-01,present
138,Lila Mandal,moderate,Site_2,2026-07-02,absent
138,Lila Mandal,moderate,Site_2,2026-07-03,absent
138,Lila Mandal,moderate,Site_8,2026-07-04,absent
138,Lila Mandal,moderate,Site_8,2026-07-06,present
138,Lila Mandal,moderate,Site_2,2026-07-07,present
138,Lila Mandal,moderate,Site_2,2026-07-08,present
138,Lila Mandal,moderate,Site_2,2026-07-09,absent
138,Lila Mandal,moderate,Site_8,2026-07-10,present
139,Kevin Tata,new,Site_9,2026-07-03,absent
139,Kevin Tata,new,Site_9,2026-07-04,present
139,Kevin Tata,new,Site_9,2026-07-06,present
139,Kevin Tata,new,Site_9,2026-07-07,absent
139,Kevin Tata,new,Site_9,2026-07-08,present
139,Kevin Tata,new,Site_9,2026-07-09,absent
139,Kevin Tata,new,Site_9,2026-07-10,present
140,Om Sangha,moderate,Site_5,2026-03-30,present
140,Om Sangha,moderate,Site_5,2026-03-31,absent
140,Om Sangha,moderate,Site_5,2026-04-01,present
140,Om Sangha,moderate,Site_5,2026-04-02,present
140,Om Sangha,moderate,Site_5,2026-04-03,present
140,Om Sangha,moderate,Site_5,2026-04-04,present
140,Om Sangha,moderate,Site_5,2026-04-06,absent
140,Om Sangha,moderate,Site_5,2026-04-07,absent
140,Om Sangha,moderate,Site_5,2026-04-08,absent
140,Om Sangha,moderate,Site_5,2026-04-09,present
140,Om Sangha,moderate,Site_5,2026-04-10,absent
140,Om Sangha,moderate,Site_1,2026-04-11,present
140,Om Sangha,moderate,Site_5,2026-04-13,present
140,Om Sangha,moderate,Site_1,2026-04-14,absent
140,Om Sangha,moderate,Site_1,2026-04-15,present
140,Om Sangha,moderate,Site_1,2026-04-16,absent
140,Om Sangha,moderate,Site_1,2026-04-17,present
140,Om Sangha,moderate,Site_1,2026-04-18,present
140,Om Sangha,moderate,Site_5,2026-04-20,present
140,Om Sangha,moderate,Site_5,2026-04-21,present
140,Om Sangha,moderate,Site_5,2026-04-22,present
140,Om Sangha,moderate,Site_1,2026-04-23,present
140,Om Sangha,moderate,Site_5,2026-04-24,present
140,Om Sangha,moderate,Site_1,2026-04-25,present
140,Om Sangha,moderate,Site_1,2026-04-27,present
140,Om Sangha,moderate,Site_5,2026-04-28,present
140,Om Sangha,moderate,Site_1,2026-04-29,present
140,Om Sangha,moderate,Site_5,2026-04-30,present
140,Om Sangha,moderate,Site_5,2026-05-01,present
140,Om Sangha,moderate,Site_1,2026-05-02,present
140,Om Sangha,moderate,Site_5,2026-05-04,absent
140,Om Sangha,moderate,Site_1,2026-05-05,present
140,Om Sangha,moderate,Site_1,2026-05-06,present
140,Om Sangha,moderate,Site_1,2026-05-07,present
140,Om Sangha,moderate,Site_5,2026-05-08,present
140,Om Sangha,moderate,Site_5,2026-05-09,absent
140,Om Sangha,moderate,Site_1,2026-05-11,absent
140,Om Sangha,moderate,Site_5,2026-05-12,absent
140,Om Sangha,moderate,Site_5,2026-05-13,present
140,Om Sangha,moderate,Site_5,2026-05-14,present
140,Om Sangha,moderate,Site_1,2026-05-15,present
140,Om Sangha,moderate,Site_1,2026-05-16,present
140,Om Sangha,moderate,Site_1,2026-05-18,present
140,Om Sangha,moderate,Site_1,2026-05-19,present
140,Om Sangha,moderate,Site_5,2026-05-20,present
140,Om Sangha,moderate,Site_1,2026-05-21,absent
140,Om Sangha,moderate,Site_5,2026-05-22,absent
140,Om Sangha,moderate,Site_5,2026-05-23,absent
140,Om Sangha,moderate,Site_5,2026-05-25,absent
140,Om Sangha,moderate,Site_1,2026-05-26,present
140,Om Sangha,moderate,Site_5,2026-05-27,absent
140,Om Sangha,moderate,Site_5,2026-05-28,present
140,Om Sangha,moderate,Site_1,2026-05-29,absent
140,Om Sangha,moderate,Site_5,2026-05-30,present
140,Om Sangha,moderate,Site_5,2026-06-01,present
140,Om Sangha,moderate,Site_5,2026-06-02,present
140,Om Sangha,moderate,Site_1,2026-06-03,present
140,Om Sangha,moderate,Site_5,2026-06-04,absent
140,Om Sangha,moderate,Site_1,2026-06-05,absent
140,Om Sangha,moderate,Site_1,2026-06-06,present
140,Om Sangha,moderate,Site_1,2026-06-08,absent
140,Om Sangha,moderate,Site_1,2026-06-09,present
140,Om Sangha,moderate,Site_1,2026-06-10,present
140,Om Sangha,moderate,Site_5,2026-06-11,present
140,Om Sangha,moderate,Site_1,2026-06-12,absent
140,Om Sangha,moderate,Site_1,2026-06-13,absent
140,Om Sangha,moderate,Site_5,2026-06-15,present
140,Om Sangha,moderate,Site_1,2026-06-16,absent
140,Om Sangha,moderate,Site_5,2026-06-17,present
140,Om Sangha,moderate,Site_1,2026-06-18,present
140,Om Sangha,moderate,Site_5,2026-06-19,present
140,Om Sangha,moderate,Site_1,2026-06-20,present
140,Om Sangha,moderate,Site_1,2026-06-22,absent
140,Om Sangha,moderate,Site_1,2026-06-23,absent
140,Om Sangha,moderate,Site_1,2026-06-24,present
140,Om Sangha,moderate,Site_5,2026-06-25,absent
140,Om Sangha,moderate,Site_1,2026-06-26,present
140,Om Sangha,moderate,Site_5,2026-06-27,present
140,Om Sangha,moderate,Site_5,2026-06-29,absent
140,Om Sangha,moderate,Site_5,2026-06-30,present
140,Om Sangha,moderate,Site_1,2026-07-01,present
140,Om Sangha,moderate,Site_5,2026-07-02,present
140,Om Sangha,moderate,Site_5,2026-07-03,present
140,Om Sangha,moderate,Site_1,2026-07-04,present
140,Om Sangha,moderate,Site_5,2026-07-06,absent
140,Om Sangha,moderate,Site_5,2026-07-07,present
140,Om Sangha,moderate,Site_1,2026-07-08,present
140,Om Sangha,moderate,Site_1,2026-07-09,absent
140,Om Sangha,moderate,Site_1,2026-07-10,absent
141,Sanaya Balan,moderate,Site_1,2026-04-16,present
141,Sanaya Balan,moderate,Site_1,2026-04-17,absent
141,Sanaya Balan,moderate,Site_9,2026-04-18,present
141,Sanaya Balan,moderate,Site_9,2026-04-20,present
141,Sanaya Balan,moderate,Site_1,2026-04-21,present
141,Sanaya Balan,moderate,Site_9,2026-04-22,absent
141,Sanaya Balan,moderate,Site_9,2026-04-23,absent
141,Sanaya Balan,moderate,Site_9,2026-04-24,present
141,Sanaya Balan,moderate,Site_9,2026-04-25,absent
141,Sanaya Balan,moderate,Site_9,2026-04-27,present
141,Sanaya Balan,moderate,Site_9,2026-04-28,absent
141,Sanaya Balan,moderate,Site_1,2026-04-29,present
141,Sanaya Balan,moderate,Site_9,2026-04-30,present
141,Sanaya Balan,moderate,Site_9,2026-05-01,present
141,Sanaya Balan,moderate,Site_9,2026-05-02,present
141,Sanaya Balan,moderate,Site_1,2026-05-04,present
141,Sanaya Balan,moderate,Site_9,2026-05-05,present
141,Sanaya Balan,moderate,Site_1,2026-05-06,present
141,Sanaya Balan,moderate,Site_1,2026-05-07,present
141,Sanaya Balan,moderate,Site_1,2026-05-08,absent
141,Sanaya Balan,moderate,Site_9,2026-05-09,present
141,Sanaya Balan,moderate,Site_9,2026-05-11,present
141,Sanaya Balan,moderate,Site_1,2026-05-12,present
141,Sanaya Balan,moderate,Site_9,2026-05-13,absent
141,Sanaya Balan,moderate,Site_1,2026-05-14,present
141,Sanaya Balan,moderate,Site_9,2026-05-15,present
141,Sanaya Balan,moderate,Site_9,2026-05-16,present
141,Sanaya Balan,moderate,Site_9,2026-05-18,present
141,Sanaya Balan,moderate,Site_1,2026-05-19,present
141,Sanaya Balan,moderate,Site_9,2026-05-20,absent
141,Sanaya Balan,moderate,Site_1,2026-05-21,absent
141,Sanaya Balan,moderate,Site_9,2026-05-22,present
141,Sanaya Balan,moderate,Site_9,2026-05-23,present
141,Sanaya Balan,moderate,Site_9,2026-05-25,absent
141,Sanaya Balan,moderate,Site_1,2026-05-26,present
141,Sanaya Balan,moderate,Site_9,2026-05-27,present
141,Sanaya Balan,moderate,Site_1,2026-05-28,absent
141,Sanaya Balan,moderate,Site_1,2026-05-29,present
141,Sanaya Balan,moderate,Site_9,2026-05-30,present
141,Sanaya Balan,moderate,Site_1,2026-06-01,present
141,Sanaya Balan,moderate,Site_9,2026-06-02,present
141,Sanaya Balan,moderate,Site_1,2026-06-03,present
141,Sanaya Balan,moderate,Site_1,2026-06-04,absent
141,Sanaya Balan,moderate,Site_9,2026-06-05,absent
141,Sanaya Balan,moderate,Site_1,2026-06-06,present
141,Sanaya Balan,moderate,Site_9,2026-06-08,absent
141,Sanaya Balan,moderate,Site_1,2026-06-09,present
141,Sanaya Balan,moderate,Site_9,2026-06-10,present
141,Sanaya Balan,moderate,Site_9,2026-06-11,present
141,Sanaya Balan,moderate,Site_1,2026-06-12,absent
141,Sanaya Balan,moderate,Site_9,2026-06-13,present
141,Sanaya Balan,moderate,Site_1,2026-06-15,present
141,Sanaya Balan,moderate,Site_1,2026-06-16,present
141,Sanaya Balan,moderate,Site_9,2026-06-17,absent
141,Sanaya Balan,moderate,Site_1,2026-06-18,present
141,Sanaya Balan,moderate,Site_1,2026-06-19,present
141,Sanaya Balan,moderate,Site_1,2026-06-20,present
141,Sanaya Balan,moderate,Site_1,2026-06-22,present
141,Sanaya Balan,moderate,Site_1,2026-06-23,present
141,Sanaya Balan,moderate,Site_1,2026-06-24,present
141,Sanaya Balan,moderate,Site_1,2026-06-25,present
141,Sanaya Balan,moderate,Site_9,2026-06-26,present
141,Sanaya Balan,moderate,Site_1,2026-06-27,present
141,Sanaya Balan,moderate,Site_1,2026-06-29,absent
141,Sanaya Balan,moderate,Site_9,2026-06-30,present
141,Sanaya Balan,moderate,Site_1,2026-07-01,absent
141,Sanaya Balan,moderate,Site_9,2026-07-02,absent
141,Sanaya Balan,moderate,Site_1,2026-07-03,present
141,Sanaya Balan,moderate,Site_9,2026-07-04,absent
141,Sanaya Balan,moderate,Site_1,2026-07-06,present
141,Sanaya Balan,moderate,Site_1,2026-07-07,absent
141,Sanaya Balan,moderate,Site_9,2026-07-08,present
141,Sanaya Balan,moderate,Site_9,2026-07-09,absent
141,Sanaya Balan,moderate,Site_1,2026-07-10,present
142,Netra Banik,moderate,Site_2,2026-03-24,present
142,Netra Banik,moderate,Site_2,2026-03-25,present
142,Netra Banik,moderate,Site_5,2026-03-26,absent
142,Netra Banik,moderate,Site_5,2026-03-27,present
142,Netra Banik,moderate,Site_5,2026-03-28,absent
142,Netra Banik,moderate,Site_2,2026-03-30,present
142,Netra Banik,moderate,Site_2,2026-03-31,present
142,Netra Banik,moderate,Site_5,2026-04-01,present
142,Netra Banik,moderate,Site_2,2026-04-02,present
142,Netra Banik,moderate,Site_2,2026-04-03,present
142,Netra Banik,moderate,Site_2,2026-04-04,absent
142,Netra Banik,moderate,Site_2,2026-04-06,present
142,Netra Banik,moderate,Site_5,2026-04-07,present
142,Netra Banik,moderate,Site_5,2026-04-08,present
142,Netra Banik,moderate,Site_2,2026-04-09,present
142,Netra Banik,moderate,Site_2,2026-04-10,absent
142,Netra Banik,moderate,Site_2,2026-04-11,present
142,Netra Banik,moderate,Site_2,2026-04-13,present
142,Netra Banik,moderate,Site_2,2026-04-14,present
142,Netra Banik,moderate,Site_2,2026-04-15,absent
142,Netra Banik,moderate,Site_5,2026-04-16,present
142,Netra Banik,moderate,Site_5,2026-04-17,present
142,Netra Banik,moderate,Site_2,2026-04-18,present
142,Netra Banik,moderate,Site_5,2026-04-20,absent
142,Netra Banik,moderate,Site_5,2026-04-21,present
142,Netra Banik,moderate,Site_5,2026-04-22,present
142,Netra Banik,moderate,Site_5,2026-04-23,absent
142,Netra Banik,moderate,Site_5,2026-04-24,present
142,Netra Banik,moderate,Site_5,2026-04-25,present
142,Netra Banik,moderate,Site_5,2026-04-27,present
142,Netra Banik,moderate,Site_5,2026-04-28,present
142,Netra Banik,moderate,Site_2,2026-04-29,present
142,Netra Banik,moderate,Site_5,2026-04-30,absent
142,Netra Banik,moderate,Site_5,2026-05-01,absent
142,Netra Banik,moderate,Site_2,2026-05-02,absent
142,Netra Banik,moderate,Site_5,2026-05-04,present
142,Netra Banik,moderate,Site_2,2026-05-05,absent
142,Netra Banik,moderate,Site_5,2026-05-06,present
142,Netra Banik,moderate,Site_5,2026-05-07,present
142,Netra Banik,moderate,Site_2,2026-05-08,present
142,Netra Banik,moderate,Site_2,2026-05-09,present
142,Netra Banik,moderate,Site_2,2026-05-11,present
142,Netra Banik,moderate,Site_2,2026-05-12,present
142,Netra Banik,moderate,Site_5,2026-05-13,present
142,Netra Banik,moderate,Site_5,2026-05-14,present
142,Netra Banik,moderate,Site_5,2026-05-15,present
142,Netra Banik,moderate,Site_5,2026-05-16,present
142,Netra Banik,moderate,Site_5,2026-05-18,present
142,Netra Banik,moderate,Site_2,2026-05-19,present
142,Netra Banik,moderate,Site_2,2026-05-20,absent
142,Netra Banik,moderate,Site_5,2026-05-21,present
142,Netra Banik,moderate,Site_2,2026-05-22,present
142,Netra Banik,moderate,Site_2,2026-05-23,present
142,Netra Banik,moderate,Site_5,2026-05-25,present
142,Netra Banik,moderate,Site_2,2026-05-26,present
142,Netra Banik,moderate,Site_5,2026-05-27,present
142,Netra Banik,moderate,Site_5,2026-05-28,absent
142,Netra Banik,moderate,Site_2,2026-05-29,present
142,Netra Banik,moderate,Site_5,2026-05-30,present
142,Netra Banik,moderate,Site_2,2026-06-01,present
142,Netra Banik,moderate,Site_2,2026-06-02,present
142,Netra Banik,moderate,Site_2,2026-06-03,present
142,Netra Banik,moderate,Site_2,2026-06-04,present
142,Netra Banik,moderate,Site_5,2026-06-05,absent
142,Netra Banik,moderate,Site_2,2026-06-06,present
142,Netra Banik,moderate,Site_5,2026-06-08,present
142,Netra Banik,moderate,Site_2,2026-06-09,present
142,Netra Banik,moderate,Site_5,2026-06-10,present
142,Netra Banik,moderate,Site_2,2026-06-11,present
142,Netra Banik,moderate,Site_2,2026-06-12,present
142,Netra Banik,moderate,Site_5,2026-06-13,absent
142,Netra Banik,moderate,Site_2,2026-06-15,present
142,Netra Banik,moderate,Site_5,2026-06-16,present
142,Netra Banik,moderate,Site_5,2026-06-17,present
142,Netra Banik,moderate,Site_2,2026-06-18,present
142,Netra Banik,moderate,Site_2,2026-06-19,present
142,Netra Banik,moderate,Site_5,2026-06-20,present
142,Netra Banik,moderate,Site_5,2026-06-22,absent
142,Netra Banik,moderate,Site_5,2026-06-23,present
142,Netra Banik,moderate,Site_2,2026-06-24,present
142,Netra Banik,moderate,Site_2,2026-06-25,present
142,Netra Banik,moderate,Site_2,2026-06-26,present
142,Netra Banik,moderate,Site_2,2026-06-27,present
142,Netra Banik,moderate,Site_2,2026-06-29,absent
142,Netra Banik,moderate,Site_2,2026-06-30,present
142,Netra Banik,moderate,Site_5,2026-07-01,present
142,Netra Banik,moderate,Site_2,2026-07-02,absent
142,Netra Banik,moderate,Site_2,2026-07-03,present
142,Netra Banik,moderate,Site_2,2026-07-04,present
142,Netra Banik,moderate,Site_5,2026-07-06,absent
142,Netra Banik,moderate,Site_5,2026-07-07,present
142,Netra Banik,moderate,Site_5,2026-07-08,absent
142,Netra Banik,moderate,Site_2,2026-07-09,present
142,Netra Banik,moderate,Site_5,2026-07-10,present
143,Saksham Bandi,unreliable,Site_9,2026-05-28,absent
143,Saksham Bandi,unreliable,Site_9,2026-05-29,present
143,Saksham Bandi,unreliable,Site_9,2026-05-30,absent
143,Saksham Bandi,unreliable,Site_9,2026-06-01,absent
143,Saksham Bandi,unreliable,Site_9,2026-06-02,present
143,Saksham Bandi,unreliable,Site_9,2026-06-03,present
143,Saksham Bandi,unreliable,Site_9,2026-06-04,present
143,Saksham Bandi,unreliable,Site_9,2026-06-05,absent
143,Saksham Bandi,unreliable,Site_9,2026-06-06,present
143,Saksham Bandi,unreliable,Site_9,2026-06-08,present
143,Saksham Bandi,unreliable,Site_9,2026-06-09,absent
143,Saksham Bandi,unreliable,Site_9,2026-06-10,present
143,Saksham Bandi,unreliable,Site_9,2026-06-11,present
143,Saksham Bandi,unreliable,Site_9,2026-06-12,absent
143,Saksham Bandi,unreliable,Site_9,2026-06-13,absent
143,Saksham Bandi,unreliable,Site_9,2026-06-15,absent
143,Saksham Bandi,unreliable,Site_9,2026-06-16,absent
143,Saksham Bandi,unreliable,Site_9,2026-06-17,present
143,Saksham Bandi,unreliable,Site_9,2026-06-18,present
143,Saksham Bandi,unreliable,Site_9,2026-06-19,absent
143,Saksham Bandi,unreliable,Site_9,2026-06-20,absent
143,Saksham Bandi,unreliable,Site_9,2026-06-22,absent
143,Saksham Bandi,unreliable,Site_9,2026-06-23,present
143,Saksham Bandi,unreliable,Site_9,2026-06-24,absent
143,Saksham Bandi,unreliable,Site_9,2026-06-25,absent
143,Saksham Bandi,unreliable,Site_9,2026-06-26,present
143,Saksham Bandi,unreliable,Site_9,2026-06-27,absent
143,Saksham Bandi,unreliable,Site_9,2026-06-29,present
143,Saksham Bandi,unreliable,Site_9,2026-06-30,absent
143,Saksham Bandi,unreliable,Site_9,2026-07-01,present
143,Saksham Bandi,unreliable,Site_9,2026-07-02,absent
143,Saksham Bandi,unreliable,Site_9,2026-07-03,absent
143,Saksham Bandi,unreliable,Site_9,2026-07-04,absent
143,Saksham Bandi,unreliable,Site_9,2026-07-06,absent
143,Saksham Bandi,unreliable,Site_9,2026-07-07,present
143,Saksham Bandi,unreliable,Site_9,2026-07-08,present
143,Saksham Bandi,unreliable,Site_9,2026-07-09,present
143,Saksham Bandi,unreliable,Site_9,2026-07-10,present
144,Falak Radhakrishnan,unreliable,Site_6,2026-06-15,absent
144,Falak Radhakrishnan,unreliable,Site_6,2026-06-16,present
144,Falak Radhakrishnan,unreliable,Site_6,2026-06-17,absent
144,Falak Radhakrishnan,unreliable,Site_6,2026-06-18,present
144,Falak Radhakrishnan,unreliable,Site_6,2026-06-19,absent
144,Falak Radhakrishnan,unreliable,Site_6,2026-06-20,absent
144,Falak Radhakrishnan,unreliable,Site_6,2026-06-22,absent
144,Falak Radhakrishnan,unreliable,Site_6,2026-06-23,absent
144,Falak Radhakrishnan,unreliable,Site_6,2026-06-24,absent
144,Falak Radhakrishnan,unreliable,Site_6,2026-06-25,absent
144,Falak Radhakrishnan,unreliable,Site_6,2026-06-26,absent
144,Falak Radhakrishnan,unreliable,Site_6,2026-06-27,absent
144,Falak Radhakrishnan,unreliable,Site_6,2026-06-29,absent
144,Falak Radhakrishnan,unreliable,Site_6,2026-06-30,present
144,Falak Radhakrishnan,unreliable,Site_6,2026-07-01,absent
144,Falak Radhakrishnan,unreliable,Site_6,2026-07-02,present
144,Falak Radhakrishnan,unreliable,Site_6,2026-07-03,absent
144,Falak Radhakrishnan,unreliable,Site_6,2026-07-04,absent
144,Falak Radhakrishnan,unreliable,Site_6,2026-07-06,present
144,Falak Radhakrishnan,unreliable,Site_6,2026-07-07,present
144,Falak Radhakrishnan,unreliable,Site_6,2026-07-08,present
144,Falak Radhakrishnan,unreliable,Site_6,2026-07-09,present
144,Falak Radhakrishnan,unreliable,Site_6,2026-07-10,absent
145,Upkaar Mann,reliable,Site_8,2026-02-03,absent
145,Upkaar Mann,reliable,Site_8,2026-02-04,present
145,Upkaar Mann,reliable,Site_9,2026-02-05,present
145,Upkaar Mann,reliable,Site_1,2026-02-06,absent
145,Upkaar Mann,reliable,Site_9,2026-02-07,present
145,Upkaar Mann,reliable,Site_1,2026-02-09,present
145,Upkaar Mann,reliable,Site_1,2026-02-10,present
145,Upkaar Mann,reliable,Site_1,2026-02-11,present
145,Upkaar Mann,reliable,Site_9,2026-02-12,present
145,Upkaar Mann,reliable,Site_9,2026-02-13,present
145,Upkaar Mann,reliable,Site_9,2026-02-14,present
145,Upkaar Mann,reliable,Site_8,2026-02-16,present
145,Upkaar Mann,reliable,Site_8,2026-02-17,present
145,Upkaar Mann,reliable,Site_8,2026-02-18,present
145,Upkaar Mann,reliable,Site_8,2026-02-19,present
145,Upkaar Mann,reliable,Site_8,2026-02-20,present
145,Upkaar Mann,reliable,Site_9,2026-02-21,present
145,Upkaar Mann,reliable,Site_1,2026-02-23,present
145,Upkaar Mann,reliable,Site_1,2026-02-24,present
145,Upkaar Mann,reliable,Site_8,2026-02-25,present
145,Upkaar Mann,reliable,Site_9,2026-02-26,present
145,Upkaar Mann,reliable,Site_1,2026-02-27,present
145,Upkaar Mann,reliable,Site_9,2026-02-28,present
145,Upkaar Mann,reliable,Site_1,2026-03-02,present
145,Upkaar Mann,reliable,Site_8,2026-03-03,present
145,Upkaar Mann,reliable,Site_1,2026-03-04,present
145,Upkaar Mann,reliable,Site_1,2026-03-05,present
145,Upkaar Mann,reliable,Site_1,2026-03-06,present
145,Upkaar Mann,reliable,Site_1,2026-03-07,present
145,Upkaar Mann,reliable,Site_1,2026-03-09,present
145,Upkaar Mann,reliable,Site_1,2026-03-10,present
145,Upkaar Mann,reliable,Site_9,2026-03-11,present
145,Upkaar Mann,reliable,Site_9,2026-03-12,present
145,Upkaar Mann,reliable,Site_1,2026-03-13,present
145,Upkaar Mann,reliable,Site_9,2026-03-14,present
145,Upkaar Mann,reliable,Site_1,2026-03-16,present
145,Upkaar Mann,reliable,Site_9,2026-03-17,present
145,Upkaar Mann,reliable,Site_1,2026-03-18,present
145,Upkaar Mann,reliable,Site_9,2026-03-19,present
145,Upkaar Mann,reliable,Site_1,2026-03-20,present
145,Upkaar Mann,reliable,Site_1,2026-03-21,present
145,Upkaar Mann,reliable,Site_8,2026-03-23,present
145,Upkaar Mann,reliable,Site_9,2026-03-24,present
145,Upkaar Mann,reliable,Site_8,2026-03-25,present
145,Upkaar Mann,reliable,Site_9,2026-03-26,present
145,Upkaar Mann,reliable,Site_9,2026-03-27,present
145,Upkaar Mann,reliable,Site_1,2026-03-28,present
145,Upkaar Mann,reliable,Site_1,2026-03-30,present
145,Upkaar Mann,reliable,Site_1,2026-03-31,absent
145,Upkaar Mann,reliable,Site_9,2026-04-01,present
145,Upkaar Mann,reliable,Site_1,2026-04-02,present
145,Upkaar Mann,reliable,Site_8,2026-04-03,present
145,Upkaar Mann,reliable,Site_8,2026-04-04,present
145,Upkaar Mann,reliable,Site_9,2026-04-06,absent
145,Upkaar Mann,reliable,Site_8,2026-04-07,present
145,Upkaar Mann,reliable,Site_9,2026-04-08,absent
145,Upkaar Mann,reliable,Site_1,2026-04-09,absent
145,Upkaar Mann,reliable,Site_9,2026-04-10,present
145,Upkaar Mann,reliable,Site_9,2026-04-11,present
145,Upkaar Mann,reliable,Site_8,2026-04-13,present
145,Upkaar Mann,reliable,Site_1,2026-04-14,absent
145,Upkaar Mann,reliable,Site_1,2026-04-15,present
145,Upkaar Mann,reliable,Site_9,2026-04-16,present
145,Upkaar Mann,reliable,Site_9,2026-04-17,present
145,Upkaar Mann,reliable,Site_8,2026-04-18,present
145,Upkaar Mann,reliable,Site_8,2026-04-20,present
145,Upkaar Mann,reliable,Site_8,2026-04-21,present
145,Upkaar Mann,reliable,Site_8,2026-04-22,present
145,Upkaar Mann,reliable,Site_8,2026-04-23,present
145,Upkaar Mann,reliable,Site_1,2026-04-24,absent
145,Upkaar Mann,reliable,Site_9,2026-04-25,present
145,Upkaar Mann,reliable,Site_8,2026-04-27,present
145,Upkaar Mann,reliable,Site_8,2026-04-28,present
145,Upkaar Mann,reliable,Site_1,2026-04-29,present
145,Upkaar Mann,reliable,Site_8,2026-04-30,present
145,Upkaar Mann,reliable,Site_1,2026-05-01,present
145,Upkaar Mann,reliable,Site_8,2026-05-02,absent
145,Upkaar Mann,reliable,Site_8,2026-05-04,present
145,Upkaar Mann,reliable,Site_8,2026-05-05,present
145,Upkaar Mann,reliable,Site_1,2026-05-06,present
145,Upkaar Mann,reliable,Site_8,2026-05-07,present
145,Upkaar Mann,reliable,Site_9,2026-05-08,present
145,Upkaar Mann,reliable,Site_8,2026-05-09,present
145,Upkaar Mann,reliable,Site_8,2026-05-11,present
145,Upkaar Mann,reliable,Site_1,2026-05-12,present
145,Upkaar Mann,reliable,Site_1,2026-05-13,present
145,Upkaar Mann,reliable,Site_8,2026-05-14,present
145,Upkaar Mann,reliable,Site_8,2026-05-15,present
145,Upkaar Mann,reliable,Site_9,2026-05-16,absent
145,Upkaar Mann,reliable,Site_8,2026-05-18,present
145,Upkaar Mann,reliable,Site_9,2026-05-19,present
145,Upkaar Mann,reliable,Site_1,2026-05-20,present
145,Upkaar Mann,reliable,Site_1,2026-05-21,present
145,Upkaar Mann,reliable,Site_1,2026-05-22,present
145,Upkaar Mann,reliable,Site_8,2026-05-23,present
145,Upkaar Mann,reliable,Site_8,2026-05-25,present
145,Upkaar Mann,reliable,Site_8,2026-05-26,present
145,Upkaar Mann,reliable,Site_1,2026-05-27,present
145,Upkaar Mann,reliable,Site_8,2026-05-28,present
145,Upkaar Mann,reliable,Site_9,2026-05-29,present
145,Upkaar Mann,reliable,Site_9,2026-05-30,present
145,Upkaar Mann,reliable,Site_8,2026-06-01,present
145,Upkaar Mann,reliable,Site_8,2026-06-02,present
145,Upkaar Mann,reliable,Site_9,2026-06-03,present
145,Upkaar Mann,reliable,Site_9,2026-06-04,present
145,Upkaar Mann,reliable,Site_8,2026-06-05,absent
145,Upkaar Mann,reliable,Site_8,2026-06-06,present
145,Upkaar Mann,reliable,Site_1,2026-06-08,present
145,Upkaar Mann,reliable,Site_9,2026-06-09,present
145,Upkaar Mann,reliable,Site_9,2026-06-10,present
145,Upkaar Mann,reliable,Site_9,2026-06-11,absent
145,Upkaar Mann,reliable,Site_8,2026-06-12,present
145,Upkaar Mann,reliable,Site_9,2026-06-13,present
145,Upkaar Mann,reliable,Site_9,2026-06-15,absent
145,Upkaar Mann,reliable,Site_1,2026-06-16,present
145,Upkaar Mann,reliable,Site_8,2026-06-17,present
145,Upkaar Mann,reliable,Site_9,2026-06-18,present
145,Upkaar Mann,reliable,Site_8,2026-06-19,present
145,Upkaar Mann,reliable,Site_8,2026-06-20,present
145,Upkaar Mann,reliable,Site_9,2026-06-22,present
145,Upkaar Mann,reliable,Site_8,2026-06-23,present
145,Upkaar Mann,reliable,Site_1,2026-06-24,present
145,Upkaar Mann,reliable,Site_8,2026-06-25,present
145,Upkaar Mann,reliable,Site_1,2026-06-26,present
145,Upkaar Mann,reliable,Site_9,2026-06-27,absent
145,Upkaar Mann,reliable,Site_8,2026-06-29,present
145,Upkaar Mann,reliable,Site_1,2026-06-30,present
145,Upkaar Mann,reliable,Site_1,2026-07-01,present
145,Upkaar Mann,reliable,Site_9,2026-07-02,present
145,Upkaar Mann,reliable,Site_1,2026-07-03,present
145,Upkaar Mann,reliable,Site_9,2026-07-04,present
145,Upkaar Mann,reliable,Site_8,2026-07-06,present
145,Upkaar Mann,reliable,Site_1,2026-07-07,present
145,Upkaar Mann,reliable,Site_1,2026-07-08,present
145,Upkaar Mann,reliable,Site_9,2026-07-09,present
145,Upkaar Mann,reliable,Site_1,2026-07-10,present
146,Rajata Basak,unreliable,Site_5,2026-06-02,present
146,Rajata Basak,unreliable,Site_5,2026-06-03,present
146,Rajata Basak,unreliable,Site_5,2026-06-04,absent
146,Rajata Basak,unreliable,Site_5,2026-06-05,present
146,Rajata Basak,unreliable,Site_5,2026-06-06,present
146,Rajata Basak,unreliable,Site_5,2026-06-08,absent
146,Rajata Basak,unreliable,Site_5,2026-06-09,absent
146,Rajata Basak,unreliable,Site_5,2026-06-10,present
146,Rajata Basak,unreliable,Site_5,2026-06-11,absent
146,Rajata Basak,unreliable,Site_5,2026-06-12,present
146,Rajata Basak,unreliable,Site_5,2026-06-13,present
146,Rajata Basak,unreliable,Site_5,2026-06-15,present
146,Rajata Basak,unreliable,Site_5,2026-06-16,present
146,Rajata Basak,unreliable,Site_5,2026-06-17,present
146,Rajata Basak,unreliable,Site_5,2026-06-18,absent
146,Rajata Basak,unreliable,Site_5,2026-06-19,present
146,Rajata Basak,unreliable,Site_5,2026-06-20,absent
146,Rajata Basak,unreliable,Site_5,2026-06-22,absent
146,Rajata Basak,unreliable,Site_5,2026-06-23,absent
146,Rajata Basak,unreliable,Site_5,2026-06-24,absent
146,Rajata Basak,unreliable,Site_5,2026-06-25,present
146,Rajata Basak,unreliable,Site_5,2026-06-26,absent
146,Rajata Basak,unreliable,Site_5,2026-06-27,absent
146,Rajata Basak,unreliable,Site_5,2026-06-29,present
146,Rajata Basak,unreliable,Site_5,2026-06-30,present
146,Rajata Basak,unreliable,Site_5,2026-07-01,present
146,Rajata Basak,unreliable,Site_5,2026-07-02,present
146,Rajata Basak,unreliable,Site_5,2026-07-03,present
146,Rajata Basak,unreliable,Site_5,2026-07-04,absent
146,Rajata Basak,unreliable,Site_5,2026-07-06,absent
146,Rajata Basak,unreliable,Site_5,2026-07-07,present
146,Rajata Basak,unreliable,Site_5,2026-07-08,present
146,Rajata Basak,unreliable,Site_5,2026-07-09,absent
146,Rajata Basak,unreliable,Site_5,2026-07-10,absent
147,Balveer Barad,moderate,Site_7,2026-04-29,absent
147,Balveer Barad,moderate,Site_7,2026-04-30,absent
147,Balveer Barad,moderate,Site_7,2026-05-01,absent
147,Balveer Barad,moderate,Site_7,2026-05-02,present
147,Balveer Barad,moderate,Site_7,2026-05-04,present
147,Balveer Barad,moderate,Site_7,2026-05-05,present
147,Balveer Barad,moderate,Site_7,2026-05-06,absent
147,Balveer Barad,moderate,Site_7,2026-05-07,present
147,Balveer Barad,moderate,Site_7,2026-05-08,present
147,Balveer Barad,moderate,Site_7,2026-05-09,present
147,Balveer Barad,moderate,Site_7,2026-05-11,present
147,Balveer Barad,moderate,Site_7,2026-05-12,present
147,Balveer Barad,moderate,Site_7,2026-05-13,present
147,Balveer Barad,moderate,Site_7,2026-05-14,absent
147,Balveer Barad,moderate,Site_7,2026-05-15,present
147,Balveer Barad,moderate,Site_7,2026-05-16,present
147,Balveer Barad,moderate,Site_7,2026-05-18,present
147,Balveer Barad,moderate,Site_7,2026-05-19,present
147,Balveer Barad,moderate,Site_7,2026-05-20,present
147,Balveer Barad,moderate,Site_7,2026-05-21,absent
147,Balveer Barad,moderate,Site_7,2026-05-22,absent
147,Balveer Barad,moderate,Site_7,2026-05-23,absent
147,Balveer Barad,moderate,Site_7,2026-05-25,present
147,Balveer Barad,moderate,Site_7,2026-05-26,absent
147,Balveer Barad,moderate,Site_7,2026-05-27,present
147,Balveer Barad,moderate,Site_7,2026-05-28,absent
147,Balveer Barad,moderate,Site_7,2026-05-29,absent
147,Balveer Barad,moderate,Site_7,2026-05-30,present
147,Balveer Barad,moderate,Site_7,2026-06-01,present
147,Balveer Barad,moderate,Site_7,2026-06-02,present
147,Balveer Barad,moderate,Site_7,2026-06-03,present
147,Balveer Barad,moderate,Site_7,2026-06-04,absent
147,Balveer Barad,moderate,Site_7,2026-06-05,present
147,Balveer Barad,moderate,Site_7,2026-06-06,absent
147,Balveer Barad,moderate,Site_7,2026-06-08,present
147,Balveer Barad,moderate,Site_7,2026-06-09,present
147,Balveer Barad,moderate,Site_7,2026-06-10,absent
147,Balveer Barad,moderate,Site_7,2026-06-11,absent
147,Balveer Barad,moderate,Site_7,2026-06-12,present
147,Balveer Barad,moderate,Site_7,2026-06-13,absent
147,Balveer Barad,moderate,Site_7,2026-06-15,present
147,Balveer Barad,moderate,Site_7,2026-06-16,present
147,Balveer Barad,moderate,Site_7,2026-06-17,absent
147,Balveer Barad,moderate,Site_7,2026-06-18,absent
147,Balveer Barad,moderate,Site_7,2026-06-19,present
147,Balveer Barad,moderate,Site_7,2026-06-20,present
147,Balveer Barad,moderate,Site_7,2026-06-22,present
147,Balveer Barad,moderate,Site_7,2026-06-23,present
147,Balveer Barad,moderate,Site_7,2026-06-24,present
147,Balveer Barad,moderate,Site_7,2026-06-25,present
147,Balveer Barad,moderate,Site_7,2026-06-26,present
147,Balveer Barad,moderate,Site_7,2026-06-27,present
147,Balveer Barad,moderate,Site_7,2026-06-29,present
147,Balveer Barad,moderate,Site_7,2026-06-30,present
147,Balveer Barad,moderate,Site_7,2026-07-01,absent
147,Balveer Barad,moderate,Site_7,2026-07-02,absent
147,Balveer Barad,moderate,Site_7,2026-07-03,present
147,Balveer Barad,moderate,Site_7,2026-07-04,present
147,Balveer Barad,moderate,Site_7,2026-07-06,present
147,Balveer Barad,moderate,Site_7,2026-07-07,present
147,Balveer Barad,moderate,Site_7,2026-07-08,absent
147,Balveer Barad,moderate,Site_7,2026-07-09,present
147,Balveer Barad,moderate,Site_7,2026-07-10,present
148,Bina Narain,reliable,Site_8,2026-02-17,present
148,Bina Narain,reliable,Site_5,2026-02-18,present
148,Bina Narain,reliable,Site_5,2026-02-19,present
148,Bina Narain,reliable,Site_8,2026-02-20,present
148,Bina Narain,reliable,Site_8,2026-02-21,present
148,Bina Narain,reliable,Site_4,2026-02-23,present
148,Bina Narain,reliable,Site_8,2026-02-24,absent
148,Bina Narain,reliable,Site_8,2026-02-25,present
148,Bina Narain,reliable,Site_2,2026-02-26,present
148,Bina Narain,reliable,Site_2,2026-02-27,present
148,Bina Narain,reliable,Site_4,2026-02-28,present
148,Bina Narain,reliable,Site_8,2026-03-02,present
148,Bina Narain,reliable,Site_2,2026-03-03,present
148,Bina Narain,reliable,Site_5,2026-03-04,present
148,Bina Narain,reliable,Site_5,2026-03-05,present
148,Bina Narain,reliable,Site_8,2026-03-06,present
148,Bina Narain,reliable,Site_5,2026-03-07,absent
148,Bina Narain,reliable,Site_8,2026-03-09,present
148,Bina Narain,reliable,Site_5,2026-03-10,present
148,Bina Narain,reliable,Site_5,2026-03-11,present
148,Bina Narain,reliable,Site_4,2026-03-12,present
148,Bina Narain,reliable,Site_8,2026-03-13,present
148,Bina Narain,reliable,Site_2,2026-03-14,present
148,Bina Narain,reliable,Site_8,2026-03-16,present
148,Bina Narain,reliable,Site_8,2026-03-17,present
148,Bina Narain,reliable,Site_4,2026-03-18,present
148,Bina Narain,reliable,Site_2,2026-03-19,present
148,Bina Narain,reliable,Site_8,2026-03-20,present
148,Bina Narain,reliable,Site_5,2026-03-21,present
148,Bina Narain,reliable,Site_4,2026-03-23,present
148,Bina Narain,reliable,Site_5,2026-03-24,present
148,Bina Narain,reliable,Site_5,2026-03-25,present
148,Bina Narain,reliable,Site_8,2026-03-26,present
148,Bina Narain,reliable,Site_2,2026-03-27,present
148,Bina Narain,reliable,Site_4,2026-03-28,present
148,Bina Narain,reliable,Site_8,2026-03-30,present
148,Bina Narain,reliable,Site_8,2026-03-31,present
148,Bina Narain,reliable,Site_4,2026-04-01,present
148,Bina Narain,reliable,Site_8,2026-04-02,present
148,Bina Narain,reliable,Site_2,2026-04-03,present
148,Bina Narain,reliable,Site_4,2026-04-04,present
148,Bina Narain,reliable,Site_2,2026-04-06,present
148,Bina Narain,reliable,Site_5,2026-04-07,present
148,Bina Narain,reliable,Site_5,2026-04-08,present
148,Bina Narain,reliable,Site_4,2026-04-09,present
148,Bina Narain,reliable,Site_8,2026-04-10,present
148,Bina Narain,reliable,Site_2,2026-04-11,present
148,Bina Narain,reliable,Site_5,2026-04-13,present
148,Bina Narain,reliable,Site_4,2026-04-14,present
148,Bina Narain,reliable,Site_5,2026-04-15,present
148,Bina Narain,reliable,Site_4,2026-04-16,present
148,Bina Narain,reliable,Site_2,2026-04-17,present
148,Bina Narain,reliable,Site_8,2026-04-18,present
148,Bina Narain,reliable,Site_8,2026-04-20,present
148,Bina Narain,reliable,Site_8,2026-04-21,present
148,Bina Narain,reliable,Site_5,2026-04-22,present
148,Bina Narain,reliable,Site_4,2026-04-23,present
148,Bina Narain,reliable,Site_2,2026-04-24,present
148,Bina Narain,reliable,Site_8,2026-04-25,present
148,Bina Narain,reliable,Site_2,2026-04-27,present
148,Bina Narain,reliable,Site_2,2026-04-28,present
148,Bina Narain,reliable,Site_5,2026-04-29,present
148,Bina Narain,reliable,Site_8,2026-04-30,present
148,Bina Narain,reliable,Site_8,2026-05-01,present
148,Bina Narain,reliable,Site_2,2026-05-02,present
148,Bina Narain,reliable,Site_8,2026-05-04,present
148,Bina Narain,reliable,Site_4,2026-05-05,present
148,Bina Narain,reliable,Site_2,2026-05-06,present
148,Bina Narain,reliable,Site_2,2026-05-07,present
148,Bina Narain,reliable,Site_8,2026-05-08,present
148,Bina Narain,reliable,Site_5,2026-05-09,present
148,Bina Narain,reliable,Site_2,2026-05-11,present
148,Bina Narain,reliable,Site_2,2026-05-12,present
148,Bina Narain,reliable,Site_4,2026-05-13,present
148,Bina Narain,reliable,Site_5,2026-05-14,present
148,Bina Narain,reliable,Site_2,2026-05-15,present
148,Bina Narain,reliable,Site_5,2026-05-16,present
148,Bina Narain,reliable,Site_4,2026-05-18,present
148,Bina Narain,reliable,Site_8,2026-05-19,present
148,Bina Narain,reliable,Site_8,2026-05-20,present
148,Bina Narain,reliable,Site_8,2026-05-21,present
148,Bina Narain,reliable,Site_5,2026-05-22,present
148,Bina Narain,reliable,Site_2,2026-05-23,absent
148,Bina Narain,reliable,Site_2,2026-05-25,present
148,Bina Narain,reliable,Site_8,2026-05-26,present
148,Bina Narain,reliable,Site_4,2026-05-27,present
148,Bina Narain,reliable,Site_4,2026-05-28,present
148,Bina Narain,reliable,Site_5,2026-05-29,present
148,Bina Narain,reliable,Site_8,2026-05-30,present
148,Bina Narain,reliable,Site_5,2026-06-01,present
148,Bina Narain,reliable,Site_8,2026-06-02,present
148,Bina Narain,reliable,Site_4,2026-06-03,present
148,Bina Narain,reliable,Site_8,2026-06-04,present
148,Bina Narain,reliable,Site_5,2026-06-05,present
148,Bina Narain,reliable,Site_8,2026-06-06,present
148,Bina Narain,reliable,Site_5,2026-06-08,present
148,Bina Narain,reliable,Site_8,2026-06-09,present
148,Bina Narain,reliable,Site_5,2026-06-10,present
148,Bina Narain,reliable,Site_4,2026-06-11,present
148,Bina Narain,reliable,Site_8,2026-06-12,present
148,Bina Narain,reliable,Site_2,2026-06-13,present
148,Bina Narain,reliable,Site_4,2026-06-15,present
148,Bina Narain,reliable,Site_4,2026-06-16,present
148,Bina Narain,reliable,Site_2,2026-06-17,present
148,Bina Narain,reliable,Site_2,2026-06-18,present
148,Bina Narain,reliable,Site_4,2026-06-19,present
148,Bina Narain,reliable,Site_4,2026-06-20,present
148,Bina Narain,reliable,Site_5,2026-06-22,present
148,Bina Narain,reliable,Site_5,2026-06-23,present
148,Bina Narain,reliable,Site_2,2026-06-24,present
148,Bina Narain,reliable,Site_4,2026-06-25,present
148,Bina Narain,reliable,Site_8,2026-06-26,present
148,Bina Narain,reliable,Site_4,2026-06-27,present
148,Bina Narain,reliable,Site_2,2026-06-29,present
148,Bina Narain,reliable,Site_2,2026-06-30,present
148,Bina Narain,reliable,Site_4,2026-07-01,absent
148,Bina Narain,reliable,Site_2,2026-07-02,present
148,Bina Narain,reliable,Site_8,2026-07-03,present
148,Bina Narain,reliable,Site_5,2026-07-04,present
148,Bina Narain,reliable,Site_8,2026-07-06,present
148,Bina Narain,reliable,Site_5,2026-07-07,present
148,Bina Narain,reliable,Site_8,2026-07-08,present
148,Bina Narain,reliable,Site_5,2026-07-09,present
148,Bina Narain,reliable,Site_8,2026-07-10,present
149,Netra Sur,moderate,Site_9,2026-04-30,present
149,Netra Sur,moderate,Site_9,2026-05-01,absent
149,Netra Sur,moderate,Site_9,2026-05-02,present
149,Netra Sur,moderate,Site_9,2026-05-04,present
149,Netra Sur,moderate,Site_9,2026-05-05,present
149,Netra Sur,moderate,Site_9,2026-05-06,present
149,Netra Sur,moderate,Site_9,2026-05-07,present
149,Netra Sur,moderate,Site_9,2026-05-08,present
149,Netra Sur,moderate,Site_9,2026-05-09,present
149,Netra Sur,moderate,Site_9,2026-05-11,present
149,Netra Sur,moderate,Site_9,2026-05-12,absent
149,Netra Sur,moderate,Site_9,2026-05-13,present
149,Netra Sur,moderate,Site_9,2026-05-14,present
149,Netra Sur,moderate,Site_9,2026-05-15,present
149,Netra Sur,moderate,Site_9,2026-05-16,present
149,Netra Sur,moderate,Site_9,2026-05-18,present
149,Netra Sur,moderate,Site_9,2026-05-19,present
149,Netra Sur,moderate,Site_9,2026-05-20,present
149,Netra Sur,moderate,Site_9,2026-05-21,absent
149,Netra Sur,moderate,Site_9,2026-05-22,present
149,Netra Sur,moderate,Site_9,2026-05-23,absent
149,Netra Sur,moderate,Site_9,2026-05-25,present
149,Netra Sur,moderate,Site_9,2026-05-26,present
149,Netra Sur,moderate,Site_9,2026-05-27,present
149,Netra Sur,moderate,Site_9,2026-05-28,absent
149,Netra Sur,moderate,Site_9,2026-05-29,present
149,Netra Sur,moderate,Site_9,2026-05-30,present
149,Netra Sur,moderate,Site_9,2026-06-01,present
149,Netra Sur,moderate,Site_9,2026-06-02,present
149,Netra Sur,moderate,Site_9,2026-06-03,present
149,Netra Sur,moderate,Site_9,2026-06-04,present
149,Netra Sur,moderate,Site_9,2026-06-05,absent
149,Netra Sur,moderate,Site_9,2026-06-06,present
149,Netra Sur,moderate,Site_9,2026-06-08,present
149,Netra Sur,moderate,Site_9,2026-06-09,present
149,Netra Sur,moderate,Site_9,2026-06-10,absent
149,Netra Sur,moderate,Site_9,2026-06-11,absent
149,Netra Sur,moderate,Site_9,2026-06-12,present
149,Netra Sur,moderate,Site_9,2026-06-13,present
149,Netra Sur,moderate,Site_9,2026-06-15,present
149,Netra Sur,moderate,Site_9,2026-06-16,absent
149,Netra Sur,moderate,Site_9,2026-06-17,present
149,Netra Sur,moderate,Site_9,2026-06-18,present
149,Netra Sur,moderate,Site_9,2026-06-19,present
149,Netra Sur,moderate,Site_9,2026-06-20,present
149,Netra Sur,moderate,Site_9,2026-06-22,present
149,Netra Sur,moderate,Site_9,2026-06-23,present
149,Netra Sur,moderate,Site_9,2026-06-24,present
149,Netra Sur,moderate,Site_9,2026-06-25,present
149,Netra Sur,moderate,Site_9,2026-06-26,present
149,Netra Sur,moderate,Site_9,2026-06-27,present
149,Netra Sur,moderate,Site_9,2026-06-29,present
149,Netra Sur,moderate,Site_9,2026-06-30,absent
149,Netra Sur,moderate,Site_9,2026-07-01,present
149,Netra Sur,moderate,Site_9,2026-07-02,absent
149,Netra Sur,moderate,Site_9,2026-07-03,absent
149,Netra Sur,moderate,Site_9,2026-07-04,absent
149,Netra Sur,moderate,Site_9,2026-07-06,present
149,Netra Sur,moderate,Site_9,2026-07-07,present
149,Netra Sur,moderate,Site_9,2026-07-08,absent
149,Netra Sur,moderate,Site_9,2026-07-09,present
149,Netra Sur,moderate,Site_9,2026-07-10,absent
150,Rohan Padmanabhan,moderate,Site_4,2026-03-18,present
150,Rohan Padmanabhan,moderate,Site_4,2026-03-19,absent
150,Rohan Padmanabhan,moderate,Site_4,2026-03-20,present
150,Rohan Padmanabhan,moderate,Site_4,2026-03-21,present
150,Rohan Padmanabhan,moderate,Site_4,2026-03-23,present
150,Rohan Padmanabhan,moderate,Site_4,2026-03-24,present
150,Rohan Padmanabhan,moderate,Site_4,2026-03-25,absent
150,Rohan Padmanabhan,moderate,Site_4,2026-03-26,present
150,Rohan Padmanabhan,moderate,Site_4,2026-03-27,absent
150,Rohan Padmanabhan,moderate,Site_4,2026-03-28,present
150,Rohan Padmanabhan,moderate,Site_4,2026-03-30,absent
150,Rohan Padmanabhan,moderate,Site_4,2026-03-31,present
150,Rohan Padmanabhan,moderate,Site_4,2026-04-01,present
150,Rohan Padmanabhan,moderate,Site_4,2026-04-02,absent
150,Rohan Padmanabhan,moderate,Site_4,2026-04-03,present
150,Rohan Padmanabhan,moderate,Site_4,2026-04-04,present
150,Rohan Padmanabhan,moderate,Site_4,2026-04-06,present
150,Rohan Padmanabhan,moderate,Site_4,2026-04-07,present
150,Rohan Padmanabhan,moderate,Site_4,2026-04-08,present
150,Rohan Padmanabhan,moderate,Site_4,2026-04-09,absent
150,Rohan Padmanabhan,moderate,Site_4,2026-04-10,present
150,Rohan Padmanabhan,moderate,Site_4,2026-04-11,present
150,Rohan Padmanabhan,moderate,Site_4,2026-04-13,present
150,Rohan Padmanabhan,moderate,Site_4,2026-04-14,absent
150,Rohan Padmanabhan,moderate,Site_4,2026-04-15,present
150,Rohan Padmanabhan,moderate,Site_4,2026-04-16,present
150,Rohan Padmanabhan,moderate,Site_4,2026-04-17,present
150,Rohan Padmanabhan,moderate,Site_4,2026-04-18,present
150,Rohan Padmanabhan,moderate,Site_4,2026-04-20,present
150,Rohan Padmanabhan,moderate,Site_4,2026-04-21,present
150,Rohan Padmanabhan,moderate,Site_4,2026-04-22,absent
150,Rohan Padmanabhan,moderate,Site_4,2026-04-23,absent
150,Rohan Padmanabhan,moderate,Site_4,2026-04-24,present
150,Rohan Padmanabhan,moderate,Site_4,2026-04-25,absent
150,Rohan Padmanabhan,moderate,Site_4,2026-04-27,present
150,Rohan Padmanabhan,moderate,Site_4,2026-04-28,present
150,Rohan Padmanabhan,moderate,Site_4,2026-04-29,present
150,Rohan Padmanabhan,moderate,Site_4,2026-04-30,absent
150,Rohan Padmanabhan,moderate,Site_4,2026-05-01,present
150,Rohan Padmanabhan,moderate,Site_4,2026-05-02,present
150,Rohan Padmanabhan,moderate,Site_4,2026-05-04,present
150,Rohan Padmanabhan,moderate,Site_4,2026-05-05,absent
150,Rohan Padmanabhan,moderate,Site_4,2026-05-06,present
150,Rohan Padmanabhan,moderate,Site_4,2026-05-07,present
150,Rohan Padmanabhan,moderate,Site_4,2026-05-08,present
150,Rohan Padmanabhan,moderate,Site_4,2026-05-09,absent
150,Rohan Padmanabhan,moderate,Site_4,2026-05-11,present
150,Rohan Padmanabhan,moderate,Site_4,2026-05-12,absent
150,Rohan Padmanabhan,moderate,Site_4,2026-05-13,present
150,Rohan Padmanabhan,moderate,Site_4,2026-05-14,present
150,Rohan Padmanabhan,moderate,Site_4,2026-05-15,absent
150,Rohan Padmanabhan,moderate,Site_4,2026-05-16,present
150,Rohan Padmanabhan,moderate,Site_4,2026-05-18,present
150,Rohan Padmanabhan,moderate,Site_4,2026-05-19,present
150,Rohan Padmanabhan,moderate,Site_4,2026-05-20,present
150,Rohan Padmanabhan,moderate,Site_4,2026-05-21,present
150,Rohan Padmanabhan,moderate,Site_4,2026-05-22,absent
150,Rohan Padmanabhan,moderate,Site_4,2026-05-23,absent
150,Rohan Padmanabhan,moderate,Site_4,2026-05-25,absent
150,Rohan Padmanabhan,moderate,Site_4,2026-05-26,absent
150,Rohan Padmanabhan,moderate,Site_4,2026-05-27,present
150,Rohan Padmanabhan,moderate,Site_4,2026-05-28,present
150,Rohan Padmanabhan,moderate,Site_4,2026-05-29,present
150,Rohan Padmanabhan,moderate,Site_4,2026-05-30,present
150,Rohan Padmanabhan,moderate,Site_4,2026-06-01,present
150,Rohan Padmanabhan,moderate,Site_4,2026-06-02,absent
150,Rohan Padmanabhan,moderate,Site_4,2026-06-03,present
150,Rohan Padmanabhan,moderate,Site_4,2026-06-04,present
150,Rohan Padmanabhan,moderate,Site_4,2026-06-05,present
150,Rohan Padmanabhan,moderate,Site_4,2026-06-06,present
150,Rohan Padmanabhan,moderate,Site_4,2026-06-08,present
150,Rohan Padmanabhan,moderate,Site_4,2026-06-09,present
150,Rohan Padmanabhan,moderate,Site_4,2026-06-10,present
150,Rohan Padmanabhan,moderate,Site_4,2026-06-11,present
150,Rohan Padmanabhan,moderate,Site_4,2026-06-12,present
150,Rohan Padmanabhan,moderate,Site_4,2026-06-13,present
150,Rohan Padmanabhan,moderate,Site_4,2026-06-15,present
150,Rohan Padmanabhan,moderate,Site_4,2026-06-16,present
150,Rohan Padmanabhan,moderate,Site_4,2026-06-17,present
150,Rohan Padmanabhan,moderate,Site_4,2026-06-18,present
150,Rohan Padmanabhan,moderate,Site_4,2026-06-19,present
150,Rohan Padmanabhan,moderate,Site_4,2026-06-20,present
150,Rohan Padmanabhan,moderate,Site_4,2026-06-22,present
150,Rohan Padmanabhan,moderate,Site_4,2026-06-23,present
150,Rohan Padmanabhan,moderate,Site_4,2026-06-24,present
150,Rohan Padmanabhan,moderate,Site_4,2026-06-25,absent
150,Rohan Padmanabhan,moderate,Site_4,2026-06-26,present
150,Rohan Padmanabhan,moderate,Site_4,2026-06-27,present
150,Rohan Padmanabhan,moderate,Site_4,2026-06-29,absent
150,Rohan Padmanabhan,moderate,Site_4,2026-06-30,present
150,Rohan Padmanabhan,moderate,Site_4,2026-07-01,present
150,Rohan Padmanabhan,moderate,Site_4,2026-07-02,present
150,Rohan Padmanabhan,moderate,Site_4,2026-07-03,present
150,Rohan Padmanabhan,moderate,Site_4,2026-07-04,present
150,Rohan Padmanabhan,moderate,Site_4,2026-07-06,absent
150,Rohan Padmanabhan,moderate,Site_4,2026-07-07,present
150,Rohan Padmanabhan,moderate,Site_4,2026-07-08,present
150,Rohan Padmanabhan,moderate,Site_4,2026-07-09,present
150,Rohan Padmanabhan,moderate,Site_4,2026-07-10,absent
151,Zehaan Prakash,unreliable,Site_4,2026-06-25,absent
151,Zehaan Prakash,unreliable,Site_4,2026-06-26,present
151,Zehaan Prakash,unreliable,Site_4,2026-06-27,absent
151,Zehaan Prakash,unreliable,Site_4,2026-06-29,present
151,Zehaan Prakash,unreliable,Site_4,2026-06-30,absent
151,Zehaan Prakash,unreliable,Site_4,2026-07-01,absent
151,Zehaan Prakash,unreliable,Site_4,2026-07-02,absent
151,Zehaan Prakash,unreliable,Site_4,2026-07-03,absent
151,Zehaan Prakash,unreliable,Site_4,2026-07-04,absent
151,Zehaan Prakash,unreliable,Site_4,2026-07-06,absent
151,Zehaan Prakash,unreliable,Site_4,2026-07-07,present
151,Zehaan Prakash,unreliable,Site_4,2026-07-08,absent
151,Zehaan Prakash,unreliable,Site_4,2026-07-09,present
151,Zehaan Prakash,unreliable,Site_4,2026-07-10,present
152,Bina Sha,moderate,Site_3,2026-04-06,present
152,Bina Sha,moderate,Site_3,2026-04-07,present
152,Bina Sha,moderate,Site_3,2026-04-08,present
152,Bina Sha,moderate,Site_3,2026-04-09,present
152,Bina Sha,moderate,Site_3,2026-04-10,present
152,Bina Sha,moderate,Site_3,2026-04-11,absent
152,Bina Sha,moderate,Site_3,2026-04-13,present
152,Bina Sha,moderate,Site_3,2026-04-14,present
152,Bina Sha,moderate,Site_3,2026-04-15,present
152,Bina Sha,moderate,Site_3,2026-04-16,present
152,Bina Sha,moderate,Site_3,2026-04-17,present
152,Bina Sha,moderate,Site_3,2026-04-18,present
152,Bina Sha,moderate,Site_3,2026-04-20,present
152,Bina Sha,moderate,Site_3,2026-04-21,absent
152,Bina Sha,moderate,Site_3,2026-04-22,present
152,Bina Sha,moderate,Site_3,2026-04-23,present
152,Bina Sha,moderate,Site_3,2026-04-24,present
152,Bina Sha,moderate,Site_3,2026-04-25,present
152,Bina Sha,moderate,Site_3,2026-04-27,present
152,Bina Sha,moderate,Site_3,2026-04-28,absent
152,Bina Sha,moderate,Site_3,2026-04-29,present
152,Bina Sha,moderate,Site_3,2026-04-30,present
152,Bina Sha,moderate,Site_3,2026-05-01,present
152,Bina Sha,moderate,Site_3,2026-05-02,present
152,Bina Sha,moderate,Site_3,2026-05-04,present
152,Bina Sha,moderate,Site_3,2026-05-05,present
152,Bina Sha,moderate,Site_3,2026-05-06,absent
152,Bina Sha,moderate,Site_3,2026-05-07,present
152,Bina Sha,moderate,Site_3,2026-05-08,present
152,Bina Sha,moderate,Site_3,2026-05-09,absent
152,Bina Sha,moderate,Site_3,2026-05-11,present
152,Bina Sha,moderate,Site_3,2026-05-12,present
152,Bina Sha,moderate,Site_3,2026-05-13,present
152,Bina Sha,moderate,Site_3,2026-05-14,present
152,Bina Sha,moderate,Site_3,2026-05-15,present
152,Bina Sha,moderate,Site_3,2026-05-16,present
152,Bina Sha,moderate,Site_3,2026-05-18,absent
152,Bina Sha,moderate,Site_3,2026-05-19,absent
152,Bina Sha,moderate,Site_3,2026-05-20,present
152,Bina Sha,moderate,Site_3,2026-05-21,present
152,Bina Sha,moderate,Site_3,2026-05-22,present
152,Bina Sha,moderate,Site_3,2026-05-23,present
152,Bina Sha,moderate,Site_3,2026-05-25,present
152,Bina Sha,moderate,Site_3,2026-05-26,present
152,Bina Sha,moderate,Site_3,2026-05-27,present
152,Bina Sha,moderate,Site_3,2026-05-28,present
152,Bina Sha,moderate,Site_3,2026-05-29,present
152,Bina Sha,moderate,Site_3,2026-05-30,present
152,Bina Sha,moderate,Site_3,2026-06-01,present
152,Bina Sha,moderate,Site_3,2026-06-02,present
152,Bina Sha,moderate,Site_3,2026-06-03,absent
152,Bina Sha,moderate,Site_3,2026-06-04,absent
152,Bina Sha,moderate,Site_3,2026-06-05,present
152,Bina Sha,moderate,Site_3,2026-06-06,present
152,Bina Sha,moderate,Site_3,2026-06-08,present
152,Bina Sha,moderate,Site_3,2026-06-09,present
152,Bina Sha,moderate,Site_3,2026-06-10,absent
152,Bina Sha,moderate,Site_3,2026-06-11,present
152,Bina Sha,moderate,Site_3,2026-06-12,present
152,Bina Sha,moderate,Site_3,2026-06-13,present
152,Bina Sha,moderate,Site_3,2026-06-15,present
152,Bina Sha,moderate,Site_3,2026-06-16,present
152,Bina Sha,moderate,Site_3,2026-06-17,absent
152,Bina Sha,moderate,Site_3,2026-06-18,absent
152,Bina Sha,moderate,Site_3,2026-06-19,present
152,Bina Sha,moderate,Site_3,2026-06-20,present
152,Bina Sha,moderate,Site_3,2026-06-22,present
152,Bina Sha,moderate,Site_3,2026-06-23,present
152,Bina Sha,moderate,Site_3,2026-06-24,present
152,Bina Sha,moderate,Site_3,2026-06-25,present
152,Bina Sha,moderate,Site_3,2026-06-26,present
152,Bina Sha,moderate,Site_3,2026-06-27,absent
152,Bina Sha,moderate,Site_3,2026-06-29,present
152,Bina Sha,moderate,Site_3,2026-06-30,present
152,Bina Sha,moderate,Site_3,2026-07-01,present
152,Bina Sha,moderate,Site_3,2026-07-02,present
152,Bina Sha,moderate,Site_3,2026-07-03,present
152,Bina Sha,moderate,Site_3,2026-07-04,present
152,Bina Sha,moderate,Site_3,2026-07-06,present
152,Bina Sha,moderate,Site_3,2026-07-07,present
152,Bina Sha,moderate,Site_3,2026-07-08,present
152,Bina Sha,moderate,Site_3,2026-07-09,absent
152,Bina Sha,moderate,Site_3,2026-07-10,present
153,Saanvi Upadhyay,moderate,Site_6,2026-04-18,present
153,Saanvi Upadhyay,moderate,Site_10,2026-04-20,present
153,Saanvi Upadhyay,moderate,Site_10,2026-04-21,absent
153,Saanvi Upadhyay,moderate,Site_6,2026-04-22,absent
153,Saanvi Upadhyay,moderate,Site_10,2026-04-23,present
153,Saanvi Upadhyay,moderate,Site_6,2026-04-24,present
153,Saanvi Upadhyay,moderate,Site_10,2026-04-25,present
153,Saanvi Upadhyay,moderate,Site_10,2026-04-27,present
153,Saanvi Upadhyay,moderate,Site_10,2026-04-28,absent
153,Saanvi Upadhyay,moderate,Site_10,2026-04-29,present
153,Saanvi Upadhyay,moderate,Site_10,2026-04-30,absent
153,Saanvi Upadhyay,moderate,Site_10,2026-05-01,absent
153,Saanvi Upadhyay,moderate,Site_10,2026-05-02,present
153,Saanvi Upadhyay,moderate,Site_10,2026-05-04,present
153,Saanvi Upadhyay,moderate,Site_10,2026-05-05,present
153,Saanvi Upadhyay,moderate,Site_10,2026-05-06,present
153,Saanvi Upadhyay,moderate,Site_6,2026-05-07,absent
153,Saanvi Upadhyay,moderate,Site_10,2026-05-08,present
153,Saanvi Upadhyay,moderate,Site_6,2026-05-09,present
153,Saanvi Upadhyay,moderate,Site_10,2026-05-11,present
153,Saanvi Upadhyay,moderate,Site_6,2026-05-12,present
153,Saanvi Upadhyay,moderate,Site_10,2026-05-13,present
153,Saanvi Upadhyay,moderate,Site_6,2026-05-14,absent
153,Saanvi Upadhyay,moderate,Site_6,2026-05-15,present
153,Saanvi Upadhyay,moderate,Site_10,2026-05-16,absent
153,Saanvi Upadhyay,moderate,Site_10,2026-05-18,present
153,Saanvi Upadhyay,moderate,Site_10,2026-05-19,present
153,Saanvi Upadhyay,moderate,Site_6,2026-05-20,present
153,Saanvi Upadhyay,moderate,Site_6,2026-05-21,present
153,Saanvi Upadhyay,moderate,Site_6,2026-05-22,present
153,Saanvi Upadhyay,moderate,Site_10,2026-05-23,present
153,Saanvi Upadhyay,moderate,Site_6,2026-05-25,present
153,Saanvi Upadhyay,moderate,Site_6,2026-05-26,present
153,Saanvi Upadhyay,moderate,Site_10,2026-05-27,present
153,Saanvi Upadhyay,moderate,Site_6,2026-05-28,absent
153,Saanvi Upadhyay,moderate,Site_6,2026-05-29,present
153,Saanvi Upadhyay,moderate,Site_6,2026-05-30,present
153,Saanvi Upadhyay,moderate,Site_6,2026-06-01,present
153,Saanvi Upadhyay,moderate,Site_6,2026-06-02,present
153,Saanvi Upadhyay,moderate,Site_10,2026-06-03,present
153,Saanvi Upadhyay,moderate,Site_6,2026-06-04,present
153,Saanvi Upadhyay,moderate,Site_6,2026-06-05,absent
153,Saanvi Upadhyay,moderate,Site_10,2026-06-06,absent
153,Saanvi Upadhyay,moderate,Site_10,2026-06-08,present
153,Saanvi Upadhyay,moderate,Site_6,2026-06-09,absent
153,Saanvi Upadhyay,moderate,Site_6,2026-06-10,present
153,Saanvi Upadhyay,moderate,Site_10,2026-06-11,present
153,Saanvi Upadhyay,moderate,Site_6,2026-06-12,present
153,Saanvi Upadhyay,moderate,Site_6,2026-06-13,present
153,Saanvi Upadhyay,moderate,Site_10,2026-06-15,absent
153,Saanvi Upadhyay,moderate,Site_10,2026-06-16,absent
153,Saanvi Upadhyay,moderate,Site_10,2026-06-17,absent
153,Saanvi Upadhyay,moderate,Site_10,2026-06-18,present
153,Saanvi Upadhyay,moderate,Site_6,2026-06-19,present
153,Saanvi Upadhyay,moderate,Site_6,2026-06-20,absent
153,Saanvi Upadhyay,moderate,Site_10,2026-06-22,present
153,Saanvi Upadhyay,moderate,Site_10,2026-06-23,present
153,Saanvi Upadhyay,moderate,Site_6,2026-06-24,present
153,Saanvi Upadhyay,moderate,Site_10,2026-06-25,present
153,Saanvi Upadhyay,moderate,Site_10,2026-06-26,present
153,Saanvi Upadhyay,moderate,Site_10,2026-06-27,present
153,Saanvi Upadhyay,moderate,Site_10,2026-06-29,absent
153,Saanvi Upadhyay,moderate,Site_6,2026-06-30,present
153,Saanvi Upadhyay,moderate,Site_6,2026-07-01,absent
153,Saanvi Upadhyay,moderate,Site_10,2026-07-02,present
153,Saanvi Upadhyay,moderate,Site_10,2026-07-03,present
153,Saanvi Upadhyay,moderate,Site_10,2026-07-04,present
153,Saanvi Upadhyay,moderate,Site_10,2026-07-06,present
153,Saanvi Upadhyay,moderate,Site_6,2026-07-07,present
153,Saanvi Upadhyay,moderate,Site_6,2026-07-08,present
153,Saanvi Upadhyay,moderate,Site_6,2026-07-09,present
153,Saanvi Upadhyay,moderate,Site_6,2026-07-10,present
154,Krishna Mohanty,reliable,Site_2,2026-03-03,present
154,Krishna Mohanty,reliable,Site_2,2026-03-04,present
154,Krishna Mohanty,reliable,Site_2,2026-03-05,present
154,Krishna Mohanty,reliable,Site_10,2026-03-06,present
154,Krishna Mohanty,reliable,Site_10,2026-03-07,present
154,Krishna Mohanty,reliable,Site_1,2026-03-09,present
154,Krishna Mohanty,reliable,Site_2,2026-03-10,present
154,Krishna Mohanty,reliable,Site_1,2026-03-11,present
154,Krishna Mohanty,reliable,Site_10,2026-03-12,present
154,Krishna Mohanty,reliable,Site_1,2026-03-13,absent
154,Krishna Mohanty,reliable,Site_10,2026-03-14,present
154,Krishna Mohanty,reliable,Site_2,2026-03-16,present
154,Krishna Mohanty,reliable,Site_2,2026-03-17,present
154,Krishna Mohanty,reliable,Site_2,2026-03-18,present
154,Krishna Mohanty,reliable,Site_10,2026-03-19,present
154,Krishna Mohanty,reliable,Site_1,2026-03-20,present
154,Krishna Mohanty,reliable,Site_10,2026-03-21,present
154,Krishna Mohanty,reliable,Site_1,2026-03-23,present
154,Krishna Mohanty,reliable,Site_10,2026-03-24,present
154,Krishna Mohanty,reliable,Site_10,2026-03-25,present
154,Krishna Mohanty,reliable,Site_2,2026-03-26,absent
154,Krishna Mohanty,reliable,Site_2,2026-03-27,present
154,Krishna Mohanty,reliable,Site_10,2026-03-28,present
154,Krishna Mohanty,reliable,Site_10,2026-03-30,present
154,Krishna Mohanty,reliable,Site_2,2026-03-31,present
154,Krishna Mohanty,reliable,Site_10,2026-04-01,present
154,Krishna Mohanty,reliable,Site_10,2026-04-02,present
154,Krishna Mohanty,reliable,Site_2,2026-04-03,present
154,Krishna Mohanty,reliable,Site_1,2026-04-04,present
154,Krishna Mohanty,reliable,Site_10,2026-04-06,present
154,Krishna Mohanty,reliable,Site_2,2026-04-07,present
154,Krishna Mohanty,reliable,Site_2,2026-04-08,absent
154,Krishna Mohanty,reliable,Site_2,2026-04-09,absent
154,Krishna Mohanty,reliable,Site_10,2026-04-10,present
154,Krishna Mohanty,reliable,Site_10,2026-04-11,present
154,Krishna Mohanty,reliable,Site_10,2026-04-13,absent
154,Krishna Mohanty,reliable,Site_2,2026-04-14,present
154,Krishna Mohanty,reliable,Site_1,2026-04-15,absent
154,Krishna Mohanty,reliable,Site_10,2026-04-16,present
154,Krishna Mohanty,reliable,Site_10,2026-04-17,absent
154,Krishna Mohanty,reliable,Site_10,2026-04-18,present
154,Krishna Mohanty,reliable,Site_2,2026-04-20,present
154,Krishna Mohanty,reliable,Site_2,2026-04-21,present
154,Krishna Mohanty,reliable,Site_2,2026-04-22,present
154,Krishna Mohanty,reliable,Site_2,2026-04-23,present
154,Krishna Mohanty,reliable,Site_10,2026-04-24,present
154,Krishna Mohanty,reliable,Site_1,2026-04-25,present
154,Krishna Mohanty,reliable,Site_2,2026-04-27,present
154,Krishna Mohanty,reliable,Site_1,2026-04-28,present
154,Krishna Mohanty,reliable,Site_10,2026-04-29,present
154,Krishna Mohanty,reliable,Site_10,2026-04-30,present
154,Krishna Mohanty,reliable,Site_1,2026-05-01,present
154,Krishna Mohanty,reliable,Site_10,2026-05-02,present
154,Krishna Mohanty,reliable,Site_1,2026-05-04,absent
154,Krishna Mohanty,reliable,Site_2,2026-05-05,present
154,Krishna Mohanty,reliable,Site_10,2026-05-06,present
154,Krishna Mohanty,reliable,Site_2,2026-05-07,absent
154,Krishna Mohanty,reliable,Site_2,2026-05-08,present
154,Krishna Mohanty,reliable,Site_10,2026-05-09,present
154,Krishna Mohanty,reliable,Site_2,2026-05-11,present
154,Krishna Mohanty,reliable,Site_2,2026-05-12,present
154,Krishna Mohanty,reliable,Site_10,2026-05-13,present
154,Krishna Mohanty,reliable,Site_2,2026-05-14,present
154,Krishna Mohanty,reliable,Site_2,2026-05-15,present
154,Krishna Mohanty,reliable,Site_1,2026-05-16,present
154,Krishna Mohanty,reliable,Site_2,2026-05-18,present
154,Krishna Mohanty,reliable,Site_1,2026-05-19,present
154,Krishna Mohanty,reliable,Site_1,2026-05-20,present
154,Krishna Mohanty,reliable,Site_10,2026-05-21,present
154,Krishna Mohanty,reliable,Site_10,2026-05-22,present
154,Krishna Mohanty,reliable,Site_2,2026-05-23,present
154,Krishna Mohanty,reliable,Site_2,2026-05-25,present
154,Krishna Mohanty,reliable,Site_2,2026-05-26,absent
154,Krishna Mohanty,reliable,Site_10,2026-05-27,absent
154,Krishna Mohanty,reliable,Site_1,2026-05-28,present
154,Krishna Mohanty,reliable,Site_2,2026-05-29,present
154,Krishna Mohanty,reliable,Site_1,2026-05-30,present
154,Krishna Mohanty,reliable,Site_10,2026-06-01,present
154,Krishna Mohanty,reliable,Site_10,2026-06-02,present
154,Krishna Mohanty,reliable,Site_1,2026-06-03,present
154,Krishna Mohanty,reliable,Site_10,2026-06-04,present
154,Krishna Mohanty,reliable,Site_2,2026-06-05,present
154,Krishna Mohanty,reliable,Site_2,2026-06-06,present
154,Krishna Mohanty,reliable,Site_10,2026-06-08,present
154,Krishna Mohanty,reliable,Site_1,2026-06-09,present
154,Krishna Mohanty,reliable,Site_1,2026-06-10,present
154,Krishna Mohanty,reliable,Site_1,2026-06-11,present
154,Krishna Mohanty,reliable,Site_2,2026-06-12,present
154,Krishna Mohanty,reliable,Site_1,2026-06-13,present
154,Krishna Mohanty,reliable,Site_10,2026-06-15,present
154,Krishna Mohanty,reliable,Site_1,2026-06-16,present
154,Krishna Mohanty,reliable,Site_2,2026-06-17,present
154,Krishna Mohanty,reliable,Site_2,2026-06-18,present
154,Krishna Mohanty,reliable,Site_2,2026-06-19,present
154,Krishna Mohanty,reliable,Site_2,2026-06-20,present
154,Krishna Mohanty,reliable,Site_2,2026-06-22,present
154,Krishna Mohanty,reliable,Site_1,2026-06-23,present
154,Krishna Mohanty,reliable,Site_2,2026-06-24,present
154,Krishna Mohanty,reliable,Site_2,2026-06-25,present
154,Krishna Mohanty,reliable,Site_2,2026-06-26,absent
154,Krishna Mohanty,reliable,Site_10,2026-06-27,present
154,Krishna Mohanty,reliable,Site_10,2026-06-29,present
154,Krishna Mohanty,reliable,Site_2,2026-06-30,present
154,Krishna Mohanty,reliable,Site_1,2026-07-01,present
154,Krishna Mohanty,reliable,Site_1,2026-07-02,present
154,Krishna Mohanty,reliable,Site_1,2026-07-03,absent
154,Krishna Mohanty,reliable,Site_1,2026-07-04,present
154,Krishna Mohanty,reliable,Site_1,2026-07-06,present
154,Krishna Mohanty,reliable,Site_10,2026-07-07,present
154,Krishna Mohanty,reliable,Site_2,2026-07-08,present
154,Krishna Mohanty,reliable,Site_10,2026-07-09,present
154,Krishna Mohanty,reliable,Site_10,2026-07-10,present
155,Pushti Vasa,unreliable,Site_5,2026-06-04,present
155,Pushti Vasa,unreliable,Site_5,2026-06-05,present
155,Pushti Vasa,unreliable,Site_5,2026-06-06,present
155,Pushti Vasa,unreliable,Site_5,2026-06-08,present
155,Pushti Vasa,unreliable,Site_5,2026-06-09,present
155,Pushti Vasa,unreliable,Site_5,2026-06-10,absent
155,Pushti Vasa,unreliable,Site_5,2026-06-11,absent
155,Pushti Vasa,unreliable,Site_5,2026-06-12,present
155,Pushti Vasa,unreliable,Site_5,2026-06-13,absent
155,Pushti Vasa,unreliable,Site_5,2026-06-15,absent
155,Pushti Vasa,unreliable,Site_5,2026-06-16,absent
155,Pushti Vasa,unreliable,Site_5,2026-06-17,present
155,Pushti Vasa,unreliable,Site_5,2026-06-18,absent
155,Pushti Vasa,unreliable,Site_5,2026-06-19,present
155,Pushti Vasa,unreliable,Site_5,2026-06-20,present
155,Pushti Vasa,unreliable,Site_5,2026-06-22,present
155,Pushti Vasa,unreliable,Site_5,2026-06-23,present
155,Pushti Vasa,unreliable,Site_5,2026-06-24,present
155,Pushti Vasa,unreliable,Site_5,2026-06-25,absent
155,Pushti Vasa,unreliable,Site_5,2026-06-26,present
155,Pushti Vasa,unreliable,Site_5,2026-06-27,present
155,Pushti Vasa,unreliable,Site_5,2026-06-29,present
155,Pushti Vasa,unreliable,Site_5,2026-06-30,absent
155,Pushti Vasa,unreliable,Site_5,2026-07-01,absent
155,Pushti Vasa,unreliable,Site_5,2026-07-02,present
155,Pushti Vasa,unreliable,Site_5,2026-07-03,present
155,Pushti Vasa,unreliable,Site_5,2026-07-04,present
155,Pushti Vasa,unreliable,Site_5,2026-07-06,present
155,Pushti Vasa,unreliable,Site_5,2026-07-07,absent
155,Pushti Vasa,unreliable,Site_5,2026-07-08,present
155,Pushti Vasa,unreliable,Site_5,2026-07-09,absent
155,Pushti Vasa,unreliable,Site_5,2026-07-10,present
156,Kalpit Naidu,new,Site_1,2026-06-29,absent
156,Kalpit Naidu,new,Site_1,2026-06-30,present
156,Kalpit Naidu,new,Site_1,2026-07-01,absent
156,Kalpit Naidu,new,Site_1,2026-07-02,present
156,Kalpit Naidu,new,Site_1,2026-07-03,present
156,Kalpit Naidu,new,Site_1,2026-07-04,present
156,Kalpit Naidu,new,Site_1,2026-07-06,absent
156,Kalpit Naidu,new,Site_1,2026-07-07,absent
156,Kalpit Naidu,new,Site_1,2026-07-08,present
156,Kalpit Naidu,new,Site_1,2026-07-09,present
156,Kalpit Naidu,new,Site_1,2026-07-10,present
157,Jatin Dada,unreliable,Site_5,2026-06-22,present
157,Jatin Dada,unreliable,Site_5,2026-06-23,absent
157,Jatin Dada,unreliable,Site_5,2026-06-24,absent
157,Jatin Dada,unreliable,Site_5,2026-06-25,absent
157,Jatin Dada,unreliable,Site_5,2026-06-26,present
157,Jatin Dada,unreliable,Site_5,2026-06-27,present
157,Jatin Dada,unreliable,Site_5,2026-06-29,absent
157,Jatin Dada,unreliable,Site_5,2026-06-30,absent
157,Jatin Dada,unreliable,Site_5,2026-07-01,absent
157,Jatin Dada,unreliable,Site_5,2026-07-02,present
157,Jatin Dada,unreliable,Site_5,2026-07-03,absent
157,Jatin Dada,unreliable,Site_5,2026-07-04,present
157,Jatin Dada,unreliable,Site_5,2026-07-06,present
157,Jatin Dada,unreliable,Site_5,2026-07-07,absent
157,Jatin Dada,unreliable,Site_5,2026-07-08,absent
157,Jatin Dada,unreliable,Site_5,2026-07-09,present
157,Jatin Dada,unreliable,Site_5,2026-07-10,absent
158,Ekiya Samra,new,Site_1,2026-06-29,present
158,Ekiya Samra,new,Site_1,2026-06-30,present
158,Ekiya Samra,new,Site_1,2026-07-01,present
158,Ekiya Samra,new,Site_1,2026-07-02,present
158,Ekiya Samra,new,Site_1,2026-07-03,present
158,Ekiya Samra,new,Site_1,2026-07-04,present
158,Ekiya Samra,new,Site_1,2026-07-06,present
158,Ekiya Samra,new,Site_1,2026-07-07,present
158,Ekiya Samra,new,Site_1,2026-07-08,present
158,Ekiya Samra,new,Site_1,2026-07-09,present
158,Ekiya Samra,new,Site_1,2026-07-10,present
159,Ira Minhas,moderate,Site_3,2026-04-17,present
159,Ira Minhas,moderate,Site_3,2026-04-18,present
159,Ira Minhas,moderate,Site_3,2026-04-20,present
159,Ira Minhas,moderate,Site_3,2026-04-21,present
159,Ira Minhas,moderate,Site_8,2026-04-22,present
159,Ira Minhas,moderate,Site_8,2026-04-23,present
159,Ira Minhas,moderate,Site_3,2026-04-24,present
159,Ira Minhas,moderate,Site_8,2026-04-25,present
159,Ira Minhas,moderate,Site_8,2026-04-27,present
159,Ira Minhas,moderate,Site_8,2026-04-28,present
159,Ira Minhas,moderate,Site_3,2026-04-29,absent
159,Ira Minhas,moderate,Site_3,2026-04-30,present
159,Ira Minhas,moderate,Site_3,2026-05-01,present
159,Ira Minhas,moderate,Site_3,2026-05-02,present
159,Ira Minhas,moderate,Site_3,2026-05-04,absent
159,Ira Minhas,moderate,Site_3,2026-05-05,present
159,Ira Minhas,moderate,Site_8,2026-05-06,absent
159,Ira Minhas,moderate,Site_3,2026-05-07,present
159,Ira Minhas,moderate,Site_8,2026-05-08,present
159,Ira Minhas,moderate,Site_8,2026-05-09,present
159,Ira Minhas,moderate,Site_8,2026-05-11,present
159,Ira Minhas,moderate,Site_8,2026-05-12,present
159,Ira Minhas,moderate,Site_3,2026-05-13,present
159,Ira Minhas,moderate,Site_8,2026-05-14,present
159,Ira Minhas,moderate,Site_8,2026-05-15,present
159,Ira Minhas,moderate,Site_8,2026-05-16,present
159,Ira Minhas,moderate,Site_8,2026-05-18,present
159,Ira Minhas,moderate,Site_3,2026-05-19,present
159,Ira Minhas,moderate,Site_3,2026-05-20,present
159,Ira Minhas,moderate,Site_8,2026-05-21,present
159,Ira Minhas,moderate,Site_8,2026-05-22,present
159,Ira Minhas,moderate,Site_3,2026-05-23,present
159,Ira Minhas,moderate,Site_8,2026-05-25,absent
159,Ira Minhas,moderate,Site_3,2026-05-26,present
159,Ira Minhas,moderate,Site_3,2026-05-27,present
159,Ira Minhas,moderate,Site_3,2026-05-28,present
159,Ira Minhas,moderate,Site_3,2026-05-29,absent
159,Ira Minhas,moderate,Site_8,2026-05-30,present
159,Ira Minhas,moderate,Site_3,2026-06-01,present
159,Ira Minhas,moderate,Site_3,2026-06-02,present
159,Ira Minhas,moderate,Site_3,2026-06-03,present
159,Ira Minhas,moderate,Site_3,2026-06-04,present
159,Ira Minhas,moderate,Site_3,2026-06-05,present
159,Ira Minhas,moderate,Site_3,2026-06-06,present
159,Ira Minhas,moderate,Site_8,2026-06-08,absent
159,Ira Minhas,moderate,Site_3,2026-06-09,present
159,Ira Minhas,moderate,Site_8,2026-06-10,absent
159,Ira Minhas,moderate,Site_8,2026-06-11,present
159,Ira Minhas,moderate,Site_3,2026-06-12,absent
159,Ira Minhas,moderate,Site_3,2026-06-13,present
159,Ira Minhas,moderate,Site_3,2026-06-15,absent
159,Ira Minhas,moderate,Site_3,2026-06-16,absent
159,Ira Minhas,moderate,Site_3,2026-06-17,absent
159,Ira Minhas,moderate,Site_8,2026-06-18,present
159,Ira Minhas,moderate,Site_8,2026-06-19,present
159,Ira Minhas,moderate,Site_3,2026-06-20,present
159,Ira Minhas,moderate,Site_3,2026-06-22,present
159,Ira Minhas,moderate,Site_3,2026-06-23,present
159,Ira Minhas,moderate,Site_3,2026-06-24,present
159,Ira Minhas,moderate,Site_3,2026-06-25,present
159,Ira Minhas,moderate,Site_3,2026-06-26,present
159,Ira Minhas,moderate,Site_8,2026-06-27,present
159,Ira Minhas,moderate,Site_3,2026-06-29,present
159,Ira Minhas,moderate,Site_3,2026-06-30,present
159,Ira Minhas,moderate,Site_8,2026-07-01,present
159,Ira Minhas,moderate,Site_8,2026-07-02,present
159,Ira Minhas,moderate,Site_8,2026-07-03,present
159,Ira Minhas,moderate,Site_8,2026-07-04,present
159,Ira Minhas,moderate,Site_3,2026-07-06,present
159,Ira Minhas,moderate,Site_8,2026-07-07,present
159,Ira Minhas,moderate,Site_8,2026-07-08,present
159,Ira Minhas,moderate,Site_8,2026-07-09,present
159,Ira Minhas,moderate,Site_3,2026-07-10,present
160,Fiyaz Mutti,reliable,Site_3,2026-01-23,present
160,Fiyaz Mutti,reliable,Site_3,2026-01-24,present
160,Fiyaz Mutti,reliable,Site_10,2026-01-26,present
160,Fiyaz Mutti,reliable,Site_3,2026-01-27,present
160,Fiyaz Mutti,reliable,Site_3,2026-01-28,present
160,Fiyaz Mutti,reliable,Site_3,2026-01-29,present
160,Fiyaz Mutti,reliable,Site_3,2026-01-30,present
160,Fiyaz Mutti,reliable,Site_10,2026-01-31,present
160,Fiyaz Mutti,reliable,Site_3,2026-02-02,present
160,Fiyaz Mutti,reliable,Site_3,2026-02-03,absent
160,Fiyaz Mutti,reliable,Site_10,2026-02-04,present
160,Fiyaz Mutti,reliable,Site_4,2026-02-05,present
160,Fiyaz Mutti,reliable,Site_10,2026-02-06,present
160,Fiyaz Mutti,reliable,Site_3,2026-02-07,present
160,Fiyaz Mutti,reliable,Site_3,2026-02-09,present
160,Fiyaz Mutti,reliable,Site_3,2026-02-10,present
160,Fiyaz Mutti,reliable,Site_4,2026-02-11,present
160,Fiyaz Mutti,reliable,Site_10,2026-02-12,present
160,Fiyaz Mutti,reliable,Site_3,2026-02-13,present
160,Fiyaz Mutti,reliable,Site_4,2026-02-14,present
160,Fiyaz Mutti,reliable,Site_4,2026-02-16,present
160,Fiyaz Mutti,reliable,Site_10,2026-02-17,present
160,Fiyaz Mutti,reliable,Site_3,2026-02-18,present
160,Fiyaz Mutti,reliable,Site_3,2026-02-19,present
160,Fiyaz Mutti,reliable,Site_10,2026-02-20,present
160,Fiyaz Mutti,reliable,Site_4,2026-02-21,present
160,Fiyaz Mutti,reliable,Site_4,2026-02-23,present
160,Fiyaz Mutti,reliable,Site_3,2026-02-24,present
160,Fiyaz Mutti,reliable,Site_10,2026-02-25,present
160,Fiyaz Mutti,reliable,Site_3,2026-02-26,present
160,Fiyaz Mutti,reliable,Site_10,2026-02-27,present
160,Fiyaz Mutti,reliable,Site_10,2026-02-28,present
160,Fiyaz Mutti,reliable,Site_3,2026-03-02,present
160,Fiyaz Mutti,reliable,Site_4,2026-03-03,present
160,Fiyaz Mutti,reliable,Site_3,2026-03-04,present
160,Fiyaz Mutti,reliable,Site_3,2026-03-05,present
160,Fiyaz Mutti,reliable,Site_4,2026-03-06,present
160,Fiyaz Mutti,reliable,Site_3,2026-03-07,present
160,Fiyaz Mutti,reliable,Site_10,2026-03-09,present
160,Fiyaz Mutti,reliable,Site_10,2026-03-10,present
160,Fiyaz Mutti,reliable,Site_3,2026-03-11,present
160,Fiyaz Mutti,reliable,Site_3,2026-03-12,present
160,Fiyaz Mutti,reliable,Site_3,2026-03-13,present
160,Fiyaz Mutti,reliable,Site_10,2026-03-14,present
160,Fiyaz Mutti,reliable,Site_4,2026-03-16,present
160,Fiyaz Mutti,reliable,Site_10,2026-03-17,present
160,Fiyaz Mutti,reliable,Site_3,2026-03-18,present
160,Fiyaz Mutti,reliable,Site_4,2026-03-19,present
160,Fiyaz Mutti,reliable,Site_10,2026-03-20,present
160,Fiyaz Mutti,reliable,Site_10,2026-03-21,present
160,Fiyaz Mutti,reliable,Site_4,2026-03-23,present
160,Fiyaz Mutti,reliable,Site_4,2026-03-24,present
160,Fiyaz Mutti,reliable,Site_3,2026-03-25,present
160,Fiyaz Mutti,reliable,Site_10,2026-03-26,present
160,Fiyaz Mutti,reliable,Site_10,2026-03-27,present
160,Fiyaz Mutti,reliable,Site_3,2026-03-28,present
160,Fiyaz Mutti,reliable,Site_4,2026-03-30,present
160,Fiyaz Mutti,reliable,Site_10,2026-03-31,absent
160,Fiyaz Mutti,reliable,Site_4,2026-04-01,present
160,Fiyaz Mutti,reliable,Site_10,2026-04-02,present
160,Fiyaz Mutti,reliable,Site_10,2026-04-03,present
160,Fiyaz Mutti,reliable,Site_3,2026-04-04,present
160,Fiyaz Mutti,reliable,Site_3,2026-04-06,present
160,Fiyaz Mutti,reliable,Site_10,2026-04-07,present
160,Fiyaz Mutti,reliable,Site_4,2026-04-08,present
160,Fiyaz Mutti,reliable,Site_3,2026-04-09,present
160,Fiyaz Mutti,reliable,Site_4,2026-04-10,present
160,Fiyaz Mutti,reliable,Site_3,2026-04-11,present
160,Fiyaz Mutti,reliable,Site_3,2026-04-13,present
160,Fiyaz Mutti,reliable,Site_4,2026-04-14,present
160,Fiyaz Mutti,reliable,Site_4,2026-04-15,present
160,Fiyaz Mutti,reliable,Site_3,2026-04-16,present
160,Fiyaz Mutti,reliable,Site_4,2026-04-17,present
160,Fiyaz Mutti,reliable,Site_3,2026-04-18,present
160,Fiyaz Mutti,reliable,Site_3,2026-04-20,present
160,Fiyaz Mutti,reliable,Site_4,2026-04-21,present
160,Fiyaz Mutti,reliable,Site_3,2026-04-22,present
160,Fiyaz Mutti,reliable,Site_3,2026-04-23,present
160,Fiyaz Mutti,reliable,Site_3,2026-04-24,absent
160,Fiyaz Mutti,reliable,Site_3,2026-04-25,present
160,Fiyaz Mutti,reliable,Site_3,2026-04-27,present
160,Fiyaz Mutti,reliable,Site_10,2026-04-28,present
160,Fiyaz Mutti,reliable,Site_4,2026-04-29,present
160,Fiyaz Mutti,reliable,Site_10,2026-04-30,present
160,Fiyaz Mutti,reliable,Site_3,2026-05-01,present
160,Fiyaz Mutti,reliable,Site_4,2026-05-02,present
160,Fiyaz Mutti,reliable,Site_10,2026-05-04,present
160,Fiyaz Mutti,reliable,Site_4,2026-05-05,present
160,Fiyaz Mutti,reliable,Site_10,2026-05-06,absent
160,Fiyaz Mutti,reliable,Site_10,2026-05-07,present
160,Fiyaz Mutti,reliable,Site_3,2026-05-08,present
160,Fiyaz Mutti,reliable,Site_3,2026-05-09,present
160,Fiyaz Mutti,reliable,Site_4,2026-05-11,present
160,Fiyaz Mutti,reliable,Site_4,2026-05-12,present
160,Fiyaz Mutti,reliable,Site_4,2026-05-13,present
160,Fiyaz Mutti,reliable,Site_3,2026-05-14,present
160,Fiyaz Mutti,reliable,Site_4,2026-05-15,present
160,Fiyaz Mutti,reliable,Site_4,2026-05-16,present
160,Fiyaz Mutti,reliable,Site_10,2026-05-18,present
160,Fiyaz Mutti,reliable,Site_3,2026-05-19,present
160,Fiyaz Mutti,reliable,Site_4,2026-05-20,present
160,Fiyaz Mutti,reliable,Site_3,2026-05-21,present
160,Fiyaz Mutti,reliable,Site_4,2026-05-22,present
160,Fiyaz Mutti,reliable,Site_4,2026-05-23,present
160,Fiyaz Mutti,reliable,Site_10,2026-05-25,present
160,Fiyaz Mutti,reliable,Site_4,2026-05-26,present
160,Fiyaz Mutti,reliable,Site_4,2026-05-27,present
160,Fiyaz Mutti,reliable,Site_3,2026-05-28,present
160,Fiyaz Mutti,reliable,Site_10,2026-05-29,present
160,Fiyaz Mutti,reliable,Site_10,2026-05-30,absent
160,Fiyaz Mutti,reliable,Site_10,2026-06-01,present
160,Fiyaz Mutti,reliable,Site_3,2026-06-02,present
160,Fiyaz Mutti,reliable,Site_10,2026-06-03,absent
160,Fiyaz Mutti,reliable,Site_4,2026-06-04,present
160,Fiyaz Mutti,reliable,Site_10,2026-06-05,present
160,Fiyaz Mutti,reliable,Site_10,2026-06-06,present
160,Fiyaz Mutti,reliable,Site_4,2026-06-08,present
160,Fiyaz Mutti,reliable,Site_10,2026-06-09,present
160,Fiyaz Mutti,reliable,Site_4,2026-06-10,present
160,Fiyaz Mutti,reliable,Site_3,2026-06-11,present
160,Fiyaz Mutti,reliable,Site_4,2026-06-12,present
160,Fiyaz Mutti,reliable,Site_4,2026-06-13,present
160,Fiyaz Mutti,reliable,Site_10,2026-06-15,present
160,Fiyaz Mutti,reliable,Site_10,2026-06-16,present
160,Fiyaz Mutti,reliable,Site_10,2026-06-17,present
160,Fiyaz Mutti,reliable,Site_3,2026-06-18,present
160,Fiyaz Mutti,reliable,Site_10,2026-06-19,present
160,Fiyaz Mutti,reliable,Site_3,2026-06-20,present
160,Fiyaz Mutti,reliable,Site_10,2026-06-22,present
160,Fiyaz Mutti,reliable,Site_3,2026-06-23,present
160,Fiyaz Mutti,reliable,Site_10,2026-06-24,present
160,Fiyaz Mutti,reliable,Site_4,2026-06-25,present
160,Fiyaz Mutti,reliable,Site_10,2026-06-26,present
160,Fiyaz Mutti,reliable,Site_4,2026-06-27,present
160,Fiyaz Mutti,reliable,Site_4,2026-06-29,present
160,Fiyaz Mutti,reliable,Site_4,2026-06-30,present
160,Fiyaz Mutti,reliable,Site_4,2026-07-01,present
160,Fiyaz Mutti,reliable,Site_10,2026-07-02,present
160,Fiyaz Mutti,reliable,Site_3,2026-07-03,present
160,Fiyaz Mutti,reliable,Site_3,2026-07-04,present
160,Fiyaz Mutti,reliable,Site_3,2026-07-06,present
160,Fiyaz Mutti,reliable,Site_10,2026-07-07,present
160,Fiyaz Mutti,reliable,Site_4,2026-07-08,present
160,Fiyaz Mutti,reliable,Site_3,2026-07-09,present
160,Fiyaz Mutti,reliable,Site_3,2026-07-10,present
161,Indali Chand,reliable,Site_9,2026-03-03,present
161,Indali Chand,reliable,Site_6,2026-03-04,present
161,Indali Chand,reliable,Site_8,2026-03-05,present
161,Indali Chand,reliable,Site_8,2026-03-06,present
161,Indali Chand,reliable,Site_8,2026-03-07,present
161,Indali Chand,reliable,Site_7,2026-03-09,present
161,Indali Chand,reliable,Site_8,2026-03-10,present
161,Indali Chand,reliable,Site_8,2026-03-11,present
161,Indali Chand,reliable,Site_9,2026-03-12,present
161,Indali Chand,reliable,Site_7,2026-03-13,present
161,Indali Chand,reliable,Site_8,2026-03-14,present
161,Indali Chand,reliable,Site_9,2026-03-16,present
161,Indali Chand,reliable,Site_7,2026-03-17,present
161,Indali Chand,reliable,Site_9,2026-03-18,present
161,Indali Chand,reliable,Site_8,2026-03-19,present
161,Indali Chand,reliable,Site_9,2026-03-20,present
161,Indali Chand,reliable,Site_9,2026-03-21,present
161,Indali Chand,reliable,Site_9,2026-03-23,present
161,Indali Chand,reliable,Site_9,2026-03-24,present
161,Indali Chand,reliable,Site_9,2026-03-25,present
161,Indali Chand,reliable,Site_9,2026-03-26,present
161,Indali Chand,reliable,Site_9,2026-03-27,present
161,Indali Chand,reliable,Site_6,2026-03-28,present
161,Indali Chand,reliable,Site_8,2026-03-30,present
161,Indali Chand,reliable,Site_7,2026-03-31,present
161,Indali Chand,reliable,Site_7,2026-04-01,present
161,Indali Chand,reliable,Site_9,2026-04-02,present
161,Indali Chand,reliable,Site_7,2026-04-03,present
161,Indali Chand,reliable,Site_6,2026-04-04,present
161,Indali Chand,reliable,Site_9,2026-04-06,present
161,Indali Chand,reliable,Site_9,2026-04-07,present
161,Indali Chand,reliable,Site_6,2026-04-08,present
161,Indali Chand,reliable,Site_8,2026-04-09,present
161,Indali Chand,reliable,Site_6,2026-04-10,present
161,Indali Chand,reliable,Site_6,2026-04-11,present
161,Indali Chand,reliable,Site_9,2026-04-13,present
161,Indali Chand,reliable,Site_9,2026-04-14,present
161,Indali Chand,reliable,Site_6,2026-04-15,present
161,Indali Chand,reliable,Site_9,2026-04-16,present
161,Indali Chand,reliable,Site_7,2026-04-17,present
161,Indali Chand,reliable,Site_9,2026-04-18,present
161,Indali Chand,reliable,Site_9,2026-04-20,present
161,Indali Chand,reliable,Site_6,2026-04-21,present
161,Indali Chand,reliable,Site_6,2026-04-22,present
161,Indali Chand,reliable,Site_6,2026-04-23,present
161,Indali Chand,reliable,Site_6,2026-04-24,present
161,Indali Chand,reliable,Site_7,2026-04-25,present
161,Indali Chand,reliable,Site_7,2026-04-27,present
161,Indali Chand,reliable,Site_6,2026-04-28,present
161,Indali Chand,reliable,Site_8,2026-04-29,present
161,Indali Chand,reliable,Site_8,2026-04-30,present
161,Indali Chand,reliable,Site_7,2026-05-01,absent
161,Indali Chand,reliable,Site_8,2026-05-02,present
161,Indali Chand,reliable,Site_9,2026-05-04,present
161,Indali Chand,reliable,Site_6,2026-05-05,present
161,Indali Chand,reliable,Site_7,2026-05-06,present
161,Indali Chand,reliable,Site_7,2026-05-07,present
161,Indali Chand,reliable,Site_7,2026-05-08,present
161,Indali Chand,reliable,Site_7,2026-05-09,absent
161,Indali Chand,reliable,Site_6,2026-05-11,present
161,Indali Chand,reliable,Site_7,2026-05-12,present
161,Indali Chand,reliable,Site_6,2026-05-13,present
161,Indali Chand,reliable,Site_9,2026-05-14,present
161,Indali Chand,reliable,Site_8,2026-05-15,present
161,Indali Chand,reliable,Site_8,2026-05-16,present
161,Indali Chand,reliable,Site_6,2026-05-18,present
161,Indali Chand,reliable,Site_7,2026-05-19,present
161,Indali Chand,reliable,Site_7,2026-05-20,present
161,Indali Chand,reliable,Site_8,2026-05-21,present
161,Indali Chand,reliable,Site_6,2026-05-22,present
161,Indali Chand,reliable,Site_6,2026-05-23,present
161,Indali Chand,reliable,Site_7,2026-05-25,present
161,Indali Chand,reliable,Site_9,2026-05-26,present
161,Indali Chand,reliable,Site_9,2026-05-27,present
161,Indali Chand,reliable,Site_7,2026-05-28,present
161,Indali Chand,reliable,Site_8,2026-05-29,present
161,Indali Chand,reliable,Site_6,2026-05-30,present
161,Indali Chand,reliable,Site_7,2026-06-01,present
161,Indali Chand,reliable,Site_6,2026-06-02,present
161,Indali Chand,reliable,Site_9,2026-06-03,present
161,Indali Chand,reliable,Site_6,2026-06-04,present
161,Indali Chand,reliable,Site_9,2026-06-05,present
161,Indali Chand,reliable,Site_7,2026-06-06,present
161,Indali Chand,reliable,Site_7,2026-06-08,present
161,Indali Chand,reliable,Site_6,2026-06-09,present
161,Indali Chand,reliable,Site_9,2026-06-10,present
161,Indali Chand,reliable,Site_8,2026-06-11,present
161,Indali Chand,reliable,Site_7,2026-06-12,present
161,Indali Chand,reliable,Site_6,2026-06-13,present
161,Indali Chand,reliable,Site_6,2026-06-15,present
161,Indali Chand,reliable,Site_9,2026-06-16,present
161,Indali Chand,reliable,Site_9,2026-06-17,present
161,Indali Chand,reliable,Site_9,2026-06-18,present
161,Indali Chand,reliable,Site_8,2026-06-19,present
161,Indali Chand,reliable,Site_8,2026-06-20,present
161,Indali Chand,reliable,Site_6,2026-06-22,present
161,Indali Chand,reliable,Site_9,2026-06-23,present
161,Indali Chand,reliable,Site_6,2026-06-24,present
161,Indali Chand,reliable,Site_6,2026-06-25,present
161,Indali Chand,reliable,Site_9,2026-06-26,absent
161,Indali Chand,reliable,Site_6,2026-06-27,present
161,Indali Chand,reliable,Site_6,2026-06-29,present
161,Indali Chand,reliable,Site_8,2026-06-30,present
161,Indali Chand,reliable,Site_6,2026-07-01,present
161,Indali Chand,reliable,Site_6,2026-07-02,present
161,Indali Chand,reliable,Site_6,2026-07-03,present
161,Indali Chand,reliable,Site_9,2026-07-04,present
161,Indali Chand,reliable,Site_6,2026-07-06,present
161,Indali Chand,reliable,Site_7,2026-07-07,present
161,Indali Chand,reliable,Site_8,2026-07-08,present
161,Indali Chand,reliable,Site_8,2026-07-09,present
161,Indali Chand,reliable,Site_8,2026-07-10,present
162,Wazir Murty,new,Site_4,2026-07-02,present
162,Wazir Murty,new,Site_4,2026-07-03,present
162,Wazir Murty,new,Site_4,2026-07-04,present
162,Wazir Murty,new,Site_4,2026-07-06,present
162,Wazir Murty,new,Site_4,2026-07-07,present
162,Wazir Murty,new,Site_4,2026-07-08,present
162,Wazir Murty,new,Site_4,2026-07-09,present
162,Wazir Murty,new,Site_4,2026-07-10,present
163,Chanakya Dube,reliable,Site_10,2026-02-10,present
163,Chanakya Dube,reliable,Site_3,2026-02-11,present
163,Chanakya Dube,reliable,Site_2,2026-02-12,present
163,Chanakya Dube,reliable,Site_10,2026-02-13,present
163,Chanakya Dube,reliable,Site_2,2026-02-14,present
163,Chanakya Dube,reliable,Site_2,2026-02-16,present
163,Chanakya Dube,reliable,Site_3,2026-02-17,present
163,Chanakya Dube,reliable,Site_3,2026-02-18,absent
163,Chanakya Dube,reliable,Site_2,2026-02-19,present
163,Chanakya Dube,reliable,Site_9,2026-02-20,present
163,Chanakya Dube,reliable,Site_2,2026-02-21,present
163,Chanakya Dube,reliable,Site_10,2026-02-23,present
163,Chanakya Dube,reliable,Site_10,2026-02-24,present
163,Chanakya Dube,reliable,Site_3,2026-02-25,present
163,Chanakya Dube,reliable,Site_10,2026-02-26,present
163,Chanakya Dube,reliable,Site_3,2026-02-27,present
163,Chanakya Dube,reliable,Site_3,2026-02-28,present
163,Chanakya Dube,reliable,Site_3,2026-03-02,absent
163,Chanakya Dube,reliable,Site_2,2026-03-03,present
163,Chanakya Dube,reliable,Site_10,2026-03-04,present
163,Chanakya Dube,reliable,Site_10,2026-03-05,present
163,Chanakya Dube,reliable,Site_3,2026-03-06,absent
163,Chanakya Dube,reliable,Site_3,2026-03-07,present
163,Chanakya Dube,reliable,Site_2,2026-03-09,present
163,Chanakya Dube,reliable,Site_2,2026-03-10,present
163,Chanakya Dube,reliable,Site_9,2026-03-11,present
163,Chanakya Dube,reliable,Site_2,2026-03-12,present
163,Chanakya Dube,reliable,Site_3,2026-03-13,absent
163,Chanakya Dube,reliable,Site_9,2026-03-14,present
163,Chanakya Dube,reliable,Site_10,2026-03-16,present
163,Chanakya Dube,reliable,Site_2,2026-03-17,present
163,Chanakya Dube,reliable,Site_3,2026-03-18,present
163,Chanakya Dube,reliable,Site_10,2026-03-19,present
163,Chanakya Dube,reliable,Site_3,2026-03-20,present
163,Chanakya Dube,reliable,Site_9,2026-03-21,present
163,Chanakya Dube,reliable,Site_10,2026-03-23,present
163,Chanakya Dube,reliable,Site_9,2026-03-24,present
163,Chanakya Dube,reliable,Site_2,2026-03-25,present
163,Chanakya Dube,reliable,Site_10,2026-03-26,present
163,Chanakya Dube,reliable,Site_2,2026-03-27,present
163,Chanakya Dube,reliable,Site_2,2026-03-28,present
163,Chanakya Dube,reliable,Site_9,2026-03-30,absent
163,Chanakya Dube,reliable,Site_2,2026-03-31,present
163,Chanakya Dube,reliable,Site_2,2026-04-01,present
163,Chanakya Dube,reliable,Site_10,2026-04-02,present
163,Chanakya Dube,reliable,Site_10,2026-04-03,present
163,Chanakya Dube,reliable,Site_10,2026-04-04,present
163,Chanakya Dube,reliable,Site_2,2026-04-06,present
163,Chanakya Dube,reliable,Site_3,2026-04-07,present
163,Chanakya Dube,reliable,Site_10,2026-04-08,present
163,Chanakya Dube,reliable,Site_9,2026-04-09,present
163,Chanakya Dube,reliable,Site_10,2026-04-10,present
163,Chanakya Dube,reliable,Site_2,2026-04-11,present
163,Chanakya Dube,reliable,Site_9,2026-04-13,present
163,Chanakya Dube,reliable,Site_2,2026-04-14,present
163,Chanakya Dube,reliable,Site_10,2026-04-15,present
163,Chanakya Dube,reliable,Site_2,2026-04-16,present
163,Chanakya Dube,reliable,Site_9,2026-04-17,present
163,Chanakya Dube,reliable,Site_3,2026-04-18,present
163,Chanakya Dube,reliable,Site_10,2026-04-20,present
163,Chanakya Dube,reliable,Site_3,2026-04-21,present
163,Chanakya Dube,reliable,Site_10,2026-04-22,present
163,Chanakya Dube,reliable,Site_10,2026-04-23,present
163,Chanakya Dube,reliable,Site_2,2026-04-24,present
163,Chanakya Dube,reliable,Site_3,2026-04-25,present
163,Chanakya Dube,reliable,Site_9,2026-04-27,present
163,Chanakya Dube,reliable,Site_9,2026-04-28,present
163,Chanakya Dube,reliable,Site_9,2026-04-29,present
163,Chanakya Dube,reliable,Site_10,2026-04-30,present
163,Chanakya Dube,reliable,Site_2,2026-05-01,present
163,Chanakya Dube,reliable,Site_10,2026-05-02,present
163,Chanakya Dube,reliable,Site_9,2026-05-04,present
163,Chanakya Dube,reliable,Site_2,2026-05-05,present
163,Chanakya Dube,reliable,Site_2,2026-05-06,present
163,Chanakya Dube,reliable,Site_3,2026-05-07,present
163,Chanakya Dube,reliable,Site_2,2026-05-08,present
163,Chanakya Dube,reliable,Site_9,2026-05-09,present
163,Chanakya Dube,reliable,Site_10,2026-05-11,absent
163,Chanakya Dube,reliable,Site_10,2026-05-12,present
163,Chanakya Dube,reliable,Site_2,2026-05-13,present
163,Chanakya Dube,reliable,Site_2,2026-05-14,present
163,Chanakya Dube,reliable,Site_3,2026-05-15,present
163,Chanakya Dube,reliable,Site_9,2026-05-16,present
163,Chanakya Dube,reliable,Site_10,2026-05-18,present
163,Chanakya Dube,reliable,Site_3,2026-05-19,present
163,Chanakya Dube,reliable,Site_10,2026-05-20,present
163,Chanakya Dube,reliable,Site_3,2026-05-21,present
163,Chanakya Dube,reliable,Site_2,2026-05-22,present
163,Chanakya Dube,reliable,Site_2,2026-05-23,present
163,Chanakya Dube,reliable,Site_2,2026-05-25,present
163,Chanakya Dube,reliable,Site_9,2026-05-26,present
163,Chanakya Dube,reliable,Site_3,2026-05-27,present
163,Chanakya Dube,reliable,Site_2,2026-05-28,present
163,Chanakya Dube,reliable,Site_3,2026-05-29,present
163,Chanakya Dube,reliable,Site_2,2026-05-30,present
163,Chanakya Dube,reliable,Site_3,2026-06-01,present
163,Chanakya Dube,reliable,Site_10,2026-06-02,present
163,Chanakya Dube,reliable,Site_2,2026-06-03,present
163,Chanakya Dube,reliable,Site_3,2026-06-04,present
163,Chanakya Dube,reliable,Site_3,2026-06-05,present
163,Chanakya Dube,reliable,Site_9,2026-06-06,absent
163,Chanakya Dube,reliable,Site_10,2026-06-08,present
163,Chanakya Dube,reliable,Site_2,2026-06-09,present
163,Chanakya Dube,reliable,Site_10,2026-06-10,present
163,Chanakya Dube,reliable,Site_9,2026-06-11,present
163,Chanakya Dube,reliable,Site_3,2026-06-12,present
163,Chanakya Dube,reliable,Site_3,2026-06-13,present
163,Chanakya Dube,reliable,Site_3,2026-06-15,present
163,Chanakya Dube,reliable,Site_10,2026-06-16,present
163,Chanakya Dube,reliable,Site_2,2026-06-17,present
163,Chanakya Dube,reliable,Site_9,2026-06-18,absent
163,Chanakya Dube,reliable,Site_10,2026-06-19,absent
163,Chanakya Dube,reliable,Site_10,2026-06-20,present
163,Chanakya Dube,reliable,Site_9,2026-06-22,absent
163,Chanakya Dube,reliable,Site_3,2026-06-23,present
163,Chanakya Dube,reliable,Site_3,2026-06-24,present
163,Chanakya Dube,reliable,Site_2,2026-06-25,present
163,Chanakya Dube,reliable,Site_2,2026-06-26,present
163,Chanakya Dube,reliable,Site_9,2026-06-27,present
163,Chanakya Dube,reliable,Site_9,2026-06-29,present
163,Chanakya Dube,reliable,Site_3,2026-06-30,present
163,Chanakya Dube,reliable,Site_10,2026-07-01,present
163,Chanakya Dube,reliable,Site_9,2026-07-02,present
163,Chanakya Dube,reliable,Site_10,2026-07-03,present
163,Chanakya Dube,reliable,Site_9,2026-07-04,present
163,Chanakya Dube,reliable,Site_10,2026-07-06,present
163,Chanakya Dube,reliable,Site_2,2026-07-07,present
163,Chanakya Dube,reliable,Site_2,2026-07-08,present
163,Chanakya Dube,reliable,Site_3,2026-07-09,present
163,Chanakya Dube,reliable,Site_3,2026-07-10,present
164,Mason Kamdar,moderate,Site_1,2026-05-09,absent
164,Mason Kamdar,moderate,Site_1,2026-05-11,present
164,Mason Kamdar,moderate,Site_1,2026-05-12,present
164,Mason Kamdar,moderate,Site_1,2026-05-13,present
164,Mason Kamdar,moderate,Site_1,2026-05-14,present
164,Mason Kamdar,moderate,Site_1,2026-05-15,absent
164,Mason Kamdar,moderate,Site_1,2026-05-16,present
164,Mason Kamdar,moderate,Site_1,2026-05-18,present
164,Mason Kamdar,moderate,Site_1,2026-05-19,present
164,Mason Kamdar,moderate,Site_1,2026-05-20,present
164,Mason Kamdar,moderate,Site_1,2026-05-21,present
164,Mason Kamdar,moderate,Site_1,2026-05-22,present
164,Mason Kamdar,moderate,Site_1,2026-05-23,absent
164,Mason Kamdar,moderate,Site_1,2026-05-25,present
164,Mason Kamdar,moderate,Site_1,2026-05-26,present
164,Mason Kamdar,moderate,Site_1,2026-05-27,present
164,Mason Kamdar,moderate,Site_1,2026-05-28,absent
164,Mason Kamdar,moderate,Site_1,2026-05-29,absent
164,Mason Kamdar,moderate,Site_1,2026-05-30,present
164,Mason Kamdar,moderate,Site_1,2026-06-01,present
164,Mason Kamdar,moderate,Site_1,2026-06-02,present
164,Mason Kamdar,moderate,Site_1,2026-06-03,absent
164,Mason Kamdar,moderate,Site_1,2026-06-04,absent
164,Mason Kamdar,moderate,Site_1,2026-06-05,present
164,Mason Kamdar,moderate,Site_1,2026-06-06,absent
164,Mason Kamdar,moderate,Site_1,2026-06-08,present
164,Mason Kamdar,moderate,Site_1,2026-06-09,absent
164,Mason Kamdar,moderate,Site_1,2026-06-10,present
164,Mason Kamdar,moderate,Site_1,2026-06-11,present
164,Mason Kamdar,moderate,Site_1,2026-06-12,absent
164,Mason Kamdar,moderate,Site_1,2026-06-13,present
164,Mason Kamdar,moderate,Site_1,2026-06-15,absent
164,Mason Kamdar,moderate,Site_1,2026-06-16,present
164,Mason Kamdar,moderate,Site_1,2026-06-17,present
164,Mason Kamdar,moderate,Site_1,2026-06-18,absent
164,Mason Kamdar,moderate,Site_1,2026-06-19,present
164,Mason Kamdar,moderate,Site_1,2026-06-20,present
164,Mason Kamdar,moderate,Site_1,2026-06-22,present
164,Mason Kamdar,moderate,Site_1,2026-06-23,present
164,Mason Kamdar,moderate,Site_1,2026-06-24,present
164,Mason Kamdar,moderate,Site_1,2026-06-25,present
164,Mason Kamdar,moderate,Site_1,2026-06-26,present
164,Mason Kamdar,moderate,Site_1,2026-06-27,absent
164,Mason Kamdar,moderate,Site_1,2026-06-29,present
164,Mason Kamdar,moderate,Site_1,2026-06-30,absent
164,Mason Kamdar,moderate,Site_1,2026-07-01,present
164,Mason Kamdar,moderate,Site_1,2026-07-02,absent
164,Mason Kamdar,moderate,Site_1,2026-07-03,present
164,Mason Kamdar,moderate,Site_1,2026-07-04,present
164,Mason Kamdar,moderate,Site_1,2026-07-06,present
164,Mason Kamdar,moderate,Site_1,2026-07-07,absent
164,Mason Kamdar,moderate,Site_1,2026-07-08,present
164,Mason Kamdar,moderate,Site_1,2026-07-09,present
164,Mason Kamdar,moderate,Site_1,2026-07-10,absent
165,Yashodhara Parmar,unreliable,Site_6,2026-06-26,absent
165,Yashodhara Parmar,unreliable,Site_6,2026-06-27,absent
165,Yashodhara Parmar,unreliable,Site_6,2026-06-29,absent
165,Yashodhara Parmar,unreliable,Site_6,2026-06-30,present
165,Yashodhara Parmar,unreliable,Site_6,2026-07-01,absent
165,Yashodhara Parmar,unreliable,Site_6,2026-07-02,present
165,Yashodhara Parmar,unreliable,Site_6,2026-07-03,present
165,Yashodhara Parmar,unreliable,Site_6,2026-07-04,absent
165,Yashodhara Parmar,unreliable,Site_6,2026-07-06,absent
165,Yashodhara Parmar,unreliable,Site_6,2026-07-07,absent
165,Yashodhara Parmar,unreliable,Site_6,2026-07-08,present
165,Yashodhara Parmar,unreliable,Site_6,2026-07-09,absent
165,Yashodhara Parmar,unreliable,Site_6,2026-07-10,present
166,Baghyawati Chaudry,reliable,Site_1,2026-02-06,present
166,Baghyawati Chaudry,reliable,Site_2,2026-02-07,present
166,Baghyawati Chaudry,reliable,Site_6,2026-02-09,present
166,Baghyawati Chaudry,reliable,Site_2,2026-02-10,present
166,Baghyawati Chaudry,reliable,Site_2,2026-02-11,absent
166,Baghyawati Chaudry,reliable,Site_6,2026-02-12,present
166,Baghyawati Chaudry,reliable,Site_2,2026-02-13,present
166,Baghyawati Chaudry,reliable,Site_6,2026-02-14,present
166,Baghyawati Chaudry,reliable,Site_1,2026-02-16,present
166,Baghyawati Chaudry,reliable,Site_1,2026-02-17,present
166,Baghyawati Chaudry,reliable,Site_2,2026-02-18,present
166,Baghyawati Chaudry,reliable,Site_1,2026-02-19,present
166,Baghyawati Chaudry,reliable,Site_6,2026-02-20,present
166,Baghyawati Chaudry,reliable,Site_1,2026-02-21,present
166,Baghyawati Chaudry,reliable,Site_2,2026-02-23,present
166,Baghyawati Chaudry,reliable,Site_2,2026-02-24,present
166,Baghyawati Chaudry,reliable,Site_1,2026-02-25,present
166,Baghyawati Chaudry,reliable,Site_2,2026-02-26,present
166,Baghyawati Chaudry,reliable,Site_2,2026-02-27,present
166,Baghyawati Chaudry,reliable,Site_6,2026-02-28,present
166,Baghyawati Chaudry,reliable,Site_6,2026-03-02,present
166,Baghyawati Chaudry,reliable,Site_6,2026-03-03,present
166,Baghyawati Chaudry,reliable,Site_1,2026-03-04,present
166,Baghyawati Chaudry,reliable,Site_1,2026-03-05,present
166,Baghyawati Chaudry,reliable,Site_6,2026-03-06,present
166,Baghyawati Chaudry,reliable,Site_1,2026-03-07,present
166,Baghyawati Chaudry,reliable,Site_1,2026-03-09,present
166,Baghyawati Chaudry,reliable,Site_6,2026-03-10,present
166,Baghyawati Chaudry,reliable,Site_2,2026-03-11,present
166,Baghyawati Chaudry,reliable,Site_6,2026-03-12,present
166,Baghyawati Chaudry,reliable,Site_1,2026-03-13,absent
166,Baghyawati Chaudry,reliable,Site_1,2026-03-14,present
166,Baghyawati Chaudry,reliable,Site_2,2026-03-16,present
166,Baghyawati Chaudry,reliable,Site_2,2026-03-17,present
166,Baghyawati Chaudry,reliable,Site_6,2026-03-18,present
166,Baghyawati Chaudry,reliable,Site_6,2026-03-19,present
166,Baghyawati Chaudry,reliable,Site_1,2026-03-20,present
166,Baghyawati Chaudry,reliable,Site_6,2026-03-21,present
166,Baghyawati Chaudry,reliable,Site_6,2026-03-23,present
166,Baghyawati Chaudry,reliable,Site_2,2026-03-24,present
166,Baghyawati Chaudry,reliable,Site_2,2026-03-25,present
166,Baghyawati Chaudry,reliable,Site_2,2026-03-26,present
166,Baghyawati Chaudry,reliable,Site_6,2026-03-27,present
166,Baghyawati Chaudry,reliable,Site_2,2026-03-28,present
166,Baghyawati Chaudry,reliable,Site_1,2026-03-30,present
166,Baghyawati Chaudry,reliable,Site_6,2026-03-31,present
166,Baghyawati Chaudry,reliable,Site_6,2026-04-01,present
166,Baghyawati Chaudry,reliable,Site_1,2026-04-02,present
166,Baghyawati Chaudry,reliable,Site_6,2026-04-03,present
166,Baghyawati Chaudry,reliable,Site_2,2026-04-04,present
166,Baghyawati Chaudry,reliable,Site_6,2026-04-06,present
166,Baghyawati Chaudry,reliable,Site_6,2026-04-07,present
166,Baghyawati Chaudry,reliable,Site_1,2026-04-08,present
166,Baghyawati Chaudry,reliable,Site_1,2026-04-09,absent
166,Baghyawati Chaudry,reliable,Site_2,2026-04-10,present
166,Baghyawati Chaudry,reliable,Site_1,2026-04-11,present
166,Baghyawati Chaudry,reliable,Site_6,2026-04-13,absent
166,Baghyawati Chaudry,reliable,Site_2,2026-04-14,present
166,Baghyawati Chaudry,reliable,Site_6,2026-04-15,present
166,Baghyawati Chaudry,reliable,Site_2,2026-04-16,present
166,Baghyawati Chaudry,reliable,Site_1,2026-04-17,absent
166,Baghyawati Chaudry,reliable,Site_2,2026-04-18,present
166,Baghyawati Chaudry,reliable,Site_6,2026-04-20,present
166,Baghyawati Chaudry,reliable,Site_6,2026-04-21,absent
166,Baghyawati Chaudry,reliable,Site_1,2026-04-22,present
166,Baghyawati Chaudry,reliable,Site_1,2026-04-23,present
166,Baghyawati Chaudry,reliable,Site_1,2026-04-24,present
166,Baghyawati Chaudry,reliable,Site_2,2026-04-25,present
166,Baghyawati Chaudry,reliable,Site_1,2026-04-27,absent
166,Baghyawati Chaudry,reliable,Site_6,2026-04-28,present
166,Baghyawati Chaudry,reliable,Site_2,2026-04-29,present
166,Baghyawati Chaudry,reliable,Site_2,2026-04-30,absent
166,Baghyawati Chaudry,reliable,Site_2,2026-05-01,present
166,Baghyawati Chaudry,reliable,Site_1,2026-05-02,present
166,Baghyawati Chaudry,reliable,Site_1,2026-05-04,absent
166,Baghyawati Chaudry,reliable,Site_6,2026-05-05,absent
166,Baghyawati Chaudry,reliable,Site_2,2026-05-06,present
166,Baghyawati Chaudry,reliable,Site_1,2026-05-07,present
166,Baghyawati Chaudry,reliable,Site_2,2026-05-08,present
166,Baghyawati Chaudry,reliable,Site_2,2026-05-09,present
166,Baghyawati Chaudry,reliable,Site_6,2026-05-11,present
166,Baghyawati Chaudry,reliable,Site_1,2026-05-12,present
166,Baghyawati Chaudry,reliable,Site_2,2026-05-13,present
166,Baghyawati Chaudry,reliable,Site_2,2026-05-14,present
166,Baghyawati Chaudry,reliable,Site_6,2026-05-15,present
166,Baghyawati Chaudry,reliable,Site_6,2026-05-16,present
166,Baghyawati Chaudry,reliable,Site_6,2026-05-18,present
166,Baghyawati Chaudry,reliable,Site_2,2026-05-19,present
166,Baghyawati Chaudry,reliable,Site_2,2026-05-20,present
166,Baghyawati Chaudry,reliable,Site_6,2026-05-21,present
166,Baghyawati Chaudry,reliable,Site_2,2026-05-22,present
166,Baghyawati Chaudry,reliable,Site_1,2026-05-23,present
166,Baghyawati Chaudry,reliable,Site_2,2026-05-25,present
166,Baghyawati Chaudry,reliable,Site_1,2026-05-26,present
166,Baghyawati Chaudry,reliable,Site_6,2026-05-27,present
166,Baghyawati Chaudry,reliable,Site_1,2026-05-28,present
166,Baghyawati Chaudry,reliable,Site_2,2026-05-29,present
166,Baghyawati Chaudry,reliable,Site_1,2026-05-30,present
166,Baghyawati Chaudry,reliable,Site_2,2026-06-01,present
166,Baghyawati Chaudry,reliable,Site_1,2026-06-02,present
166,Baghyawati Chaudry,reliable,Site_2,2026-06-03,present
166,Baghyawati Chaudry,reliable,Site_2,2026-06-04,present
166,Baghyawati Chaudry,reliable,Site_6,2026-06-05,present
166,Baghyawati Chaudry,reliable,Site_1,2026-06-06,present
166,Baghyawati Chaudry,reliable,Site_1,2026-06-08,present
166,Baghyawati Chaudry,reliable,Site_1,2026-06-09,absent
166,Baghyawati Chaudry,reliable,Site_6,2026-06-10,present
166,Baghyawati Chaudry,reliable,Site_6,2026-06-11,present
166,Baghyawati Chaudry,reliable,Site_2,2026-06-12,present
166,Baghyawati Chaudry,reliable,Site_6,2026-06-13,present
166,Baghyawati Chaudry,reliable,Site_1,2026-06-15,present
166,Baghyawati Chaudry,reliable,Site_2,2026-06-16,present
166,Baghyawati Chaudry,reliable,Site_6,2026-06-17,present
166,Baghyawati Chaudry,reliable,Site_1,2026-06-18,present
166,Baghyawati Chaudry,reliable,Site_2,2026-06-19,present
166,Baghyawati Chaudry,reliable,Site_2,2026-06-20,present
166,Baghyawati Chaudry,reliable,Site_2,2026-06-22,present
166,Baghyawati Chaudry,reliable,Site_6,2026-06-23,present
166,Baghyawati Chaudry,reliable,Site_6,2026-06-24,present
166,Baghyawati Chaudry,reliable,Site_6,2026-06-25,present
166,Baghyawati Chaudry,reliable,Site_2,2026-06-26,present
166,Baghyawati Chaudry,reliable,Site_1,2026-06-27,present
166,Baghyawati Chaudry,reliable,Site_6,2026-06-29,present
166,Baghyawati Chaudry,reliable,Site_6,2026-06-30,present
166,Baghyawati Chaudry,reliable,Site_6,2026-07-01,present
166,Baghyawati Chaudry,reliable,Site_1,2026-07-02,present
166,Baghyawati Chaudry,reliable,Site_1,2026-07-03,present
166,Baghyawati Chaudry,reliable,Site_2,2026-07-04,present
166,Baghyawati Chaudry,reliable,Site_6,2026-07-06,present
166,Baghyawati Chaudry,reliable,Site_2,2026-07-07,present
166,Baghyawati Chaudry,reliable,Site_2,2026-07-08,present
166,Baghyawati Chaudry,reliable,Site_1,2026-07-09,present
166,Baghyawati Chaudry,reliable,Site_1,2026-07-10,present
167,Dakshesh Aggarwal,reliable,Site_4,2026-02-02,present
167,Dakshesh Aggarwal,reliable,Site_5,2026-02-03,present
167,Dakshesh Aggarwal,reliable,Site_5,2026-02-04,present
167,Dakshesh Aggarwal,reliable,Site_4,2026-02-05,present
167,Dakshesh Aggarwal,reliable,Site_4,2026-02-06,present
167,Dakshesh Aggarwal,reliable,Site_4,2026-02-07,present
167,Dakshesh Aggarwal,reliable,Site_5,2026-02-09,present
167,Dakshesh Aggarwal,reliable,Site_5,2026-02-10,present
167,Dakshesh Aggarwal,reliable,Site_4,2026-02-11,present
167,Dakshesh Aggarwal,reliable,Site_5,2026-02-12,present
167,Dakshesh Aggarwal,reliable,Site_4,2026-02-13,present
167,Dakshesh Aggarwal,reliable,Site_4,2026-02-14,present
167,Dakshesh Aggarwal,reliable,Site_4,2026-02-16,present
167,Dakshesh Aggarwal,reliable,Site_4,2026-02-17,present
167,Dakshesh Aggarwal,reliable,Site_5,2026-02-18,present
167,Dakshesh Aggarwal,reliable,Site_4,2026-02-19,present
167,Dakshesh Aggarwal,reliable,Site_4,2026-02-20,present
167,Dakshesh Aggarwal,reliable,Site_5,2026-02-21,present
167,Dakshesh Aggarwal,reliable,Site_4,2026-02-23,present
167,Dakshesh Aggarwal,reliable,Site_4,2026-02-24,present
167,Dakshesh Aggarwal,reliable,Site_4,2026-02-25,present
167,Dakshesh Aggarwal,reliable,Site_4,2026-02-26,present
167,Dakshesh Aggarwal,reliable,Site_4,2026-02-27,present
167,Dakshesh Aggarwal,reliable,Site_5,2026-02-28,present
167,Dakshesh Aggarwal,reliable,Site_5,2026-03-02,present
167,Dakshesh Aggarwal,reliable,Site_4,2026-03-03,present
167,Dakshesh Aggarwal,reliable,Site_4,2026-03-04,present
167,Dakshesh Aggarwal,reliable,Site_5,2026-03-05,present
167,Dakshesh Aggarwal,reliable,Site_5,2026-03-06,absent
167,Dakshesh Aggarwal,reliable,Site_5,2026-03-07,present
167,Dakshesh Aggarwal,reliable,Site_5,2026-03-09,present
167,Dakshesh Aggarwal,reliable,Site_5,2026-03-10,present
167,Dakshesh Aggarwal,reliable,Site_4,2026-03-11,present
167,Dakshesh Aggarwal,reliable,Site_5,2026-03-12,present
167,Dakshesh Aggarwal,reliable,Site_5,2026-03-13,present
167,Dakshesh Aggarwal,reliable,Site_4,2026-03-14,present
167,Dakshesh Aggarwal,reliable,Site_5,2026-03-16,present
167,Dakshesh Aggarwal,reliable,Site_5,2026-03-17,present
167,Dakshesh Aggarwal,reliable,Site_4,2026-03-18,present
167,Dakshesh Aggarwal,reliable,Site_5,2026-03-19,present
167,Dakshesh Aggarwal,reliable,Site_4,2026-03-20,present
167,Dakshesh Aggarwal,reliable,Site_5,2026-03-21,present
167,Dakshesh Aggarwal,reliable,Site_4,2026-03-23,present
167,Dakshesh Aggarwal,reliable,Site_5,2026-03-24,present
167,Dakshesh Aggarwal,reliable,Site_4,2026-03-25,present
167,Dakshesh Aggarwal,reliable,Site_4,2026-03-26,present
167,Dakshesh Aggarwal,reliable,Site_5,2026-03-27,present
167,Dakshesh Aggarwal,reliable,Site_5,2026-03-28,present
167,Dakshesh Aggarwal,reliable,Site_5,2026-03-30,present
167,Dakshesh Aggarwal,reliable,Site_5,2026-03-31,present
167,Dakshesh Aggarwal,reliable,Site_5,2026-04-01,present
167,Dakshesh Aggarwal,reliable,Site_4,2026-04-02,present
167,Dakshesh Aggarwal,reliable,Site_5,2026-04-03,present
167,Dakshesh Aggarwal,reliable,Site_5,2026-04-04,present
167,Dakshesh Aggarwal,reliable,Site_4,2026-04-06,present
167,Dakshesh Aggarwal,reliable,Site_5,2026-04-07,present
167,Dakshesh Aggarwal,reliable,Site_5,2026-04-08,present
167,Dakshesh Aggarwal,reliable,Site_5,2026-04-09,present
167,Dakshesh Aggarwal,reliable,Site_4,2026-04-10,present
167,Dakshesh Aggarwal,reliable,Site_5,2026-04-11,present
167,Dakshesh Aggarwal,reliable,Site_5,2026-04-13,present
167,Dakshesh Aggarwal,reliable,Site_4,2026-04-14,present
167,Dakshesh Aggarwal,reliable,Site_5,2026-04-15,present
167,Dakshesh Aggarwal,reliable,Site_4,2026-04-16,present
167,Dakshesh Aggarwal,reliable,Site_5,2026-04-17,present
167,Dakshesh Aggarwal,reliable,Site_4,2026-04-18,present
167,Dakshesh Aggarwal,reliable,Site_4,2026-04-20,present
167,Dakshesh Aggarwal,reliable,Site_5,2026-04-21,present
167,Dakshesh Aggarwal,reliable,Site_4,2026-04-22,present
167,Dakshesh Aggarwal,reliable,Site_5,2026-04-23,present
167,Dakshesh Aggarwal,reliable,Site_4,2026-04-24,present
167,Dakshesh Aggarwal,reliable,Site_4,2026-04-25,present
167,Dakshesh Aggarwal,reliable,Site_4,2026-04-27,present
167,Dakshesh Aggarwal,reliable,Site_4,2026-04-28,present
167,Dakshesh Aggarwal,reliable,Site_5,2026-04-29,present
167,Dakshesh Aggarwal,reliable,Site_4,2026-04-30,present
167,Dakshesh Aggarwal,reliable,Site_4,2026-05-01,present
167,Dakshesh Aggarwal,reliable,Site_4,2026-05-02,present
167,Dakshesh Aggarwal,reliable,Site_5,2026-05-04,present
167,Dakshesh Aggarwal,reliable,Site_4,2026-05-05,present
167,Dakshesh Aggarwal,reliable,Site_5,2026-05-06,present
167,Dakshesh Aggarwal,reliable,Site_5,2026-05-07,present
167,Dakshesh Aggarwal,reliable,Site_4,2026-05-08,present
167,Dakshesh Aggarwal,reliable,Site_5,2026-05-09,present
167,Dakshesh Aggarwal,reliable,Site_5,2026-05-11,present
167,Dakshesh Aggarwal,reliable,Site_5,2026-05-12,present
167,Dakshesh Aggarwal,reliable,Site_4,2026-05-13,present
167,Dakshesh Aggarwal,reliable,Site_4,2026-05-14,present
167,Dakshesh Aggarwal,reliable,Site_5,2026-05-15,present
167,Dakshesh Aggarwal,reliable,Site_5,2026-05-16,present
167,Dakshesh Aggarwal,reliable,Site_4,2026-05-18,present
167,Dakshesh Aggarwal,reliable,Site_4,2026-05-19,present
167,Dakshesh Aggarwal,reliable,Site_4,2026-05-20,present
167,Dakshesh Aggarwal,reliable,Site_4,2026-05-21,present
167,Dakshesh Aggarwal,reliable,Site_4,2026-05-22,present
167,Dakshesh Aggarwal,reliable,Site_4,2026-05-23,present
167,Dakshesh Aggarwal,reliable,Site_4,2026-05-25,present
167,Dakshesh Aggarwal,reliable,Site_4,2026-05-26,present
167,Dakshesh Aggarwal,reliable,Site_4,2026-05-27,present
167,Dakshesh Aggarwal,reliable,Site_4,2026-05-28,present
167,Dakshesh Aggarwal,reliable,Site_4,2026-05-29,present
167,Dakshesh Aggarwal,reliable,Site_4,2026-05-30,present
167,Dakshesh Aggarwal,reliable,Site_4,2026-06-01,present
167,Dakshesh Aggarwal,reliable,Site_4,2026-06-02,present
167,Dakshesh Aggarwal,reliable,Site_4,2026-06-03,present
167,Dakshesh Aggarwal,reliable,Site_4,2026-06-04,present
167,Dakshesh Aggarwal,reliable,Site_4,2026-06-05,present
167,Dakshesh Aggarwal,reliable,Site_4,2026-06-06,present
167,Dakshesh Aggarwal,reliable,Site_5,2026-06-08,present
167,Dakshesh Aggarwal,reliable,Site_5,2026-06-09,present
167,Dakshesh Aggarwal,reliable,Site_5,2026-06-10,present
167,Dakshesh Aggarwal,reliable,Site_5,2026-06-11,present
167,Dakshesh Aggarwal,reliable,Site_5,2026-06-12,present
167,Dakshesh Aggarwal,reliable,Site_5,2026-06-13,present
167,Dakshesh Aggarwal,reliable,Site_4,2026-06-15,present
167,Dakshesh Aggarwal,reliable,Site_4,2026-06-16,present
167,Dakshesh Aggarwal,reliable,Site_4,2026-06-17,present
167,Dakshesh Aggarwal,reliable,Site_5,2026-06-18,present
167,Dakshesh Aggarwal,reliable,Site_5,2026-06-19,present
167,Dakshesh Aggarwal,reliable,Site_4,2026-06-20,present
167,Dakshesh Aggarwal,reliable,Site_4,2026-06-22,present
167,Dakshesh Aggarwal,reliable,Site_4,2026-06-23,absent
167,Dakshesh Aggarwal,reliable,Site_5,2026-06-24,present
167,Dakshesh Aggarwal,reliable,Site_5,2026-06-25,present
167,Dakshesh Aggarwal,reliable,Site_4,2026-06-26,present
167,Dakshesh Aggarwal,reliable,Site_5,2026-06-27,present
167,Dakshesh Aggarwal,reliable,Site_4,2026-06-29,present
167,Dakshesh Aggarwal,reliable,Site_5,2026-06-30,present
167,Dakshesh Aggarwal,reliable,Site_5,2026-07-01,absent
167,Dakshesh Aggarwal,reliable,Site_5,2026-07-02,present
167,Dakshesh Aggarwal,reliable,Site_5,2026-07-03,present
167,Dakshesh Aggarwal,reliable,Site_5,2026-07-04,present
167,Dakshesh Aggarwal,reliable,Site_4,2026-07-06,present
167,Dakshesh Aggarwal,reliable,Site_4,2026-07-07,present
167,Dakshesh Aggarwal,reliable,Site_4,2026-07-08,present
167,Dakshesh Aggarwal,reliable,Site_4,2026-07-09,present
167,Dakshesh Aggarwal,reliable,Site_4,2026-07-10,present
168,Girish Soni,unreliable,Site_8,2026-06-15,present
168,Girish Soni,unreliable,Site_8,2026-06-16,present
168,Girish Soni,unreliable,Site_8,2026-06-17,present
168,Girish Soni,unreliable,Site_8,2026-06-18,absent
168,Girish Soni,unreliable,Site_8,2026-06-19,present
168,Girish Soni,unreliable,Site_8,2026-06-20,absent
168,Girish Soni,unreliable,Site_8,2026-06-22,present
168,Girish Soni,unreliable,Site_8,2026-06-23,present
168,Girish Soni,unreliable,Site_8,2026-06-24,absent
168,Girish Soni,unreliable,Site_8,2026-06-25,present
168,Girish Soni,unreliable,Site_8,2026-06-26,present
168,Girish Soni,unreliable,Site_8,2026-06-27,absent
168,Girish Soni,unreliable,Site_8,2026-06-29,present
168,Girish Soni,unreliable,Site_8,2026-06-30,absent
168,Girish Soni,unreliable,Site_8,2026-07-01,absent
168,Girish Soni,unreliable,Site_8,2026-07-02,absent
168,Girish Soni,unreliable,Site_8,2026-07-03,present
168,Girish Soni,unreliable,Site_8,2026-07-04,absent
168,Girish Soni,unreliable,Site_8,2026-07-06,absent
168,Girish Soni,unreliable,Site_8,2026-07-07,present
168,Girish Soni,unreliable,Site_8,2026-07-08,absent
168,Girish Soni,unreliable,Site_8,2026-07-09,present
168,Girish Soni,unreliable,Site_8,2026-07-10,present
169,Bachittar Chahal,moderate,Site_8,2026-05-08,absent
169,Bachittar Chahal,moderate,Site_8,2026-05-09,present
169,Bachittar Chahal,moderate,Site_7,2026-05-11,present
169,Bachittar Chahal,moderate,Site_8,2026-05-12,present
169,Bachittar Chahal,moderate,Site_7,2026-05-13,present
169,Bachittar Chahal,moderate,Site_7,2026-05-14,present
169,Bachittar Chahal,moderate,Site_8,2026-05-15,present
169,Bachittar Chahal,moderate,Site_7,2026-05-16,present
169,Bachittar Chahal,moderate,Site_8,2026-05-18,present
169,Bachittar Chahal,moderate,Site_8,2026-05-19,present
169,Bachittar Chahal,moderate,Site_8,2026-05-20,present
169,Bachittar Chahal,moderate,Site_7,2026-05-21,present
169,Bachittar Chahal,moderate,Site_7,2026-05-22,present
169,Bachittar Chahal,moderate,Site_8,2026-05-23,present
169,Bachittar Chahal,moderate,Site_7,2026-05-25,present
169,Bachittar Chahal,moderate,Site_7,2026-05-26,present
169,Bachittar Chahal,moderate,Site_7,2026-05-27,present
169,Bachittar Chahal,moderate,Site_7,2026-05-28,present
169,Bachittar Chahal,moderate,Site_8,2026-05-29,absent
169,Bachittar Chahal,moderate,Site_8,2026-05-30,present
169,Bachittar Chahal,moderate,Site_7,2026-06-01,present
169,Bachittar Chahal,moderate,Site_8,2026-06-02,present
169,Bachittar Chahal,moderate,Site_8,2026-06-03,present
169,Bachittar Chahal,moderate,Site_8,2026-06-04,present
169,Bachittar Chahal,moderate,Site_8,2026-06-05,present
169,Bachittar Chahal,moderate,Site_7,2026-06-06,present
169,Bachittar Chahal,moderate,Site_7,2026-06-08,present
169,Bachittar Chahal,moderate,Site_7,2026-06-09,present
169,Bachittar Chahal,moderate,Site_8,2026-06-10,present
169,Bachittar Chahal,moderate,Site_8,2026-06-11,present
169,Bachittar Chahal,moderate,Site_8,2026-06-12,present
169,Bachittar Chahal,moderate,Site_8,2026-06-13,present
169,Bachittar Chahal,moderate,Site_8,2026-06-15,present
169,Bachittar Chahal,moderate,Site_7,2026-06-16,present
169,Bachittar Chahal,moderate,Site_8,2026-06-17,present
169,Bachittar Chahal,moderate,Site_8,2026-06-18,present
169,Bachittar Chahal,moderate,Site_8,2026-06-19,present
169,Bachittar Chahal,moderate,Site_8,2026-06-20,present
169,Bachittar Chahal,moderate,Site_7,2026-06-22,present
169,Bachittar Chahal,moderate,Site_8,2026-06-23,absent
169,Bachittar Chahal,moderate,Site_8,2026-06-24,absent
169,Bachittar Chahal,moderate,Site_7,2026-06-25,present
169,Bachittar Chahal,moderate,Site_8,2026-06-26,present
169,Bachittar Chahal,moderate,Site_7,2026-06-27,present
169,Bachittar Chahal,moderate,Site_8,2026-06-29,present
169,Bachittar Chahal,moderate,Site_7,2026-06-30,present
169,Bachittar Chahal,moderate,Site_7,2026-07-01,present
169,Bachittar Chahal,moderate,Site_7,2026-07-02,present
169,Bachittar Chahal,moderate,Site_7,2026-07-03,present
169,Bachittar Chahal,moderate,Site_8,2026-07-04,present
169,Bachittar Chahal,moderate,Site_7,2026-07-06,present
169,Bachittar Chahal,moderate,Site_7,2026-07-07,present
169,Bachittar Chahal,moderate,Site_7,2026-07-08,present
169,Bachittar Chahal,moderate,Site_7,2026-07-09,present
169,Bachittar Chahal,moderate,Site_7,2026-07-10,present
170,Ronith Nadkarni,moderate,Site_4,2026-04-03,present
170,Ronith Nadkarni,moderate,Site_4,2026-04-04,present
170,Ronith Nadkarni,moderate,Site_4,2026-04-06,present
170,Ronith Nadkarni,moderate,Site_4,2026-04-07,absent
170,Ronith Nadkarni,moderate,Site_4,2026-04-08,present
170,Ronith Nadkarni,moderate,Site_4,2026-04-09,present
170,Ronith Nadkarni,moderate,Site_4,2026-04-10,present
170,Ronith Nadkarni,moderate,Site_4,2026-04-11,present
170,Ronith Nadkarni,moderate,Site_4,2026-04-13,present
170,Ronith Nadkarni,moderate,Site_4,2026-04-14,present
170,Ronith Nadkarni,moderate,Site_4,2026-04-15,present
170,Ronith Nadkarni,moderate,Site_4,2026-04-16,present
170,Ronith Nadkarni,moderate,Site_4,2026-04-17,present
170,Ronith Nadkarni,moderate,Site_4,2026-04-18,present
170,Ronith Nadkarni,moderate,Site_4,2026-04-20,present
170,Ronith Nadkarni,moderate,Site_4,2026-04-21,present
170,Ronith Nadkarni,moderate,Site_4,2026-04-22,present
170,Ronith Nadkarni,moderate,Site_4,2026-04-23,present
170,Ronith Nadkarni,moderate,Site_4,2026-04-24,present
170,Ronith Nadkarni,moderate,Site_4,2026-04-25,present
170,Ronith Nadkarni,moderate,Site_4,2026-04-27,present
170,Ronith Nadkarni,moderate,Site_4,2026-04-28,present
170,Ronith Nadkarni,moderate,Site_4,2026-04-29,absent
170,Ronith Nadkarni,moderate,Site_4,2026-04-30,present
170,Ronith Nadkarni,moderate,Site_4,2026-05-01,present
170,Ronith Nadkarni,moderate,Site_4,2026-05-02,present
170,Ronith Nadkarni,moderate,Site_4,2026-05-04,present
170,Ronith Nadkarni,moderate,Site_4,2026-05-05,present
170,Ronith Nadkarni,moderate,Site_4,2026-05-06,present
170,Ronith Nadkarni,moderate,Site_4,2026-05-07,present
170,Ronith Nadkarni,moderate,Site_4,2026-05-08,present
170,Ronith Nadkarni,moderate,Site_4,2026-05-09,absent
170,Ronith Nadkarni,moderate,Site_4,2026-05-11,present
170,Ronith Nadkarni,moderate,Site_4,2026-05-12,present
170,Ronith Nadkarni,moderate,Site_4,2026-05-13,present
170,Ronith Nadkarni,moderate,Site_4,2026-05-14,present
170,Ronith Nadkarni,moderate,Site_4,2026-05-15,present
170,Ronith Nadkarni,moderate,Site_4,2026-05-16,absent
170,Ronith Nadkarni,moderate,Site_4,2026-05-18,present
170,Ronith Nadkarni,moderate,Site_4,2026-05-19,present
170,Ronith Nadkarni,moderate,Site_4,2026-05-20,present
170,Ronith Nadkarni,moderate,Site_4,2026-05-21,present
170,Ronith Nadkarni,moderate,Site_4,2026-05-22,present
170,Ronith Nadkarni,moderate,Site_4,2026-05-23,present
170,Ronith Nadkarni,moderate,Site_4,2026-05-25,present
170,Ronith Nadkarni,moderate,Site_4,2026-05-26,present
170,Ronith Nadkarni,moderate,Site_4,2026-05-27,absent
170,Ronith Nadkarni,moderate,Site_4,2026-05-28,present
170,Ronith Nadkarni,moderate,Site_4,2026-05-29,absent
170,Ronith Nadkarni,moderate,Site_4,2026-05-30,present
170,Ronith Nadkarni,moderate,Site_4,2026-06-01,present
170,Ronith Nadkarni,moderate,Site_4,2026-06-02,absent
170,Ronith Nadkarni,moderate,Site_4,2026-06-03,present
170,Ronith Nadkarni,moderate,Site_4,2026-06-04,present
170,Ronith Nadkarni,moderate,Site_4,2026-06-05,absent
170,Ronith Nadkarni,moderate,Site_4,2026-06-06,present
170,Ronith Nadkarni,moderate,Site_4,2026-06-08,present
170,Ronith Nadkarni,moderate,Site_4,2026-06-09,present
170,Ronith Nadkarni,moderate,Site_4,2026-06-10,absent
170,Ronith Nadkarni,moderate,Site_4,2026-06-11,present
170,Ronith Nadkarni,moderate,Site_4,2026-06-12,present
170,Ronith Nadkarni,moderate,Site_4,2026-06-13,present
170,Ronith Nadkarni,moderate,Site_4,2026-06-15,present
170,Ronith Nadkarni,moderate,Site_4,2026-06-16,present
170,Ronith Nadkarni,moderate,Site_4,2026-06-17,absent
170,Ronith Nadkarni,moderate,Site_4,2026-06-18,present
170,Ronith Nadkarni,moderate,Site_4,2026-06-19,absent
170,Ronith Nadkarni,moderate,Site_4,2026-06-20,absent
170,Ronith Nadkarni,moderate,Site_4,2026-06-22,present
170,Ronith Nadkarni,moderate,Site_4,2026-06-23,absent
170,Ronith Nadkarni,moderate,Site_4,2026-06-24,absent
170,Ronith Nadkarni,moderate,Site_4,2026-06-25,present
170,Ronith Nadkarni,moderate,Site_4,2026-06-26,present
170,Ronith Nadkarni,moderate,Site_4,2026-06-27,present
170,Ronith Nadkarni,moderate,Site_4,2026-06-29,present
170,Ronith Nadkarni,moderate,Site_4,2026-06-30,present
170,Ronith Nadkarni,moderate,Site_4,2026-07-01,absent
170,Ronith Nadkarni,moderate,Site_4,2026-07-02,present
170,Ronith Nadkarni,moderate,Site_4,2026-07-03,present
170,Ronith Nadkarni,moderate,Site_4,2026-07-04,present
170,Ronith Nadkarni,moderate,Site_4,2026-07-06,absent
170,Ronith Nadkarni,moderate,Site_4,2026-07-07,present
170,Ronith Nadkarni,moderate,Site_4,2026-07-08,present
170,Ronith Nadkarni,moderate,Site_4,2026-07-09,present
170,Ronith Nadkarni,moderate,Site_4,2026-07-10,present
171,Akshay Dhingra,moderate,Site_8,2026-04-16,present
171,Akshay Dhingra,moderate,Site_8,2026-04-17,present
171,Akshay Dhingra,moderate,Site_8,2026-04-18,absent
171,Akshay Dhingra,moderate,Site_8,2026-04-20,present
171,Akshay Dhingra,moderate,Site_8,2026-04-21,absent
171,Akshay Dhingra,moderate,Site_8,2026-04-22,present
171,Akshay Dhingra,moderate,Site_8,2026-04-23,absent
171,Akshay Dhingra,moderate,Site_8,2026-04-24,present
171,Akshay Dhingra,moderate,Site_8,2026-04-25,present
171,Akshay Dhingra,moderate,Site_8,2026-04-27,present
171,Akshay Dhingra,moderate,Site_8,2026-04-28,present
171,Akshay Dhingra,moderate,Site_8,2026-04-29,present
171,Akshay Dhingra,moderate,Site_8,2026-04-30,present
171,Akshay Dhingra,moderate,Site_8,2026-05-01,present
171,Akshay Dhingra,moderate,Site_8,2026-05-02,present
171,Akshay Dhingra,moderate,Site_8,2026-05-04,absent
171,Akshay Dhingra,moderate,Site_8,2026-05-05,present
171,Akshay Dhingra,moderate,Site_8,2026-05-06,present
171,Akshay Dhingra,moderate,Site_8,2026-05-07,present
171,Akshay Dhingra,moderate,Site_8,2026-05-08,present
171,Akshay Dhingra,moderate,Site_8,2026-05-09,absent
171,Akshay Dhingra,moderate,Site_8,2026-05-11,present
171,Akshay Dhingra,moderate,Site_8,2026-05-12,present
171,Akshay Dhingra,moderate,Site_8,2026-05-13,absent
171,Akshay Dhingra,moderate,Site_8,2026-05-14,present
171,Akshay Dhingra,moderate,Site_8,2026-05-15,present
171,Akshay Dhingra,moderate,Site_8,2026-05-16,present
171,Akshay Dhingra,moderate,Site_8,2026-05-18,present
171,Akshay Dhingra,moderate,Site_8,2026-05-19,present
171,Akshay Dhingra,moderate,Site_8,2026-05-20,absent
171,Akshay Dhingra,moderate,Site_8,2026-05-21,present
171,Akshay Dhingra,moderate,Site_8,2026-05-22,present
171,Akshay Dhingra,moderate,Site_8,2026-05-23,present
171,Akshay Dhingra,moderate,Site_8,2026-05-25,present
171,Akshay Dhingra,moderate,Site_8,2026-05-26,present
171,Akshay Dhingra,moderate,Site_8,2026-05-27,present
171,Akshay Dhingra,moderate,Site_8,2026-05-28,present
171,Akshay Dhingra,moderate,Site_8,2026-05-29,present
171,Akshay Dhingra,moderate,Site_8,2026-05-30,present
171,Akshay Dhingra,moderate,Site_8,2026-06-01,present
171,Akshay Dhingra,moderate,Site_8,2026-06-02,present
171,Akshay Dhingra,moderate,Site_8,2026-06-03,present
171,Akshay Dhingra,moderate,Site_8,2026-06-04,present
171,Akshay Dhingra,moderate,Site_8,2026-06-05,absent
171,Akshay Dhingra,moderate,Site_8,2026-06-06,present
171,Akshay Dhingra,moderate,Site_8,2026-06-08,present
171,Akshay Dhingra,moderate,Site_8,2026-06-09,present
171,Akshay Dhingra,moderate,Site_8,2026-06-10,absent
171,Akshay Dhingra,moderate,Site_8,2026-06-11,present
171,Akshay Dhingra,moderate,Site_8,2026-06-12,present
171,Akshay Dhingra,moderate,Site_8,2026-06-13,present
171,Akshay Dhingra,moderate,Site_8,2026-06-15,present
171,Akshay Dhingra,moderate,Site_8,2026-06-16,present
171,Akshay Dhingra,moderate,Site_8,2026-06-17,present
171,Akshay Dhingra,moderate,Site_8,2026-06-18,present
171,Akshay Dhingra,moderate,Site_8,2026-06-19,absent
171,Akshay Dhingra,moderate,Site_8,2026-06-20,present
171,Akshay Dhingra,moderate,Site_8,2026-06-22,absent
171,Akshay Dhingra,moderate,Site_8,2026-06-23,present
171,Akshay Dhingra,moderate,Site_8,2026-06-24,absent
171,Akshay Dhingra,moderate,Site_8,2026-06-25,absent
171,Akshay Dhingra,moderate,Site_8,2026-06-26,present
171,Akshay Dhingra,moderate,Site_8,2026-06-27,present
171,Akshay Dhingra,moderate,Site_8,2026-06-29,present
171,Akshay Dhingra,moderate,Site_8,2026-06-30,absent
171,Akshay Dhingra,moderate,Site_8,2026-07-01,absent
171,Akshay Dhingra,moderate,Site_8,2026-07-02,present
171,Akshay Dhingra,moderate,Site_8,2026-07-03,present
171,Akshay Dhingra,moderate,Site_8,2026-07-04,present
171,Akshay Dhingra,moderate,Site_8,2026-07-06,present
171,Akshay Dhingra,moderate,Site_8,2026-07-07,present
171,Akshay Dhingra,moderate,Site_8,2026-07-08,present
171,Akshay Dhingra,moderate,Site_8,2026-07-09,present
171,Akshay Dhingra,moderate,Site_8,2026-07-10,present
172,Triveni Thaman,moderate,Site_6,2026-05-11,present
172,Triveni Thaman,moderate,Site_7,2026-05-12,present
172,Triveni Thaman,moderate,Site_7,2026-05-13,present
172,Triveni Thaman,moderate,Site_7,2026-05-14,present
172,Triveni Thaman,moderate,Site_7,2026-05-15,present
172,Triveni Thaman,moderate,Site_7,2026-05-16,present
172,Triveni Thaman,moderate,Site_6,2026-05-18,absent
172,Triveni Thaman,moderate,Site_6,2026-05-19,absent
172,Triveni Thaman,moderate,Site_7,2026-05-20,absent
172,Triveni Thaman,moderate,Site_6,2026-05-21,absent
172,Triveni Thaman,moderate,Site_6,2026-05-22,absent
172,Triveni Thaman,moderate,Site_6,2026-05-23,present
172,Triveni Thaman,moderate,Site_6,2026-05-25,absent
172,Triveni Thaman,moderate,Site_6,2026-05-26,present
172,Triveni Thaman,moderate,Site_7,2026-05-27,absent
172,Triveni Thaman,moderate,Site_6,2026-05-28,absent
172,Triveni Thaman,moderate,Site_7,2026-05-29,present
172,Triveni Thaman,moderate,Site_6,2026-05-30,absent
172,Triveni Thaman,moderate,Site_6,2026-06-01,present
172,Triveni Thaman,moderate,Site_7,2026-06-02,present
172,Triveni Thaman,moderate,Site_7,2026-06-03,present
172,Triveni Thaman,moderate,Site_7,2026-06-04,absent
172,Triveni Thaman,moderate,Site_6,2026-06-05,present
172,Triveni Thaman,moderate,Site_7,2026-06-06,present
172,Triveni Thaman,moderate,Site_7,2026-06-08,present
172,Triveni Thaman,moderate,Site_7,2026-06-09,absent
172,Triveni Thaman,moderate,Site_6,2026-06-10,present
172,Triveni Thaman,moderate,Site_7,2026-06-11,present
172,Triveni Thaman,moderate,Site_7,2026-06-12,present
172,Triveni Thaman,moderate,Site_7,2026-06-13,present
172,Triveni Thaman,moderate,Site_6,2026-06-15,present
172,Triveni Thaman,moderate,Site_6,2026-06-16,present
172,Triveni Thaman,moderate,Site_6,2026-06-17,present
172,Triveni Thaman,moderate,Site_7,2026-06-18,present
172,Triveni Thaman,moderate,Site_7,2026-06-19,absent
172,Triveni Thaman,moderate,Site_6,2026-06-20,present
172,Triveni Thaman,moderate,Site_6,2026-06-22,present
172,Triveni Thaman,moderate,Site_6,2026-06-23,present
172,Triveni Thaman,moderate,Site_6,2026-06-24,present
172,Triveni Thaman,moderate,Site_6,2026-06-25,present
172,Triveni Thaman,moderate,Site_7,2026-06-26,present
172,Triveni Thaman,moderate,Site_7,2026-06-27,absent
172,Triveni Thaman,moderate,Site_7,2026-06-29,present
172,Triveni Thaman,moderate,Site_7,2026-06-30,present
172,Triveni Thaman,moderate,Site_6,2026-07-01,present
172,Triveni Thaman,moderate,Site_6,2026-07-02,present
172,Triveni Thaman,moderate,Site_6,2026-07-03,present
172,Triveni Thaman,moderate,Site_7,2026-07-04,absent
172,Triveni Thaman,moderate,Site_7,2026-07-06,present
172,Triveni Thaman,moderate,Site_7,2026-07-07,present
172,Triveni Thaman,moderate,Site_6,2026-07-08,absent
172,Triveni Thaman,moderate,Site_6,2026-07-09,present
172,Triveni Thaman,moderate,Site_7,2026-07-10,present
173,Divya Madan,reliable,Site_1,2026-01-17,present
173,Divya Madan,reliable,Site_3,2026-01-19,present
173,Divya Madan,reliable,Site_4,2026-01-20,present
173,Divya Madan,reliable,Site_3,2026-01-21,present
173,Divya Madan,reliable,Site_3,2026-01-22,present
173,Divya Madan,reliable,Site_1,2026-01-23,present
173,Divya Madan,reliable,Site_1,2026-01-24,present
173,Divya Madan,reliable,Site_4,2026-01-26,absent
173,Divya Madan,reliable,Site_4,2026-01-27,present
173,Divya Madan,reliable,Site_1,2026-01-28,present
173,Divya Madan,reliable,Site_1,2026-01-29,present
173,Divya Madan,reliable,Site_3,2026-01-30,present
173,Divya Madan,reliable,Site_3,2026-01-31,present
173,Divya Madan,reliable,Site_3,2026-02-02,present
173,Divya Madan,reliable,Site_3,2026-02-03,present
173,Divya Madan,reliable,Site_1,2026-02-04,present
173,Divya Madan,reliable,Site_3,2026-02-05,present
173,Divya Madan,reliable,Site_1,2026-02-06,present
173,Divya Madan,reliable,Site_4,2026-02-07,present
173,Divya Madan,reliable,Site_1,2026-02-09,present
173,Divya Madan,reliable,Site_4,2026-02-10,present
173,Divya Madan,reliable,Site_4,2026-02-11,present
173,Divya Madan,reliable,Site_3,2026-02-12,present
173,Divya Madan,reliable,Site_1,2026-02-13,present
173,Divya Madan,reliable,Site_1,2026-02-14,present
173,Divya Madan,reliable,Site_4,2026-02-16,present
173,Divya Madan,reliable,Site_3,2026-02-17,present
173,Divya Madan,reliable,Site_4,2026-02-18,present
173,Divya Madan,reliable,Site_4,2026-02-19,present
173,Divya Madan,reliable,Site_3,2026-02-20,present
173,Divya Madan,reliable,Site_4,2026-02-21,present
173,Divya Madan,reliable,Site_1,2026-02-23,absent
173,Divya Madan,reliable,Site_4,2026-02-24,present
173,Divya Madan,reliable,Site_3,2026-02-25,present
173,Divya Madan,reliable,Site_1,2026-02-26,present
173,Divya Madan,reliable,Site_3,2026-02-27,present
173,Divya Madan,reliable,Site_3,2026-02-28,present
173,Divya Madan,reliable,Site_3,2026-03-02,absent
173,Divya Madan,reliable,Site_1,2026-03-03,present
173,Divya Madan,reliable,Site_4,2026-03-04,present
173,Divya Madan,reliable,Site_4,2026-03-05,present
173,Divya Madan,reliable,Site_4,2026-03-06,present
173,Divya Madan,reliable,Site_3,2026-03-07,present
173,Divya Madan,reliable,Site_3,2026-03-09,absent
173,Divya Madan,reliable,Site_1,2026-03-10,present
173,Divya Madan,reliable,Site_3,2026-03-11,present
173,Divya Madan,reliable,Site_3,2026-03-12,present
173,Divya Madan,reliable,Site_3,2026-03-13,present
173,Divya Madan,reliable,Site_4,2026-03-14,present
173,Divya Madan,reliable,Site_4,2026-03-16,present
173,Divya Madan,reliable,Site_3,2026-03-17,present
173,Divya Madan,reliable,Site_3,2026-03-18,absent
173,Divya Madan,reliable,Site_4,2026-03-19,present
173,Divya Madan,reliable,Site_3,2026-03-20,present
173,Divya Madan,reliable,Site_1,2026-03-21,present
173,Divya Madan,reliable,Site_3,2026-03-23,present
173,Divya Madan,reliable,Site_3,2026-03-24,present
173,Divya Madan,reliable,Site_1,2026-03-25,present
173,Divya Madan,reliable,Site_3,2026-03-26,present
173,Divya Madan,reliable,Site_4,2026-03-27,present
173,Divya Madan,reliable,Site_3,2026-03-28,present
173,Divya Madan,reliable,Site_3,2026-03-30,present
173,Divya Madan,reliable,Site_3,2026-03-31,present
173,Divya Madan,reliable,Site_1,2026-04-01,present
173,Divya Madan,reliable,Site_1,2026-04-02,present
173,Divya Madan,reliable,Site_3,2026-04-03,present
173,Divya Madan,reliable,Site_3,2026-04-04,present
173,Divya Madan,reliable,Site_4,2026-04-06,present
173,Divya Madan,reliable,Site_4,2026-04-07,absent
173,Divya Madan,reliable,Site_4,2026-04-08,present
173,Divya Madan,reliable,Site_4,2026-04-09,present
173,Divya Madan,reliable,Site_1,2026-04-10,present
173,Divya Madan,reliable,Site_4,2026-04-11,present
173,Divya Madan,reliable,Site_1,2026-04-13,present
173,Divya Madan,reliable,Site_1,2026-04-14,present
173,Divya Madan,reliable,Site_1,2026-04-15,present
173,Divya Madan,reliable,Site_4,2026-04-16,present
173,Divya Madan,reliable,Site_3,2026-04-17,present
173,Divya Madan,reliable,Site_3,2026-04-18,present
173,Divya Madan,reliable,Site_4,2026-04-20,present
173,Divya Madan,reliable,Site_4,2026-04-21,present
173,Divya Madan,reliable,Site_3,2026-04-22,present
173,Divya Madan,reliable,Site_1,2026-04-23,present
173,Divya Madan,reliable,Site_4,2026-04-24,present
173,Divya Madan,reliable,Site_3,2026-04-25,present
173,Divya Madan,reliable,Site_3,2026-04-27,present
173,Divya Madan,reliable,Site_4,2026-04-28,present
173,Divya Madan,reliable,Site_4,2026-04-29,present
173,Divya Madan,reliable,Site_4,2026-04-30,present
173,Divya Madan,reliable,Site_3,2026-05-01,present
173,Divya Madan,reliable,Site_4,2026-05-02,present
173,Divya Madan,reliable,Site_4,2026-05-04,present
173,Divya Madan,reliable,Site_4,2026-05-05,present
173,Divya Madan,reliable,Site_4,2026-05-06,present
173,Divya Madan,reliable,Site_4,2026-05-07,present
173,Divya Madan,reliable,Site_4,2026-05-08,present
173,Divya Madan,reliable,Site_3,2026-05-09,present
173,Divya Madan,reliable,Site_4,2026-05-11,present
173,Divya Madan,reliable,Site_1,2026-05-12,present
173,Divya Madan,reliable,Site_1,2026-05-13,present
173,Divya Madan,reliable,Site_1,2026-05-14,present
173,Divya Madan,reliable,Site_4,2026-05-15,present
173,Divya Madan,reliable,Site_3,2026-05-16,present
173,Divya Madan,reliable,Site_3,2026-05-18,present
173,Divya Madan,reliable,Site_1,2026-05-19,present
173,Divya Madan,reliable,Site_4,2026-05-20,present
173,Divya Madan,reliable,Site_3,2026-05-21,present
173,Divya Madan,reliable,Site_4,2026-05-22,present
173,Divya Madan,reliable,Site_4,2026-05-23,present
173,Divya Madan,reliable,Site_4,2026-05-25,present
173,Divya Madan,reliable,Site_4,2026-05-26,present
173,Divya Madan,reliable,Site_3,2026-05-27,present
173,Divya Madan,reliable,Site_4,2026-05-28,present
173,Divya Madan,reliable,Site_3,2026-05-29,present
173,Divya Madan,reliable,Site_3,2026-05-30,present
173,Divya Madan,reliable,Site_3,2026-06-01,present
173,Divya Madan,reliable,Site_4,2026-06-02,absent
173,Divya Madan,reliable,Site_1,2026-06-03,present
173,Divya Madan,reliable,Site_4,2026-06-04,present
173,Divya Madan,reliable,Site_3,2026-06-05,present
173,Divya Madan,reliable,Site_3,2026-06-06,present
173,Divya Madan,reliable,Site_3,2026-06-08,present
173,Divya Madan,reliable,Site_1,2026-06-09,present
173,Divya Madan,reliable,Site_1,2026-06-10,present
173,Divya Madan,reliable,Site_4,2026-06-11,present
173,Divya Madan,reliable,Site_1,2026-06-12,present
173,Divya Madan,reliable,Site_4,2026-06-13,present
173,Divya Madan,reliable,Site_4,2026-06-15,present
173,Divya Madan,reliable,Site_3,2026-06-16,present
173,Divya Madan,reliable,Site_4,2026-06-17,present
173,Divya Madan,reliable,Site_1,2026-06-18,present
173,Divya Madan,reliable,Site_4,2026-06-19,present
173,Divya Madan,reliable,Site_3,2026-06-20,present
173,Divya Madan,reliable,Site_1,2026-06-22,present
173,Divya Madan,reliable,Site_1,2026-06-23,present
173,Divya Madan,reliable,Site_1,2026-06-24,present
173,Divya Madan,reliable,Site_1,2026-06-25,present
173,Divya Madan,reliable,Site_4,2026-06-26,present
173,Divya Madan,reliable,Site_3,2026-06-27,absent
173,Divya Madan,reliable,Site_3,2026-06-29,present
173,Divya Madan,reliable,Site_3,2026-06-30,present
173,Divya Madan,reliable,Site_4,2026-07-01,present
173,Divya Madan,reliable,Site_1,2026-07-02,present
173,Divya Madan,reliable,Site_4,2026-07-03,present
173,Divya Madan,reliable,Site_3,2026-07-04,present
173,Divya Madan,reliable,Site_1,2026-07-06,present
173,Divya Madan,reliable,Site_1,2026-07-07,present
173,Divya Madan,reliable,Site_3,2026-07-08,present
173,Divya Madan,reliable,Site_4,2026-07-09,present
173,Divya Madan,reliable,Site_4,2026-07-10,present
174,Anirudh Bahri,new,Site_7,2026-07-02,present
174,Anirudh Bahri,new,Site_7,2026-07-03,present
174,Anirudh Bahri,new,Site_7,2026-07-04,present
174,Anirudh Bahri,new,Site_7,2026-07-06,present
174,Anirudh Bahri,new,Site_7,2026-07-07,absent
174,Anirudh Bahri,new,Site_7,2026-07-08,absent
174,Anirudh Bahri,new,Site_7,2026-07-09,absent
174,Anirudh Bahri,new,Site_7,2026-07-10,absent
175,Bakhshi Deep,moderate,Site_5,2026-04-25,present
175,Bakhshi Deep,moderate,Site_10,2026-04-27,absent
175,Bakhshi Deep,moderate,Site_10,2026-04-28,absent
175,Bakhshi Deep,moderate,Site_10,2026-04-29,present
175,Bakhshi Deep,moderate,Site_10,2026-04-30,present
175,Bakhshi Deep,moderate,Site_5,2026-05-01,absent
175,Bakhshi Deep,moderate,Site_5,2026-05-02,absent
175,Bakhshi Deep,moderate,Site_10,2026-05-04,absent
175,Bakhshi Deep,moderate,Site_5,2026-05-05,absent
175,Bakhshi Deep,moderate,Site_10,2026-05-06,present
175,Bakhshi Deep,moderate,Site_10,2026-05-07,present
175,Bakhshi Deep,moderate,Site_10,2026-05-08,absent
175,Bakhshi Deep,moderate,Site_10,2026-05-09,present
175,Bakhshi Deep,moderate,Site_5,2026-05-11,present
175,Bakhshi Deep,moderate,Site_5,2026-05-12,absent
175,Bakhshi Deep,moderate,Site_10,2026-05-13,present
175,Bakhshi Deep,moderate,Site_5,2026-05-14,absent
175,Bakhshi Deep,moderate,Site_10,2026-05-15,absent
175,Bakhshi Deep,moderate,Site_5,2026-05-16,present
175,Bakhshi Deep,moderate,Site_5,2026-05-18,present
175,Bakhshi Deep,moderate,Site_5,2026-05-19,absent
175,Bakhshi Deep,moderate,Site_5,2026-05-20,absent
175,Bakhshi Deep,moderate,Site_5,2026-05-21,absent
175,Bakhshi Deep,moderate,Site_10,2026-05-22,present
175,Bakhshi Deep,moderate,Site_10,2026-05-23,present
175,Bakhshi Deep,moderate,Site_10,2026-05-25,present
175,Bakhshi Deep,moderate,Site_10,2026-05-26,absent
175,Bakhshi Deep,moderate,Site_10,2026-05-27,present
175,Bakhshi Deep,moderate,Site_10,2026-05-28,absent
175,Bakhshi Deep,moderate,Site_10,2026-05-29,absent
175,Bakhshi Deep,moderate,Site_10,2026-05-30,present
175,Bakhshi Deep,moderate,Site_10,2026-06-01,present
175,Bakhshi Deep,moderate,Site_5,2026-06-02,present
175,Bakhshi Deep,moderate,Site_5,2026-06-03,present
175,Bakhshi Deep,moderate,Site_5,2026-06-04,present
175,Bakhshi Deep,moderate,Site_5,2026-06-05,present
175,Bakhshi Deep,moderate,Site_10,2026-06-06,present
175,Bakhshi Deep,moderate,Site_5,2026-06-08,present
175,Bakhshi Deep,moderate,Site_10,2026-06-09,present
175,Bakhshi Deep,moderate,Site_5,2026-06-10,present
175,Bakhshi Deep,moderate,Site_5,2026-06-11,absent
175,Bakhshi Deep,moderate,Site_5,2026-06-12,absent
175,Bakhshi Deep,moderate,Site_10,2026-06-13,present
175,Bakhshi Deep,moderate,Site_10,2026-06-15,present
175,Bakhshi Deep,moderate,Site_5,2026-06-16,present
175,Bakhshi Deep,moderate,Site_5,2026-06-17,present
175,Bakhshi Deep,moderate,Site_5,2026-06-18,present
175,Bakhshi Deep,moderate,Site_10,2026-06-19,present
175,Bakhshi Deep,moderate,Site_5,2026-06-20,absent
175,Bakhshi Deep,moderate,Site_5,2026-06-22,present
175,Bakhshi Deep,moderate,Site_10,2026-06-23,absent
175,Bakhshi Deep,moderate,Site_10,2026-06-24,absent
175,Bakhshi Deep,moderate,Site_5,2026-06-25,absent
175,Bakhshi Deep,moderate,Site_5,2026-06-26,absent
175,Bakhshi Deep,moderate,Site_10,2026-06-27,present
175,Bakhshi Deep,moderate,Site_5,2026-06-29,present
175,Bakhshi Deep,moderate,Site_10,2026-06-30,absent
175,Bakhshi Deep,moderate,Site_5,2026-07-01,absent
175,Bakhshi Deep,moderate,Site_5,2026-07-02,present
175,Bakhshi Deep,moderate,Site_5,2026-07-03,present
175,Bakhshi Deep,moderate,Site_5,2026-07-04,present
175,Bakhshi Deep,moderate,Site_5,2026-07-06,present
175,Bakhshi Deep,moderate,Site_5,2026-07-07,absent
175,Bakhshi Deep,moderate,Site_10,2026-07-08,present
175,Bakhshi Deep,moderate,Site_5,2026-07-09,present
175,Bakhshi Deep,moderate,Site_5,2026-07-10,present
176,Laban Bhakta,reliable,Site_10,2026-01-14,present
176,Laban Bhakta,reliable,Site_10,2026-01-15,present
176,Laban Bhakta,reliable,Site_10,2026-01-16,present
176,Laban Bhakta,reliable,Site_10,2026-01-17,present
176,Laban Bhakta,reliable,Site_4,2026-01-19,present
176,Laban Bhakta,reliable,Site_10,2026-01-20,present
176,Laban Bhakta,reliable,Site_4,2026-01-21,present
176,Laban Bhakta,reliable,Site_4,2026-01-22,present
176,Laban Bhakta,reliable,Site_10,2026-01-23,present
176,Laban Bhakta,reliable,Site_10,2026-01-24,present
176,Laban Bhakta,reliable,Site_4,2026-01-26,present
176,Laban Bhakta,reliable,Site_4,2026-01-27,present
176,Laban Bhakta,reliable,Site_10,2026-01-28,present
176,Laban Bhakta,reliable,Site_10,2026-01-29,present
176,Laban Bhakta,reliable,Site_10,2026-01-30,present
176,Laban Bhakta,reliable,Site_4,2026-01-31,present
176,Laban Bhakta,reliable,Site_10,2026-02-02,present
176,Laban Bhakta,reliable,Site_4,2026-02-03,present
176,Laban Bhakta,reliable,Site_4,2026-02-04,present
176,Laban Bhakta,reliable,Site_4,2026-02-05,present
176,Laban Bhakta,reliable,Site_4,2026-02-06,present
176,Laban Bhakta,reliable,Site_4,2026-02-07,present
176,Laban Bhakta,reliable,Site_4,2026-02-09,present
176,Laban Bhakta,reliable,Site_4,2026-02-10,present
176,Laban Bhakta,reliable,Site_10,2026-02-11,present
176,Laban Bhakta,reliable,Site_10,2026-02-12,present
176,Laban Bhakta,reliable,Site_10,2026-02-13,present
176,Laban Bhakta,reliable,Site_4,2026-02-14,present
176,Laban Bhakta,reliable,Site_4,2026-02-16,present
176,Laban Bhakta,reliable,Site_4,2026-02-17,present
176,Laban Bhakta,reliable,Site_10,2026-02-18,present
176,Laban Bhakta,reliable,Site_10,2026-02-19,present
176,Laban Bhakta,reliable,Site_10,2026-02-20,present
176,Laban Bhakta,reliable,Site_4,2026-02-21,present
176,Laban Bhakta,reliable,Site_10,2026-02-23,present
176,Laban Bhakta,reliable,Site_10,2026-02-24,present
176,Laban Bhakta,reliable,Site_4,2026-02-25,present
176,Laban Bhakta,reliable,Site_10,2026-02-26,present
176,Laban Bhakta,reliable,Site_4,2026-02-27,present
176,Laban Bhakta,reliable,Site_10,2026-02-28,present
176,Laban Bhakta,reliable,Site_4,2026-03-02,absent
176,Laban Bhakta,reliable,Site_10,2026-03-03,absent
176,Laban Bhakta,reliable,Site_10,2026-03-04,present
176,Laban Bhakta,reliable,Site_4,2026-03-05,present
176,Laban Bhakta,reliable,Site_4,2026-03-06,present
176,Laban Bhakta,reliable,Site_10,2026-03-07,present
176,Laban Bhakta,reliable,Site_4,2026-03-09,present
176,Laban Bhakta,reliable,Site_4,2026-03-10,present
176,Laban Bhakta,reliable,Site_4,2026-03-11,present
176,Laban Bhakta,reliable,Site_4,2026-03-12,present
176,Laban Bhakta,reliable,Site_4,2026-03-13,present
176,Laban Bhakta,reliable,Site_10,2026-03-14,present
176,Laban Bhakta,reliable,Site_4,2026-03-16,present
176,Laban Bhakta,reliable,Site_10,2026-03-17,present
176,Laban Bhakta,reliable,Site_10,2026-03-18,present
176,Laban Bhakta,reliable,Site_4,2026-03-19,present
176,Laban Bhakta,reliable,Site_10,2026-03-20,present
176,Laban Bhakta,reliable,Site_4,2026-03-21,present
176,Laban Bhakta,reliable,Site_4,2026-03-23,present
176,Laban Bhakta,reliable,Site_10,2026-03-24,present
176,Laban Bhakta,reliable,Site_10,2026-03-25,present
176,Laban Bhakta,reliable,Site_4,2026-03-26,present
176,Laban Bhakta,reliable,Site_10,2026-03-27,present
176,Laban Bhakta,reliable,Site_10,2026-03-28,present
176,Laban Bhakta,reliable,Site_4,2026-03-30,present
176,Laban Bhakta,reliable,Site_4,2026-03-31,present
176,Laban Bhakta,reliable,Site_4,2026-04-01,present
176,Laban Bhakta,reliable,Site_4,2026-04-02,present
176,Laban Bhakta,reliable,Site_10,2026-04-03,present
176,Laban Bhakta,reliable,Site_4,2026-04-04,present
176,Laban Bhakta,reliable,Site_4,2026-04-06,present
176,Laban Bhakta,reliable,Site_10,2026-04-07,present
176,Laban Bhakta,reliable,Site_4,2026-04-08,present
176,Laban Bhakta,reliable,Site_4,2026-04-09,present
176,Laban Bhakta,reliable,Site_4,2026-04-10,present
176,Laban Bhakta,reliable,Site_4,2026-04-11,present
176,Laban Bhakta,reliable,Site_10,2026-04-13,present
176,Laban Bhakta,reliable,Site_10,2026-04-14,present
176,Laban Bhakta,reliable,Site_4,2026-04-15,present
176,Laban Bhakta,reliable,Site_10,2026-04-16,present
176,Laban Bhakta,reliable,Site_10,2026-04-17,present
176,Laban Bhakta,reliable,Site_10,2026-04-18,present
176,Laban Bhakta,reliable,Site_4,2026-04-20,present
176,Laban Bhakta,reliable,Site_4,2026-04-21,present
176,Laban Bhakta,reliable,Site_10,2026-04-22,present
176,Laban Bhakta,reliable,Site_10,2026-04-23,present
176,Laban Bhakta,reliable,Site_4,2026-04-24,present
176,Laban Bhakta,reliable,Site_4,2026-04-25,present
176,Laban Bhakta,reliable,Site_10,2026-04-27,present
176,Laban Bhakta,reliable,Site_4,2026-04-28,present
176,Laban Bhakta,reliable,Site_10,2026-04-29,present
176,Laban Bhakta,reliable,Site_4,2026-04-30,present
176,Laban Bhakta,reliable,Site_4,2026-05-01,present
176,Laban Bhakta,reliable,Site_4,2026-05-02,present
176,Laban Bhakta,reliable,Site_4,2026-05-04,present
176,Laban Bhakta,reliable,Site_4,2026-05-05,absent
176,Laban Bhakta,reliable,Site_10,2026-05-06,present
176,Laban Bhakta,reliable,Site_4,2026-05-07,present
176,Laban Bhakta,reliable,Site_4,2026-05-08,present
176,Laban Bhakta,reliable,Site_4,2026-05-09,present
176,Laban Bhakta,reliable,Site_4,2026-05-11,present
176,Laban Bhakta,reliable,Site_4,2026-05-12,present
176,Laban Bhakta,reliable,Site_10,2026-05-13,present
176,Laban Bhakta,reliable,Site_4,2026-05-14,present
176,Laban Bhakta,reliable,Site_10,2026-05-15,present
176,Laban Bhakta,reliable,Site_4,2026-05-16,present
176,Laban Bhakta,reliable,Site_4,2026-05-18,present
176,Laban Bhakta,reliable,Site_4,2026-05-19,present
176,Laban Bhakta,reliable,Site_10,2026-05-20,present
176,Laban Bhakta,reliable,Site_4,2026-05-21,present
176,Laban Bhakta,reliable,Site_4,2026-05-22,present
176,Laban Bhakta,reliable,Site_10,2026-05-23,present
176,Laban Bhakta,reliable,Site_4,2026-05-25,present
176,Laban Bhakta,reliable,Site_10,2026-05-26,present
176,Laban Bhakta,reliable,Site_4,2026-05-27,present
176,Laban Bhakta,reliable,Site_4,2026-05-28,present
176,Laban Bhakta,reliable,Site_10,2026-05-29,present
176,Laban Bhakta,reliable,Site_4,2026-05-30,present
176,Laban Bhakta,reliable,Site_10,2026-06-01,present
176,Laban Bhakta,reliable,Site_4,2026-06-02,present
176,Laban Bhakta,reliable,Site_4,2026-06-03,present
176,Laban Bhakta,reliable,Site_10,2026-06-04,present
176,Laban Bhakta,reliable,Site_10,2026-06-05,absent
176,Laban Bhakta,reliable,Site_4,2026-06-06,present
176,Laban Bhakta,reliable,Site_10,2026-06-08,present
176,Laban Bhakta,reliable,Site_10,2026-06-09,present
176,Laban Bhakta,reliable,Site_4,2026-06-10,present
176,Laban Bhakta,reliable,Site_4,2026-06-11,present
176,Laban Bhakta,reliable,Site_4,2026-06-12,present
176,Laban Bhakta,reliable,Site_4,2026-06-13,present
176,Laban Bhakta,reliable,Site_10,2026-06-15,present
176,Laban Bhakta,reliable,Site_10,2026-06-16,present
176,Laban Bhakta,reliable,Site_10,2026-06-17,present
176,Laban Bhakta,reliable,Site_4,2026-06-18,present
176,Laban Bhakta,reliable,Site_4,2026-06-19,present
176,Laban Bhakta,reliable,Site_4,2026-06-20,present
176,Laban Bhakta,reliable,Site_4,2026-06-22,present
176,Laban Bhakta,reliable,Site_10,2026-06-23,present
176,Laban Bhakta,reliable,Site_4,2026-06-24,present
176,Laban Bhakta,reliable,Site_10,2026-06-25,present
176,Laban Bhakta,reliable,Site_10,2026-06-26,present
176,Laban Bhakta,reliable,Site_4,2026-06-27,present
176,Laban Bhakta,reliable,Site_10,2026-06-29,present
176,Laban Bhakta,reliable,Site_4,2026-06-30,present
176,Laban Bhakta,reliable,Site_10,2026-07-01,present
176,Laban Bhakta,reliable,Site_10,2026-07-02,present
176,Laban Bhakta,reliable,Site_4,2026-07-03,present
176,Laban Bhakta,reliable,Site_4,2026-07-04,absent
176,Laban Bhakta,reliable,Site_4,2026-07-06,present
176,Laban Bhakta,reliable,Site_4,2026-07-07,present
176,Laban Bhakta,reliable,Site_10,2026-07-08,present
176,Laban Bhakta,reliable,Site_10,2026-07-09,present
176,Laban Bhakta,reliable,Site_10,2026-07-10,present
177,Anya Narula,moderate,Site_6,2026-04-29,absent
177,Anya Narula,moderate,Site_6,2026-04-30,present
177,Anya Narula,moderate,Site_6,2026-05-01,present
177,Anya Narula,moderate,Site_6,2026-05-02,present
177,Anya Narula,moderate,Site_6,2026-05-04,present
177,Anya Narula,moderate,Site_6,2026-05-05,absent
177,Anya Narula,moderate,Site_6,2026-05-06,present
177,Anya Narula,moderate,Site_6,2026-05-07,present
177,Anya Narula,moderate,Site_6,2026-05-08,present
177,Anya Narula,moderate,Site_6,2026-05-09,absent
177,Anya Narula,moderate,Site_6,2026-05-11,present
177,Anya Narula,moderate,Site_6,2026-05-12,present
177,Anya Narula,moderate,Site_6,2026-05-13,present
177,Anya Narula,moderate,Site_6,2026-05-14,present
177,Anya Narula,moderate,Site_6,2026-05-15,absent
177,Anya Narula,moderate,Site_6,2026-05-16,absent
177,Anya Narula,moderate,Site_6,2026-05-18,present
177,Anya Narula,moderate,Site_6,2026-05-19,present
177,Anya Narula,moderate,Site_6,2026-05-20,present
177,Anya Narula,moderate,Site_6,2026-05-21,present
177,Anya Narula,moderate,Site_6,2026-05-22,absent
177,Anya Narula,moderate,Site_6,2026-05-23,present
177,Anya Narula,moderate,Site_6,2026-05-25,present
177,Anya Narula,moderate,Site_6,2026-05-26,present
177,Anya Narula,moderate,Site_6,2026-05-27,present
177,Anya Narula,moderate,Site_6,2026-05-28,present
177,Anya Narula,moderate,Site_6,2026-05-29,absent
177,Anya Narula,moderate,Site_6,2026-05-30,present
177,Anya Narula,moderate,Site_6,2026-06-01,present
177,Anya Narula,moderate,Site_6,2026-06-02,absent
177,Anya Narula,moderate,Site_6,2026-06-03,absent
177,Anya Narula,moderate,Site_6,2026-06-04,absent
177,Anya Narula,moderate,Site_6,2026-06-05,absent
177,Anya Narula,moderate,Site_6,2026-06-06,present
177,Anya Narula,moderate,Site_6,2026-06-08,present
177,Anya Narula,moderate,Site_6,2026-06-09,present
177,Anya Narula,moderate,Site_6,2026-06-10,present
177,Anya Narula,moderate,Site_6,2026-06-11,present
177,Anya Narula,moderate,Site_6,2026-06-12,present
177,Anya Narula,moderate,Site_6,2026-06-13,present
177,Anya Narula,moderate,Site_6,2026-06-15,present
177,Anya Narula,moderate,Site_6,2026-06-16,absent
177,Anya Narula,moderate,Site_6,2026-06-17,present
177,Anya Narula,moderate,Site_6,2026-06-18,absent
177,Anya Narula,moderate,Site_6,2026-06-19,present
177,Anya Narula,moderate,Site_6,2026-06-20,present
177,Anya Narula,moderate,Site_6,2026-06-22,present
177,Anya Narula,moderate,Site_6,2026-06-23,present
177,Anya Narula,moderate,Site_6,2026-06-24,present
177,Anya Narula,moderate,Site_6,2026-06-25,present
177,Anya Narula,moderate,Site_6,2026-06-26,present
177,Anya Narula,moderate,Site_6,2026-06-27,absent
177,Anya Narula,moderate,Site_6,2026-06-29,present
177,Anya Narula,moderate,Site_6,2026-06-30,present
177,Anya Narula,moderate,Site_6,2026-07-01,present
177,Anya Narula,moderate,Site_6,2026-07-02,present
177,Anya Narula,moderate,Site_6,2026-07-03,present
177,Anya Narula,moderate,Site_6,2026-07-04,absent
177,Anya Narula,moderate,Site_6,2026-07-06,present
177,Anya Narula,moderate,Site_6,2026-07-07,present
177,Anya Narula,moderate,Site_6,2026-07-08,present
177,Anya Narula,moderate,Site_6,2026-07-09,present
177,Anya Narula,moderate,Site_6,2026-07-10,absent
178,Aradhana Venkatesh,new,Site_7,2026-06-29,absent
178,Aradhana Venkatesh,new,Site_7,2026-06-30,present
178,Aradhana Venkatesh,new,Site_7,2026-07-01,absent
178,Aradhana Venkatesh,new,Site_7,2026-07-02,present
178,Aradhana Venkatesh,new,Site_7,2026-07-03,present
178,Aradhana Venkatesh,new,Site_7,2026-07-04,absent
178,Aradhana Venkatesh,new,Site_7,2026-07-06,absent
178,Aradhana Venkatesh,new,Site_7,2026-07-07,absent
178,Aradhana Venkatesh,new,Site_7,2026-07-08,present
178,Aradhana Venkatesh,new,Site_7,2026-07-09,present
178,Aradhana Venkatesh,new,Site_7,2026-07-10,present
179,Guneet Trivedi,reliable,Site_1,2026-02-05,present
179,Guneet Trivedi,reliable,Site_4,2026-02-06,present
179,Guneet Trivedi,reliable,Site_4,2026-02-07,present
179,Guneet Trivedi,reliable,Site_4,2026-02-09,present
179,Guneet Trivedi,reliable,Site_1,2026-02-10,present
179,Guneet Trivedi,reliable,Site_1,2026-02-11,present
179,Guneet Trivedi,reliable,Site_4,2026-02-12,present
179,Guneet Trivedi,reliable,Site_1,2026-02-13,present
179,Guneet Trivedi,reliable,Site_1,2026-02-14,present
179,Guneet Trivedi,reliable,Site_4,2026-02-16,present
179,Guneet Trivedi,reliable,Site_1,2026-02-17,present
179,Guneet Trivedi,reliable,Site_4,2026-02-18,absent
179,Guneet Trivedi,reliable,Site_1,2026-02-19,present
179,Guneet Trivedi,reliable,Site_4,2026-02-20,present
179,Guneet Trivedi,reliable,Site_1,2026-02-21,present
179,Guneet Trivedi,reliable,Site_4,2026-02-23,present
179,Guneet Trivedi,reliable,Site_1,2026-02-24,present
179,Guneet Trivedi,reliable,Site_4,2026-02-25,present
179,Guneet Trivedi,reliable,Site_1,2026-02-26,present
179,Guneet Trivedi,reliable,Site_1,2026-02-27,present
179,Guneet Trivedi,reliable,Site_4,2026-02-28,present
179,Guneet Trivedi,reliable,Site_4,2026-03-02,absent
179,Guneet Trivedi,reliable,Site_1,2026-03-03,present
179,Guneet Trivedi,reliable,Site_1,2026-03-04,absent
179,Guneet Trivedi,reliable,Site_1,2026-03-05,present
179,Guneet Trivedi,reliable,Site_4,2026-03-06,present
179,Guneet Trivedi,reliable,Site_4,2026-03-07,present
179,Guneet Trivedi,reliable,Site_4,2026-03-09,absent
179,Guneet Trivedi,reliable,Site_1,2026-03-10,present
179,Guneet Trivedi,reliable,Site_4,2026-03-11,present
179,Guneet Trivedi,reliable,Site_1,2026-03-12,present
179,Guneet Trivedi,reliable,Site_4,2026-03-13,present
179,Guneet Trivedi,reliable,Site_4,2026-03-14,present
179,Guneet Trivedi,reliable,Site_1,2026-03-16,present
179,Guneet Trivedi,reliable,Site_1,2026-03-17,present
179,Guneet Trivedi,reliable,Site_4,2026-03-18,present
179,Guneet Trivedi,reliable,Site_4,2026-03-19,present
179,Guneet Trivedi,reliable,Site_1,2026-03-20,present
179,Guneet Trivedi,reliable,Site_4,2026-03-21,present
179,Guneet Trivedi,reliable,Site_4,2026-03-23,present
179,Guneet Trivedi,reliable,Site_4,2026-03-24,present
179,Guneet Trivedi,reliable,Site_4,2026-03-25,present
179,Guneet Trivedi,reliable,Site_1,2026-03-26,present
179,Guneet Trivedi,reliable,Site_4,2026-03-27,present
179,Guneet Trivedi,reliable,Site_1,2026-03-28,present
179,Guneet Trivedi,reliable,Site_4,2026-03-30,present
179,Guneet Trivedi,reliable,Site_1,2026-03-31,present
179,Guneet Trivedi,reliable,Site_1,2026-04-01,present
179,Guneet Trivedi,reliable,Site_4,2026-04-02,present
179,Guneet Trivedi,reliable,Site_4,2026-04-03,present
179,Guneet Trivedi,reliable,Site_1,2026-04-04,present
179,Guneet Trivedi,reliable,Site_4,2026-04-06,absent
179,Guneet Trivedi,reliable,Site_4,2026-04-07,present
179,Guneet Trivedi,reliable,Site_4,2026-04-08,present
179,Guneet Trivedi,reliable,Site_4,2026-04-09,present
179,Guneet Trivedi,reliable,Site_1,2026-04-10,present
179,Guneet Trivedi,reliable,Site_4,2026-04-11,present
179,Guneet Trivedi,reliable,Site_1,2026-04-13,present
179,Guneet Trivedi,reliable,Site_4,2026-04-14,present
179,Guneet Trivedi,reliable,Site_4,2026-04-15,present
179,Guneet Trivedi,reliable,Site_4,2026-04-16,present
179,Guneet Trivedi,reliable,Site_1,2026-04-17,present
179,Guneet Trivedi,reliable,Site_4,2026-04-18,absent
179,Guneet Trivedi,reliable,Site_1,2026-04-20,present
179,Guneet Trivedi,reliable,Site_4,2026-04-21,present
179,Guneet Trivedi,reliable,Site_4,2026-04-22,present
179,Guneet Trivedi,reliable,Site_4,2026-04-23,present
179,Guneet Trivedi,reliable,Site_4,2026-04-24,present
179,Guneet Trivedi,reliable,Site_4,2026-04-25,present
179,Guneet Trivedi,reliable,Site_4,2026-04-27,present
179,Guneet Trivedi,reliable,Site_1,2026-04-28,present
179,Guneet Trivedi,reliable,Site_1,2026-04-29,present
179,Guneet Trivedi,reliable,Site_4,2026-04-30,present
179,Guneet Trivedi,reliable,Site_1,2026-05-01,present
179,Guneet Trivedi,reliable,Site_4,2026-05-02,present
179,Guneet Trivedi,reliable,Site_1,2026-05-04,present
179,Guneet Trivedi,reliable,Site_1,2026-05-05,present
179,Guneet Trivedi,reliable,Site_4,2026-05-06,present
179,Guneet Trivedi,reliable,Site_4,2026-05-07,present
179,Guneet Trivedi,reliable,Site_4,2026-05-08,present
179,Guneet Trivedi,reliable,Site_4,2026-05-09,present
179,Guneet Trivedi,reliable,Site_4,2026-05-11,absent
179,Guneet Trivedi,reliable,Site_1,2026-05-12,present
179,Guneet Trivedi,reliable,Site_4,2026-05-13,present
179,Guneet Trivedi,reliable,Site_1,2026-05-14,present
179,Guneet Trivedi,reliable,Site_4,2026-05-15,present
179,Guneet Trivedi,reliable,Site_1,2026-05-16,present
179,Guneet Trivedi,reliable,Site_1,2026-05-18,present
179,Guneet Trivedi,reliable,Site_4,2026-05-19,absent
179,Guneet Trivedi,reliable,Site_4,2026-05-20,present
179,Guneet Trivedi,reliable,Site_1,2026-05-21,present
179,Guneet Trivedi,reliable,Site_4,2026-05-22,present
179,Guneet Trivedi,reliable,Site_4,2026-05-23,present
179,Guneet Trivedi,reliable,Site_4,2026-05-25,present
179,Guneet Trivedi,reliable,Site_4,2026-05-26,present
179,Guneet Trivedi,reliable,Site_1,2026-05-27,present
179,Guneet Trivedi,reliable,Site_4,2026-05-28,present
179,Guneet Trivedi,reliable,Site_4,2026-05-29,absent
179,Guneet Trivedi,reliable,Site_4,2026-05-30,present
179,Guneet Trivedi,reliable,Site_4,2026-06-01,present
179,Guneet Trivedi,reliable,Site_4,2026-06-02,present
179,Guneet Trivedi,reliable,Site_4,2026-06-03,present
179,Guneet Trivedi,reliable,Site_4,2026-06-04,present
179,Guneet Trivedi,reliable,Site_1,2026-06-05,present
179,Guneet Trivedi,reliable,Site_4,2026-06-06,present
179,Guneet Trivedi,reliable,Site_1,2026-06-08,present
179,Guneet Trivedi,reliable,Site_1,2026-06-09,present
179,Guneet Trivedi,reliable,Site_4,2026-06-10,present
179,Guneet Trivedi,reliable,Site_4,2026-06-11,absent
179,Guneet Trivedi,reliable,Site_4,2026-06-12,present
179,Guneet Trivedi,reliable,Site_1,2026-06-13,present
179,Guneet Trivedi,reliable,Site_4,2026-06-15,present
179,Guneet Trivedi,reliable,Site_1,2026-06-16,present
179,Guneet Trivedi,reliable,Site_4,2026-06-17,present
179,Guneet Trivedi,reliable,Site_1,2026-06-18,present
179,Guneet Trivedi,reliable,Site_4,2026-06-19,absent
179,Guneet Trivedi,reliable,Site_4,2026-06-20,present
179,Guneet Trivedi,reliable,Site_4,2026-06-22,present
179,Guneet Trivedi,reliable,Site_4,2026-06-23,present
179,Guneet Trivedi,reliable,Site_1,2026-06-24,present
179,Guneet Trivedi,reliable,Site_4,2026-06-25,present
179,Guneet Trivedi,reliable,Site_1,2026-06-26,present
179,Guneet Trivedi,reliable,Site_1,2026-06-27,present
179,Guneet Trivedi,reliable,Site_4,2026-06-29,present
179,Guneet Trivedi,reliable,Site_1,2026-06-30,present
179,Guneet Trivedi,reliable,Site_4,2026-07-01,present
179,Guneet Trivedi,reliable,Site_4,2026-07-02,present
179,Guneet Trivedi,reliable,Site_4,2026-07-03,present
179,Guneet Trivedi,reliable,Site_1,2026-07-04,present
179,Guneet Trivedi,reliable,Site_1,2026-07-06,present
179,Guneet Trivedi,reliable,Site_1,2026-07-07,present
179,Guneet Trivedi,reliable,Site_1,2026-07-08,present
179,Guneet Trivedi,reliable,Site_1,2026-07-09,present
179,Guneet Trivedi,reliable,Site_1,2026-07-10,present
180,Bhavna Iyengar,moderate,Site_7,2026-03-23,present
180,Bhavna Iyengar,moderate,Site_1,2026-03-24,present
180,Bhavna Iyengar,moderate,Site_7,2026-03-25,present
180,Bhavna Iyengar,moderate,Site_1,2026-03-26,present
180,Bhavna Iyengar,moderate,Site_7,2026-03-27,present
180,Bhavna Iyengar,moderate,Site_1,2026-03-28,present
180,Bhavna Iyengar,moderate,Site_1,2026-03-30,present
180,Bhavna Iyengar,moderate,Site_7,2026-03-31,present
180,Bhavna Iyengar,moderate,Site_1,2026-04-01,present
180,Bhavna Iyengar,moderate,Site_7,2026-04-02,present
180,Bhavna Iyengar,moderate,Site_7,2026-04-03,absent
180,Bhavna Iyengar,moderate,Site_7,2026-04-04,present
180,Bhavna Iyengar,moderate,Site_7,2026-04-06,present
180,Bhavna Iyengar,moderate,Site_7,2026-04-07,absent
180,Bhavna Iyengar,moderate,Site_1,2026-04-08,present
180,Bhavna Iyengar,moderate,Site_1,2026-04-09,absent
180,Bhavna Iyengar,moderate,Site_7,2026-04-10,present
180,Bhavna Iyengar,moderate,Site_7,2026-04-11,present
180,Bhavna Iyengar,moderate,Site_1,2026-04-13,absent
180,Bhavna Iyengar,moderate,Site_7,2026-04-14,present
180,Bhavna Iyengar,moderate,Site_7,2026-04-15,present
180,Bhavna Iyengar,moderate,Site_7,2026-04-16,absent
180,Bhavna Iyengar,moderate,Site_1,2026-04-17,present
180,Bhavna Iyengar,moderate,Site_7,2026-04-18,present
180,Bhavna Iyengar,moderate,Site_7,2026-04-20,present
180,Bhavna Iyengar,moderate,Site_1,2026-04-21,present
180,Bhavna Iyengar,moderate,Site_1,2026-04-22,present
180,Bhavna Iyengar,moderate,Site_1,2026-04-23,present
180,Bhavna Iyengar,moderate,Site_1,2026-04-24,present
180,Bhavna Iyengar,moderate,Site_7,2026-04-25,absent
180,Bhavna Iyengar,moderate,Site_1,2026-04-27,present
180,Bhavna Iyengar,moderate,Site_7,2026-04-28,present
180,Bhavna Iyengar,moderate,Site_7,2026-04-29,present
180,Bhavna Iyengar,moderate,Site_1,2026-04-30,absent
180,Bhavna Iyengar,moderate,Site_7,2026-05-01,present
180,Bhavna Iyengar,moderate,Site_7,2026-05-02,present
180,Bhavna Iyengar,moderate,Site_7,2026-05-04,present
180,Bhavna Iyengar,moderate,Site_1,2026-05-05,present
180,Bhavna Iyengar,moderate,Site_1,2026-05-06,present
180,Bhavna Iyengar,moderate,Site_7,2026-05-07,absent
180,Bhavna Iyengar,moderate,Site_1,2026-05-08,absent
180,Bhavna Iyengar,moderate,Site_1,2026-05-09,present
180,Bhavna Iyengar,moderate,Site_7,2026-05-11,present
180,Bhavna Iyengar,moderate,Site_1,2026-05-12,present
180,Bhavna Iyengar,moderate,Site_1,2026-05-13,present
180,Bhavna Iyengar,moderate,Site_1,2026-05-14,present
180,Bhavna Iyengar,moderate,Site_1,2026-05-15,present
180,Bhavna Iyengar,moderate,Site_1,2026-05-16,present
180,Bhavna Iyengar,moderate,Site_1,2026-05-18,present
180,Bhavna Iyengar,moderate,Site_7,2026-05-19,present
180,Bhavna Iyengar,moderate,Site_1,2026-05-20,present
180,Bhavna Iyengar,moderate,Site_1,2026-05-21,present
180,Bhavna Iyengar,moderate,Site_1,2026-05-22,present
180,Bhavna Iyengar,moderate,Site_1,2026-05-23,present
180,Bhavna Iyengar,moderate,Site_7,2026-05-25,present
180,Bhavna Iyengar,moderate,Site_7,2026-05-26,present
180,Bhavna Iyengar,moderate,Site_1,2026-05-27,absent
180,Bhavna Iyengar,moderate,Site_7,2026-05-28,present
180,Bhavna Iyengar,moderate,Site_1,2026-05-29,present
180,Bhavna Iyengar,moderate,Site_7,2026-05-30,present
180,Bhavna Iyengar,moderate,Site_1,2026-06-01,present
180,Bhavna Iyengar,moderate,Site_7,2026-06-02,absent
180,Bhavna Iyengar,moderate,Site_1,2026-06-03,present
180,Bhavna Iyengar,moderate,Site_7,2026-06-04,absent
180,Bhavna Iyengar,moderate,Site_7,2026-06-05,present
180,Bhavna Iyengar,moderate,Site_1,2026-06-06,present
180,Bhavna Iyengar,moderate,Site_1,2026-06-08,absent
180,Bhavna Iyengar,moderate,Site_7,2026-06-09,absent
180,Bhavna Iyengar,moderate,Site_7,2026-06-10,present
180,Bhavna Iyengar,moderate,Site_1,2026-06-11,present
180,Bhavna Iyengar,moderate,Site_7,2026-06-12,present
180,Bhavna Iyengar,moderate,Site_7,2026-06-13,present
180,Bhavna Iyengar,moderate,Site_1,2026-06-15,present
180,Bhavna Iyengar,moderate,Site_1,2026-06-16,present
180,Bhavna Iyengar,moderate,Site_1,2026-06-17,present
180,Bhavna Iyengar,moderate,Site_1,2026-06-18,present
180,Bhavna Iyengar,moderate,Site_7,2026-06-19,absent
180,Bhavna Iyengar,moderate,Site_1,2026-06-20,present
180,Bhavna Iyengar,moderate,Site_7,2026-06-22,present
180,Bhavna Iyengar,moderate,Site_7,2026-06-23,present
180,Bhavna Iyengar,moderate,Site_7,2026-06-24,present
180,Bhavna Iyengar,moderate,Site_1,2026-06-25,present
180,Bhavna Iyengar,moderate,Site_7,2026-06-26,present
180,Bhavna Iyengar,moderate,Site_7,2026-06-27,present
180,Bhavna Iyengar,moderate,Site_1,2026-06-29,present
180,Bhavna Iyengar,moderate,Site_7,2026-06-30,present
180,Bhavna Iyengar,moderate,Site_7,2026-07-01,present
180,Bhavna Iyengar,moderate,Site_1,2026-07-02,present
180,Bhavna Iyengar,moderate,Site_7,2026-07-03,present
180,Bhavna Iyengar,moderate,Site_1,2026-07-04,present
180,Bhavna Iyengar,moderate,Site_1,2026-07-06,present
180,Bhavna Iyengar,moderate,Site_7,2026-07-07,present
180,Bhavna Iyengar,moderate,Site_1,2026-07-08,present
180,Bhavna Iyengar,moderate,Site_7,2026-07-09,present
180,Bhavna Iyengar,moderate,Site_7,2026-07-10,absent
181,Henry Oza,moderate,Site_10,2026-03-25,present
181,Henry Oza,moderate,Site_6,2026-03-26,present
181,Henry Oza,moderate,Site_10,2026-03-27,absent
181,Henry Oza,moderate,Site_10,2026-03-28,present
181,Henry Oza,moderate,Site_6,2026-03-30,present
181,Henry Oza,moderate,Site_10,2026-03-31,present
181,Henry Oza,moderate,Site_6,2026-04-01,absent
181,Henry Oza,moderate,Site_6,2026-04-02,present
181,Henry Oza,moderate,Site_10,2026-04-03,present
181,Henry Oza,moderate,Site_6,2026-04-04,absent
181,Henry Oza,moderate,Site_6,2026-04-06,absent
181,Henry Oza,moderate,Site_6,2026-04-07,present
181,Henry Oza,moderate,Site_6,2026-04-08,present
181,Henry Oza,moderate,Site_10,2026-04-09,present
181,Henry Oza,moderate,Site_10,2026-04-10,present
181,Henry Oza,moderate,Site_10,2026-04-11,present
181,Henry Oza,moderate,Site_10,2026-04-13,present
181,Henry Oza,moderate,Site_6,2026-04-14,present
181,Henry Oza,moderate,Site_10,2026-04-15,present
181,Henry Oza,moderate,Site_6,2026-04-16,present
181,Henry Oza,moderate,Site_6,2026-04-17,present
181,Henry Oza,moderate,Site_6,2026-04-18,present
181,Henry Oza,moderate,Site_6,2026-04-20,present
181,Henry Oza,moderate,Site_6,2026-04-21,present
181,Henry Oza,moderate,Site_6,2026-04-22,absent
181,Henry Oza,moderate,Site_10,2026-04-23,present
181,Henry Oza,moderate,Site_6,2026-04-24,present
181,Henry Oza,moderate,Site_10,2026-04-25,present
181,Henry Oza,moderate,Site_6,2026-04-27,present
181,Henry Oza,moderate,Site_6,2026-04-28,present
181,Henry Oza,moderate,Site_10,2026-04-29,present
181,Henry Oza,moderate,Site_10,2026-04-30,absent
181,Henry Oza,moderate,Site_10,2026-05-01,present
181,Henry Oza,moderate,Site_10,2026-05-02,present
181,Henry Oza,moderate,Site_10,2026-05-04,present
181,Henry Oza,moderate,Site_6,2026-05-05,present
181,Henry Oza,moderate,Site_10,2026-05-06,absent
181,Henry Oza,moderate,Site_6,2026-05-07,present
181,Henry Oza,moderate,Site_10,2026-05-08,present
181,Henry Oza,moderate,Site_6,2026-05-09,present
181,Henry Oza,moderate,Site_6,2026-05-11,present
181,Henry Oza,moderate,Site_6,2026-05-12,present
181,Henry Oza,moderate,Site_6,2026-05-13,absent
181,Henry Oza,moderate,Site_10,2026-05-14,present
181,Henry Oza,moderate,Site_6,2026-05-15,present
181,Henry Oza,moderate,Site_10,2026-05-16,present
181,Henry Oza,moderate,Site_10,2026-05-18,present
181,Henry Oza,moderate,Site_10,2026-05-19,present
181,Henry Oza,moderate,Site_6,2026-05-20,present
181,Henry Oza,moderate,Site_10,2026-05-21,absent
181,Henry Oza,moderate,Site_6,2026-05-22,absent
181,Henry Oza,moderate,Site_10,2026-05-23,present
181,Henry Oza,moderate,Site_10,2026-05-25,present
181,Henry Oza,moderate,Site_10,2026-05-26,present
181,Henry Oza,moderate,Site_6,2026-05-27,present
181,Henry Oza,moderate,Site_10,2026-05-28,present
181,Henry Oza,moderate,Site_6,2026-05-29,present
181,Henry Oza,moderate,Site_10,2026-05-30,present
181,Henry Oza,moderate,Site_10,2026-06-01,absent
181,Henry Oza,moderate,Site_10,2026-06-02,present
181,Henry Oza,moderate,Site_10,2026-06-03,absent
181,Henry Oza,moderate,Site_6,2026-06-04,present
181,Henry Oza,moderate,Site_6,2026-06-05,present
181,Henry Oza,moderate,Site_6,2026-06-06,present
181,Henry Oza,moderate,Site_10,2026-06-08,present
181,Henry Oza,moderate,Site_6,2026-06-09,absent
181,Henry Oza,moderate,Site_6,2026-06-10,present
181,Henry Oza,moderate,Site_6,2026-06-11,absent
181,Henry Oza,moderate,Site_10,2026-06-12,present
181,Henry Oza,moderate,Site_10,2026-06-13,absent
181,Henry Oza,moderate,Site_10,2026-06-15,absent
181,Henry Oza,moderate,Site_10,2026-06-16,present
181,Henry Oza,moderate,Site_10,2026-06-17,present
181,Henry Oza,moderate,Site_6,2026-06-18,present
181,Henry Oza,moderate,Site_10,2026-06-19,present
181,Henry Oza,moderate,Site_10,2026-06-20,present
181,Henry Oza,moderate,Site_10,2026-06-22,present
181,Henry Oza,moderate,Site_10,2026-06-23,present
181,Henry Oza,moderate,Site_10,2026-06-24,present
181,Henry Oza,moderate,Site_6,2026-06-25,present
181,Henry Oza,moderate,Site_6,2026-06-26,present
181,Henry Oza,moderate,Site_6,2026-06-27,present
181,Henry Oza,moderate,Site_10,2026-06-29,present
181,Henry Oza,moderate,Site_6,2026-06-30,absent
181,Henry Oza,moderate,Site_10,2026-07-01,present
181,Henry Oza,moderate,Site_6,2026-07-02,present
181,Henry Oza,moderate,Site_10,2026-07-03,present
181,Henry Oza,moderate,Site_6,2026-07-04,present
181,Henry Oza,moderate,Site_10,2026-07-06,present
181,Henry Oza,moderate,Site_6,2026-07-07,present
181,Henry Oza,moderate,Site_6,2026-07-08,absent
181,Henry Oza,moderate,Site_10,2026-07-09,absent
181,Henry Oza,moderate,Site_6,2026-07-10,present
182,Chandresh Rau,new,Site_5,2026-07-02,present
182,Chandresh Rau,new,Site_5,2026-07-03,present
182,Chandresh Rau,new,Site_5,2026-07-04,present
182,Chandresh Rau,new,Site_5,2026-07-06,present
182,Chandresh Rau,new,Site_5,2026-07-07,present
182,Chandresh Rau,new,Site_5,2026-07-08,present
182,Chandresh Rau,new,Site_5,2026-07-09,present
182,Chandresh Rau,new,Site_5,2026-07-10,absent
183,Lavanya Gala,reliable,Site_4,2026-02-24,present
183,Lavanya Gala,reliable,Site_4,2026-02-25,present
183,Lavanya Gala,reliable,Site_4,2026-02-26,present
183,Lavanya Gala,reliable,Site_10,2026-02-27,present
183,Lavanya Gala,reliable,Site_4,2026-02-28,present
183,Lavanya Gala,reliable,Site_1,2026-03-02,present
183,Lavanya Gala,reliable,Site_1,2026-03-03,present
183,Lavanya Gala,reliable,Site_4,2026-03-04,present
183,Lavanya Gala,reliable,Site_4,2026-03-05,present
183,Lavanya Gala,reliable,Site_10,2026-03-06,present
183,Lavanya Gala,reliable,Site_10,2026-03-07,present
183,Lavanya Gala,reliable,Site_4,2026-03-09,present
183,Lavanya Gala,reliable,Site_10,2026-03-10,present
183,Lavanya Gala,reliable,Site_4,2026-03-11,present
183,Lavanya Gala,reliable,Site_4,2026-03-12,present
183,Lavanya Gala,reliable,Site_10,2026-03-13,present
183,Lavanya Gala,reliable,Site_10,2026-03-14,present
183,Lavanya Gala,reliable,Site_1,2026-03-16,present
183,Lavanya Gala,reliable,Site_10,2026-03-17,absent
183,Lavanya Gala,reliable,Site_1,2026-03-18,present
183,Lavanya Gala,reliable,Site_4,2026-03-19,present
183,Lavanya Gala,reliable,Site_1,2026-03-20,present
183,Lavanya Gala,reliable,Site_1,2026-03-21,present
183,Lavanya Gala,reliable,Site_10,2026-03-23,present
183,Lavanya Gala,reliable,Site_4,2026-03-24,present
183,Lavanya Gala,reliable,Site_1,2026-03-25,present
183,Lavanya Gala,reliable,Site_10,2026-03-26,present
183,Lavanya Gala,reliable,Site_4,2026-03-27,present
183,Lavanya Gala,reliable,Site_1,2026-03-28,present
183,Lavanya Gala,reliable,Site_4,2026-03-30,present
183,Lavanya Gala,reliable,Site_1,2026-03-31,absent
183,Lavanya Gala,reliable,Site_4,2026-04-01,present
183,Lavanya Gala,reliable,Site_1,2026-04-02,present
183,Lavanya Gala,reliable,Site_10,2026-04-03,absent
183,Lavanya Gala,reliable,Site_10,2026-04-04,present
183,Lavanya Gala,reliable,Site_4,2026-04-06,present
183,Lavanya Gala,reliable,Site_10,2026-04-07,present
183,Lavanya Gala,reliable,Site_10,2026-04-08,present
183,Lavanya Gala,reliable,Site_4,2026-04-09,present
183,Lavanya Gala,reliable,Site_10,2026-04-10,present
183,Lavanya Gala,reliable,Site_1,2026-04-11,present
183,Lavanya Gala,reliable,Site_10,2026-04-13,present
183,Lavanya Gala,reliable,Site_4,2026-04-14,present
183,Lavanya Gala,reliable,Site_10,2026-04-15,present
183,Lavanya Gala,reliable,Site_4,2026-04-16,present
183,Lavanya Gala,reliable,Site_1,2026-04-17,present
183,Lavanya Gala,reliable,Site_4,2026-04-18,present
183,Lavanya Gala,reliable,Site_10,2026-04-20,absent
183,Lavanya Gala,reliable,Site_10,2026-04-21,present
183,Lavanya Gala,reliable,Site_10,2026-04-22,present
183,Lavanya Gala,reliable,Site_4,2026-04-23,present
183,Lavanya Gala,reliable,Site_1,2026-04-24,present
183,Lavanya Gala,reliable,Site_1,2026-04-25,present
183,Lavanya Gala,reliable,Site_10,2026-04-27,present
183,Lavanya Gala,reliable,Site_4,2026-04-28,present
183,Lavanya Gala,reliable,Site_4,2026-04-29,present
183,Lavanya Gala,reliable,Site_10,2026-04-30,present
183,Lavanya Gala,reliable,Site_10,2026-05-01,present
183,Lavanya Gala,reliable,Site_1,2026-05-02,present
183,Lavanya Gala,reliable,Site_10,2026-05-04,present
183,Lavanya Gala,reliable,Site_10,2026-05-05,present
183,Lavanya Gala,reliable,Site_10,2026-05-06,present
183,Lavanya Gala,reliable,Site_10,2026-05-07,present
183,Lavanya Gala,reliable,Site_4,2026-05-08,present
183,Lavanya Gala,reliable,Site_10,2026-05-09,present
183,Lavanya Gala,reliable,Site_1,2026-05-11,present
183,Lavanya Gala,reliable,Site_1,2026-05-12,present
183,Lavanya Gala,reliable,Site_4,2026-05-13,present
183,Lavanya Gala,reliable,Site_10,2026-05-14,present
183,Lavanya Gala,reliable,Site_10,2026-05-15,present
183,Lavanya Gala,reliable,Site_4,2026-05-16,present
183,Lavanya Gala,reliable,Site_1,2026-05-18,present
183,Lavanya Gala,reliable,Site_1,2026-05-19,present
183,Lavanya Gala,reliable,Site_1,2026-05-20,present
183,Lavanya Gala,reliable,Site_1,2026-05-21,present
183,Lavanya Gala,reliable,Site_10,2026-05-22,present
183,Lavanya Gala,reliable,Site_10,2026-05-23,present
183,Lavanya Gala,reliable,Site_10,2026-05-25,present
183,Lavanya Gala,reliable,Site_1,2026-05-26,present
183,Lavanya Gala,reliable,Site_10,2026-05-27,present
183,Lavanya Gala,reliable,Site_10,2026-05-28,absent
183,Lavanya Gala,reliable,Site_1,2026-05-29,present
183,Lavanya Gala,reliable,Site_1,2026-05-30,present
183,Lavanya Gala,reliable,Site_10,2026-06-01,present
183,Lavanya Gala,reliable,Site_1,2026-06-02,present
183,Lavanya Gala,reliable,Site_10,2026-06-03,present
183,Lavanya Gala,reliable,Site_1,2026-06-04,present
183,Lavanya Gala,reliable,Site_10,2026-06-05,present
183,Lavanya Gala,reliable,Site_1,2026-06-06,absent
183,Lavanya Gala,reliable,Site_4,2026-06-08,present
183,Lavanya Gala,reliable,Site_4,2026-06-09,present
183,Lavanya Gala,reliable,Site_4,2026-06-10,present
183,Lavanya Gala,reliable,Site_4,2026-06-11,present
183,Lavanya Gala,reliable,Site_4,2026-06-12,present
183,Lavanya Gala,reliable,Site_1,2026-06-13,present
183,Lavanya Gala,reliable,Site_1,2026-06-15,present
183,Lavanya Gala,reliable,Site_1,2026-06-16,present
183,Lavanya Gala,reliable,Site_10,2026-06-17,absent
183,Lavanya Gala,reliable,Site_1,2026-06-18,present
183,Lavanya Gala,reliable,Site_4,2026-06-19,present
183,Lavanya Gala,reliable,Site_10,2026-06-20,present
183,Lavanya Gala,reliable,Site_1,2026-06-22,present
183,Lavanya Gala,reliable,Site_1,2026-06-23,present
183,Lavanya Gala,reliable,Site_4,2026-06-24,present
183,Lavanya Gala,reliable,Site_4,2026-06-25,absent
183,Lavanya Gala,reliable,Site_10,2026-06-26,present
183,Lavanya Gala,reliable,Site_1,2026-06-27,present
183,Lavanya Gala,reliable,Site_1,2026-06-29,present
183,Lavanya Gala,reliable,Site_1,2026-06-30,present
183,Lavanya Gala,reliable,Site_1,2026-07-01,present
183,Lavanya Gala,reliable,Site_10,2026-07-02,present
183,Lavanya Gala,reliable,Site_4,2026-07-03,present
183,Lavanya Gala,reliable,Site_4,2026-07-04,present
183,Lavanya Gala,reliable,Site_10,2026-07-06,present
183,Lavanya Gala,reliable,Site_4,2026-07-07,present
183,Lavanya Gala,reliable,Site_10,2026-07-08,absent
183,Lavanya Gala,reliable,Site_1,2026-07-09,present
183,Lavanya Gala,reliable,Site_10,2026-07-10,present
184,Jai Dora,reliable,Site_10,2026-01-24,present
184,Jai Dora,reliable,Site_7,2026-01-26,present
184,Jai Dora,reliable,Site_10,2026-01-27,present
184,Jai Dora,reliable,Site_2,2026-01-28,present
184,Jai Dora,reliable,Site_2,2026-01-29,absent
184,Jai Dora,reliable,Site_2,2026-01-30,present
184,Jai Dora,reliable,Site_7,2026-01-31,present
184,Jai Dora,reliable,Site_2,2026-02-02,present
184,Jai Dora,reliable,Site_2,2026-02-03,present
184,Jai Dora,reliable,Site_2,2026-02-04,present
184,Jai Dora,reliable,Site_7,2026-02-05,present
184,Jai Dora,reliable,Site_10,2026-02-06,present
184,Jai Dora,reliable,Site_2,2026-02-07,present
184,Jai Dora,reliable,Site_10,2026-02-09,present
184,Jai Dora,reliable,Site_10,2026-02-10,present
184,Jai Dora,reliable,Site_2,2026-02-11,present
184,Jai Dora,reliable,Site_2,2026-02-12,present
184,Jai Dora,reliable,Site_7,2026-02-13,present
184,Jai Dora,reliable,Site_2,2026-02-14,present
184,Jai Dora,reliable,Site_2,2026-02-16,present
184,Jai Dora,reliable,Site_2,2026-02-17,present
184,Jai Dora,reliable,Site_7,2026-02-18,present
184,Jai Dora,reliable,Site_2,2026-02-19,present
184,Jai Dora,reliable,Site_2,2026-02-20,present
184,Jai Dora,reliable,Site_7,2026-02-21,present
184,Jai Dora,reliable,Site_10,2026-02-23,present
184,Jai Dora,reliable,Site_10,2026-02-24,absent
184,Jai Dora,reliable,Site_2,2026-02-25,present
184,Jai Dora,reliable,Site_10,2026-02-26,present
184,Jai Dora,reliable,Site_2,2026-02-27,present
184,Jai Dora,reliable,Site_7,2026-02-28,present
184,Jai Dora,reliable,Site_7,2026-03-02,present
184,Jai Dora,reliable,Site_7,2026-03-03,present
184,Jai Dora,reliable,Site_7,2026-03-04,present
184,Jai Dora,reliable,Site_10,2026-03-05,present
184,Jai Dora,reliable,Site_2,2026-03-06,present
184,Jai Dora,reliable,Site_10,2026-03-07,present
184,Jai Dora,reliable,Site_10,2026-03-09,present
184,Jai Dora,reliable,Site_2,2026-03-10,present
184,Jai Dora,reliable,Site_10,2026-03-11,present
184,Jai Dora,reliable,Site_2,2026-03-12,present
184,Jai Dora,reliable,Site_2,2026-03-13,present
184,Jai Dora,reliable,Site_7,2026-03-14,present
184,Jai Dora,reliable,Site_2,2026-03-16,present
184,Jai Dora,reliable,Site_7,2026-03-17,present
184,Jai Dora,reliable,Site_2,2026-03-18,present
184,Jai Dora,reliable,Site_10,2026-03-19,absent
184,Jai Dora,reliable,Site_7,2026-03-20,present
184,Jai Dora,reliable,Site_10,2026-03-21,present
184,Jai Dora,reliable,Site_7,2026-03-23,absent
184,Jai Dora,reliable,Site_10,2026-03-24,absent
184,Jai Dora,reliable,Site_10,2026-03-25,present
184,Jai Dora,reliable,Site_10,2026-03-26,present
184,Jai Dora,reliable,Site_7,2026-03-27,present
184,Jai Dora,reliable,Site_2,2026-03-28,present
184,Jai Dora,reliable,Site_7,2026-03-30,present
184,Jai Dora,reliable,Site_10,2026-03-31,present
184,Jai Dora,reliable,Site_10,2026-04-01,present
184,Jai Dora,reliable,Site_10,2026-04-02,present
184,Jai Dora,reliable,Site_2,2026-04-03,present
184,Jai Dora,reliable,Site_2,2026-04-04,present
184,Jai Dora,reliable,Site_2,2026-04-06,present
184,Jai Dora,reliable,Site_10,2026-04-07,present
184,Jai Dora,reliable,Site_10,2026-04-08,present
184,Jai Dora,reliable,Site_10,2026-04-09,present
184,Jai Dora,reliable,Site_2,2026-04-10,present
184,Jai Dora,reliable,Site_2,2026-04-11,present
184,Jai Dora,reliable,Site_7,2026-04-13,present
184,Jai Dora,reliable,Site_2,2026-04-14,present
184,Jai Dora,reliable,Site_2,2026-04-15,present
184,Jai Dora,reliable,Site_7,2026-04-16,present
184,Jai Dora,reliable,Site_7,2026-04-17,present
184,Jai Dora,reliable,Site_2,2026-04-18,present
184,Jai Dora,reliable,Site_10,2026-04-20,present
184,Jai Dora,reliable,Site_2,2026-04-21,present
184,Jai Dora,reliable,Site_2,2026-04-22,present
184,Jai Dora,reliable,Site_2,2026-04-23,present
184,Jai Dora,reliable,Site_10,2026-04-24,present
184,Jai Dora,reliable,Site_10,2026-04-25,present
184,Jai Dora,reliable,Site_10,2026-04-27,present
184,Jai Dora,reliable,Site_2,2026-04-28,present
184,Jai Dora,reliable,Site_10,2026-04-29,present
184,Jai Dora,reliable,Site_10,2026-04-30,present
184,Jai Dora,reliable,Site_2,2026-05-01,present
184,Jai Dora,reliable,Site_7,2026-05-02,present
184,Jai Dora,reliable,Site_7,2026-05-04,present
184,Jai Dora,reliable,Site_10,2026-05-05,present
184,Jai Dora,reliable,Site_2,2026-05-06,present
184,Jai Dora,reliable,Site_2,2026-05-07,present
184,Jai Dora,reliable,Site_10,2026-05-08,present
184,Jai Dora,reliable,Site_2,2026-05-09,present
184,Jai Dora,reliable,Site_7,2026-05-11,present
184,Jai Dora,reliable,Site_2,2026-05-12,present
184,Jai Dora,reliable,Site_2,2026-05-13,present
184,Jai Dora,reliable,Site_2,2026-05-14,present
184,Jai Dora,reliable,Site_10,2026-05-15,present
184,Jai Dora,reliable,Site_2,2026-05-16,present
184,Jai Dora,reliable,Site_2,2026-05-18,present
184,Jai Dora,reliable,Site_2,2026-05-19,present
184,Jai Dora,reliable,Site_10,2026-05-20,present
184,Jai Dora,reliable,Site_7,2026-05-21,present
184,Jai Dora,reliable,Site_2,2026-05-22,present
184,Jai Dora,reliable,Site_2,2026-05-23,present
184,Jai Dora,reliable,Site_2,2026-05-25,present
184,Jai Dora,reliable,Site_10,2026-05-26,present
184,Jai Dora,reliable,Site_2,2026-05-27,present
184,Jai Dora,reliable,Site_10,2026-05-28,present
184,Jai Dora,reliable,Site_2,2026-05-29,present
184,Jai Dora,reliable,Site_7,2026-05-30,present
184,Jai Dora,reliable,Site_2,2026-06-01,present
184,Jai Dora,reliable,Site_7,2026-06-02,present
184,Jai Dora,reliable,Site_7,2026-06-03,present
184,Jai Dora,reliable,Site_10,2026-06-04,present
184,Jai Dora,reliable,Site_10,2026-06-05,present
184,Jai Dora,reliable,Site_7,2026-06-06,absent
184,Jai Dora,reliable,Site_10,2026-06-08,present
184,Jai Dora,reliable,Site_10,2026-06-09,present
184,Jai Dora,reliable,Site_7,2026-06-10,present
184,Jai Dora,reliable,Site_10,2026-06-11,present
184,Jai Dora,reliable,Site_2,2026-06-12,present
184,Jai Dora,reliable,Site_2,2026-06-13,present
184,Jai Dora,reliable,Site_2,2026-06-15,present
184,Jai Dora,reliable,Site_7,2026-06-16,present
184,Jai Dora,reliable,Site_7,2026-06-17,present
184,Jai Dora,reliable,Site_10,2026-06-18,present
184,Jai Dora,reliable,Site_10,2026-06-19,present
184,Jai Dora,reliable,Site_7,2026-06-20,present
184,Jai Dora,reliable,Site_2,2026-06-22,present
184,Jai Dora,reliable,Site_2,2026-06-23,present
184,Jai Dora,reliable,Site_7,2026-06-24,present
184,Jai Dora,reliable,Site_10,2026-06-25,present
184,Jai Dora,reliable,Site_2,2026-06-26,present
184,Jai Dora,reliable,Site_10,2026-06-27,present
184,Jai Dora,reliable,Site_7,2026-06-29,present
184,Jai Dora,reliable,Site_2,2026-06-30,present
184,Jai Dora,reliable,Site_10,2026-07-01,present
184,Jai Dora,reliable,Site_10,2026-07-02,present
184,Jai Dora,reliable,Site_7,2026-07-03,present
184,Jai Dora,reliable,Site_2,2026-07-04,present
184,Jai Dora,reliable,Site_2,2026-07-06,present
184,Jai Dora,reliable,Site_10,2026-07-07,present
184,Jai Dora,reliable,Site_10,2026-07-08,present
184,Jai Dora,reliable,Site_10,2026-07-09,present
184,Jai Dora,reliable,Site_2,2026-07-10,present
185,Vanya Comar,moderate,Site_1,2026-04-13,present
185,Vanya Comar,moderate,Site_8,2026-04-14,present
185,Vanya Comar,moderate,Site_8,2026-04-15,present
185,Vanya Comar,moderate,Site_1,2026-04-16,present
185,Vanya Comar,moderate,Site_1,2026-04-17,present
185,Vanya Comar,moderate,Site_8,2026-04-18,present
185,Vanya Comar,moderate,Site_8,2026-04-20,present
185,Vanya Comar,moderate,Site_8,2026-04-21,present
185,Vanya Comar,moderate,Site_1,2026-04-22,absent
185,Vanya Comar,moderate,Site_8,2026-04-23,present
185,Vanya Comar,moderate,Site_1,2026-04-24,present
185,Vanya Comar,moderate,Site_8,2026-04-25,present
185,Vanya Comar,moderate,Site_1,2026-04-27,present
185,Vanya Comar,moderate,Site_1,2026-04-28,present
185,Vanya Comar,moderate,Site_8,2026-04-29,present
185,Vanya Comar,moderate,Site_1,2026-04-30,present
185,Vanya Comar,moderate,Site_8,2026-05-01,present
185,Vanya Comar,moderate,Site_8,2026-05-02,present
185,Vanya Comar,moderate,Site_1,2026-05-04,present
185,Vanya Comar,moderate,Site_1,2026-05-05,present
185,Vanya Comar,moderate,Site_8,2026-05-06,present
185,Vanya Comar,moderate,Site_1,2026-05-07,absent
185,Vanya Comar,moderate,Site_8,2026-05-08,present
185,Vanya Comar,moderate,Site_8,2026-05-09,present
185,Vanya Comar,moderate,Site_8,2026-05-11,present
185,Vanya Comar,moderate,Site_8,2026-05-12,absent
185,Vanya Comar,moderate,Site_8,2026-05-13,present
185,Vanya Comar,moderate,Site_1,2026-05-14,present
185,Vanya Comar,moderate,Site_1,2026-05-15,present
185,Vanya Comar,moderate,Site_1,2026-05-16,present
185,Vanya Comar,moderate,Site_1,2026-05-18,present
185,Vanya Comar,moderate,Site_8,2026-05-19,absent
185,Vanya Comar,moderate,Site_1,2026-05-20,present
185,Vanya Comar,moderate,Site_8,2026-05-21,present
185,Vanya Comar,moderate,Site_1,2026-05-22,present
185,Vanya Comar,moderate,Site_8,2026-05-23,present
185,Vanya Comar,moderate,Site_8,2026-05-25,present
185,Vanya Comar,moderate,Site_1,2026-05-26,present
185,Vanya Comar,moderate,Site_1,2026-05-27,absent
185,Vanya Comar,moderate,Site_1,2026-05-28,present
185,Vanya Comar,moderate,Site_1,2026-05-29,present
185,Vanya Comar,moderate,Site_8,2026-05-30,present
185,Vanya Comar,moderate,Site_1,2026-06-01,absent
185,Vanya Comar,moderate,Site_1,2026-06-02,present
185,Vanya Comar,moderate,Site_1,2026-06-03,present
185,Vanya Comar,moderate,Site_8,2026-06-04,present
185,Vanya Comar,moderate,Site_8,2026-06-05,present
185,Vanya Comar,moderate,Site_8,2026-06-06,present
185,Vanya Comar,moderate,Site_1,2026-06-08,present
185,Vanya Comar,moderate,Site_8,2026-06-09,present
185,Vanya Comar,moderate,Site_8,2026-06-10,present
185,Vanya Comar,moderate,Site_8,2026-06-11,absent
185,Vanya Comar,moderate,Site_1,2026-06-12,present
185,Vanya Comar,moderate,Site_1,2026-06-13,present
185,Vanya Comar,moderate,Site_1,2026-06-15,present
185,Vanya Comar,moderate,Site_1,2026-06-16,absent
185,Vanya Comar,moderate,Site_1,2026-06-17,present
185,Vanya Comar,moderate,Site_1,2026-06-18,absent
185,Vanya Comar,moderate,Site_1,2026-06-19,present
185,Vanya Comar,moderate,Site_8,2026-06-20,present
185,Vanya Comar,moderate,Site_1,2026-06-22,absent
185,Vanya Comar,moderate,Site_1,2026-06-23,present
185,Vanya Comar,moderate,Site_8,2026-06-24,absent
185,Vanya Comar,moderate,Site_8,2026-06-25,present
185,Vanya Comar,moderate,Site_8,2026-06-26,present
185,Vanya Comar,moderate,Site_8,2026-06-27,present
185,Vanya Comar,moderate,Site_1,2026-06-29,present
185,Vanya Comar,moderate,Site_8,2026-06-30,present
185,Vanya Comar,moderate,Site_1,2026-07-01,present
185,Vanya Comar,moderate,Site_1,2026-07-02,absent
185,Vanya Comar,moderate,Site_8,2026-07-03,present
185,Vanya Comar,moderate,Site_8,2026-07-04,absent
185,Vanya Comar,moderate,Site_1,2026-07-06,absent
185,Vanya Comar,moderate,Site_1,2026-07-07,absent
185,Vanya Comar,moderate,Site_8,2026-07-08,absent
185,Vanya Comar,moderate,Site_1,2026-07-09,present
185,Vanya Comar,moderate,Site_1,2026-07-10,present
186,Gautami Pingle,new,Site_2,2026-07-04,present
186,Gautami Pingle,new,Site_2,2026-07-06,present
186,Gautami Pingle,new,Site_2,2026-07-07,present
186,Gautami Pingle,new,Site_2,2026-07-08,present
186,Gautami Pingle,new,Site_2,2026-07-09,present
186,Gautami Pingle,new,Site_2,2026-07-10,present
187,Quincy Raj,unreliable,Site_2,2026-06-19,present
187,Quincy Raj,unreliable,Site_2,2026-06-20,present
187,Quincy Raj,unreliable,Site_2,2026-06-22,absent
187,Quincy Raj,unreliable,Site_2,2026-06-23,absent
187,Quincy Raj,unreliable,Site_2,2026-06-24,present
187,Quincy Raj,unreliable,Site_2,2026-06-25,absent
187,Quincy Raj,unreliable,Site_2,2026-06-26,present
187,Quincy Raj,unreliable,Site_2,2026-06-27,absent
187,Quincy Raj,unreliable,Site_2,2026-06-29,present
187,Quincy Raj,unreliable,Site_2,2026-06-30,absent
187,Quincy Raj,unreliable,Site_2,2026-07-01,absent
187,Quincy Raj,unreliable,Site_2,2026-07-02,present
187,Quincy Raj,unreliable,Site_2,2026-07-03,present
187,Quincy Raj,unreliable,Site_2,2026-07-04,absent
187,Quincy Raj,unreliable,Site_2,2026-07-06,present
187,Quincy Raj,unreliable,Site_2,2026-07-07,present
187,Quincy Raj,unreliable,Site_2,2026-07-08,absent
187,Quincy Raj,unreliable,Site_2,2026-07-09,present
187,Quincy Raj,unreliable,Site_2,2026-07-10,present
188,Anika Kuruvilla,reliable,Site_2,2026-01-22,present
188,Anika Kuruvilla,reliable,Site_1,2026-01-23,present
188,Anika Kuruvilla,reliable,Site_2,2026-01-24,present
188,Anika Kuruvilla,reliable,Site_2,2026-01-26,present
188,Anika Kuruvilla,reliable,Site_1,2026-01-27,present
188,Anika Kuruvilla,reliable,Site_1,2026-01-28,present
188,Anika Kuruvilla,reliable,Site_1,2026-01-29,present
188,Anika Kuruvilla,reliable,Site_1,2026-01-30,present
188,Anika Kuruvilla,reliable,Site_1,2026-01-31,present
188,Anika Kuruvilla,reliable,Site_2,2026-02-02,present
188,Anika Kuruvilla,reliable,Site_2,2026-02-03,present
188,Anika Kuruvilla,reliable,Site_1,2026-02-04,present
188,Anika Kuruvilla,reliable,Site_2,2026-02-05,present
188,Anika Kuruvilla,reliable,Site_1,2026-02-06,present
188,Anika Kuruvilla,reliable,Site_1,2026-02-07,present
188,Anika Kuruvilla,reliable,Site_2,2026-02-09,present
188,Anika Kuruvilla,reliable,Site_1,2026-02-10,present
188,Anika Kuruvilla,reliable,Site_2,2026-02-11,present
188,Anika Kuruvilla,reliable,Site_1,2026-02-12,present
188,Anika Kuruvilla,reliable,Site_2,2026-02-13,present
188,Anika Kuruvilla,reliable,Site_2,2026-02-14,present
188,Anika Kuruvilla,reliable,Site_2,2026-02-16,absent
188,Anika Kuruvilla,reliable,Site_1,2026-02-17,present
188,Anika Kuruvilla,reliable,Site_1,2026-02-18,present
188,Anika Kuruvilla,reliable,Site_1,2026-02-19,present
188,Anika Kuruvilla,reliable,Site_1,2026-02-20,present
188,Anika Kuruvilla,reliable,Site_1,2026-02-21,present
188,Anika Kuruvilla,reliable,Site_2,2026-02-23,present
188,Anika Kuruvilla,reliable,Site_1,2026-02-24,present
188,Anika Kuruvilla,reliable,Site_1,2026-02-25,present
188,Anika Kuruvilla,reliable,Site_1,2026-02-26,present
188,Anika Kuruvilla,reliable,Site_1,2026-02-27,present
188,Anika Kuruvilla,reliable,Site_2,2026-02-28,present
188,Anika Kuruvilla,reliable,Site_2,2026-03-02,present
188,Anika Kuruvilla,reliable,Site_2,2026-03-03,present
188,Anika Kuruvilla,reliable,Site_2,2026-03-04,present
188,Anika Kuruvilla,reliable,Site_1,2026-03-05,present
188,Anika Kuruvilla,reliable,Site_2,2026-03-06,present
188,Anika Kuruvilla,reliable,Site_1,2026-03-07,present
188,Anika Kuruvilla,reliable,Site_1,2026-03-09,present
188,Anika Kuruvilla,reliable,Site_1,2026-03-10,present
188,Anika Kuruvilla,reliable,Site_1,2026-03-11,present
188,Anika Kuruvilla,reliable,Site_2,2026-03-12,present
188,Anika Kuruvilla,reliable,Site_1,2026-03-13,present
188,Anika Kuruvilla,reliable,Site_2,2026-03-14,present
188,Anika Kuruvilla,reliable,Site_1,2026-03-16,present
188,Anika Kuruvilla,reliable,Site_1,2026-03-17,present
188,Anika Kuruvilla,reliable,Site_2,2026-03-18,present
188,Anika Kuruvilla,reliable,Site_2,2026-03-19,present
188,Anika Kuruvilla,reliable,Site_1,2026-03-20,present
188,Anika Kuruvilla,reliable,Site_2,2026-03-21,present
188,Anika Kuruvilla,reliable,Site_2,2026-03-23,present
188,Anika Kuruvilla,reliable,Site_2,2026-03-24,present
188,Anika Kuruvilla,reliable,Site_2,2026-03-25,present
188,Anika Kuruvilla,reliable,Site_1,2026-03-26,present
188,Anika Kuruvilla,reliable,Site_2,2026-03-27,present
188,Anika Kuruvilla,reliable,Site_2,2026-03-28,present
188,Anika Kuruvilla,reliable,Site_1,2026-03-30,present
188,Anika Kuruvilla,reliable,Site_1,2026-03-31,present
188,Anika Kuruvilla,reliable,Site_2,2026-04-01,present
188,Anika Kuruvilla,reliable,Site_1,2026-04-02,present
188,Anika Kuruvilla,reliable,Site_2,2026-04-03,present
188,Anika Kuruvilla,reliable,Site_2,2026-04-04,present
188,Anika Kuruvilla,reliable,Site_2,2026-04-06,present
188,Anika Kuruvilla,reliable,Site_1,2026-04-07,present
188,Anika Kuruvilla,reliable,Site_2,2026-04-08,present
188,Anika Kuruvilla,reliable,Site_1,2026-04-09,present
188,Anika Kuruvilla,reliable,Site_2,2026-04-10,present
188,Anika Kuruvilla,reliable,Site_1,2026-04-11,present
188,Anika Kuruvilla,reliable,Site_2,2026-04-13,present
188,Anika Kuruvilla,reliable,Site_1,2026-04-14,present
188,Anika Kuruvilla,reliable,Site_2,2026-04-15,present
188,Anika Kuruvilla,reliable,Site_1,2026-04-16,absent
188,Anika Kuruvilla,reliable,Site_1,2026-04-17,present
188,Anika Kuruvilla,reliable,Site_2,2026-04-18,present
188,Anika Kuruvilla,reliable,Site_1,2026-04-20,present
188,Anika Kuruvilla,reliable,Site_1,2026-04-21,present
188,Anika Kuruvilla,reliable,Site_2,2026-04-22,present
188,Anika Kuruvilla,reliable,Site_1,2026-04-23,present
188,Anika Kuruvilla,reliable,Site_2,2026-04-24,present
188,Anika Kuruvilla,reliable,Site_2,2026-04-25,present
188,Anika Kuruvilla,reliable,Site_1,2026-04-27,present
188,Anika Kuruvilla,reliable,Site_1,2026-04-28,present
188,Anika Kuruvilla,reliable,Site_2,2026-04-29,present
188,Anika Kuruvilla,reliable,Site_2,2026-04-30,absent
188,Anika Kuruvilla,reliable,Site_1,2026-05-01,present
188,Anika Kuruvilla,reliable,Site_1,2026-05-02,present
188,Anika Kuruvilla,reliable,Site_2,2026-05-04,present
188,Anika Kuruvilla,reliable,Site_1,2026-05-05,present
188,Anika Kuruvilla,reliable,Site_2,2026-05-06,present
188,Anika Kuruvilla,reliable,Site_2,2026-05-07,present
188,Anika Kuruvilla,reliable,Site_2,2026-05-08,absent
188,Anika Kuruvilla,reliable,Site_2,2026-05-09,present
188,Anika Kuruvilla,reliable,Site_2,2026-05-11,present
188,Anika Kuruvilla,reliable,Site_2,2026-05-12,present
188,Anika Kuruvilla,reliable,Site_1,2026-05-13,present
188,Anika Kuruvilla,reliable,Site_2,2026-05-14,present
188,Anika Kuruvilla,reliable,Site_2,2026-05-15,present
188,Anika Kuruvilla,reliable,Site_1,2026-05-16,present
188,Anika Kuruvilla,reliable,Site_1,2026-05-18,present
188,Anika Kuruvilla,reliable,Site_1,2026-05-19,present
188,Anika Kuruvilla,reliable,Site_1,2026-05-20,present
188,Anika Kuruvilla,reliable,Site_1,2026-05-21,present
188,Anika Kuruvilla,reliable,Site_1,2026-05-22,present
188,Anika Kuruvilla,reliable,Site_1,2026-05-23,present
188,Anika Kuruvilla,reliable,Site_1,2026-05-25,present
188,Anika Kuruvilla,reliable,Site_1,2026-05-26,absent
188,Anika Kuruvilla,reliable,Site_1,2026-05-27,present
188,Anika Kuruvilla,reliable,Site_1,2026-05-28,present
188,Anika Kuruvilla,reliable,Site_2,2026-05-29,present
188,Anika Kuruvilla,reliable,Site_2,2026-05-30,present
188,Anika Kuruvilla,reliable,Site_2,2026-06-01,absent
188,Anika Kuruvilla,reliable,Site_1,2026-06-02,present
188,Anika Kuruvilla,reliable,Site_2,2026-06-03,present
188,Anika Kuruvilla,reliable,Site_1,2026-06-04,present
188,Anika Kuruvilla,reliable,Site_1,2026-06-05,present
188,Anika Kuruvilla,reliable,Site_1,2026-06-06,present
188,Anika Kuruvilla,reliable,Site_2,2026-06-08,present
188,Anika Kuruvilla,reliable,Site_1,2026-06-09,present
188,Anika Kuruvilla,reliable,Site_1,2026-06-10,present
188,Anika Kuruvilla,reliable,Site_2,2026-06-11,present
188,Anika Kuruvilla,reliable,Site_1,2026-06-12,present
188,Anika Kuruvilla,reliable,Site_2,2026-06-13,present
188,Anika Kuruvilla,reliable,Site_2,2026-06-15,present
188,Anika Kuruvilla,reliable,Site_1,2026-06-16,present
188,Anika Kuruvilla,reliable,Site_1,2026-06-17,present
188,Anika Kuruvilla,reliable,Site_2,2026-06-18,present
188,Anika Kuruvilla,reliable,Site_1,2026-06-19,present
188,Anika Kuruvilla,reliable,Site_2,2026-06-20,present
188,Anika Kuruvilla,reliable,Site_2,2026-06-22,present
188,Anika Kuruvilla,reliable,Site_1,2026-06-23,present
188,Anika Kuruvilla,reliable,Site_1,2026-06-24,present
188,Anika Kuruvilla,reliable,Site_1,2026-06-25,present
188,Anika Kuruvilla,reliable,Site_2,2026-06-26,present
188,Anika Kuruvilla,reliable,Site_2,2026-06-27,present
188,Anika Kuruvilla,reliable,Site_1,2026-06-29,present
188,Anika Kuruvilla,reliable,Site_1,2026-06-30,present
188,Anika Kuruvilla,reliable,Site_1,2026-07-01,present
188,Anika Kuruvilla,reliable,Site_1,2026-07-02,present
188,Anika Kuruvilla,reliable,Site_1,2026-07-03,present
188,Anika Kuruvilla,reliable,Site_2,2026-07-04,present
188,Anika Kuruvilla,reliable,Site_2,2026-07-06,present
188,Anika Kuruvilla,reliable,Site_1,2026-07-07,present
188,Anika Kuruvilla,reliable,Site_2,2026-07-08,present
188,Anika Kuruvilla,reliable,Site_1,2026-07-09,present
188,Anika Kuruvilla,reliable,Site_1,2026-07-10,present
189,Leela Sankar,unreliable,Site_4,2026-06-01,present
189,Leela Sankar,unreliable,Site_4,2026-06-02,absent
189,Leela Sankar,unreliable,Site_4,2026-06-03,absent
189,Leela Sankar,unreliable,Site_4,2026-06-04,present
189,Leela Sankar,unreliable,Site_4,2026-06-05,absent
189,Leela Sankar,unreliable,Site_4,2026-06-06,present
189,Leela Sankar,unreliable,Site_4,2026-06-08,present
189,Leela Sankar,unreliable,Site_4,2026-06-09,present
189,Leela Sankar,unreliable,Site_4,2026-06-10,present
189,Leela Sankar,unreliable,Site_4,2026-06-11,present
189,Leela Sankar,unreliable,Site_4,2026-06-12,present
189,Leela Sankar,unreliable,Site_4,2026-06-13,absent
189,Leela Sankar,unreliable,Site_4,2026-06-15,present
189,Leela Sankar,unreliable,Site_4,2026-06-16,absent
189,Leela Sankar,unreliable,Site_4,2026-06-17,present
189,Leela Sankar,unreliable,Site_4,2026-06-18,absent
189,Leela Sankar,unreliable,Site_4,2026-06-19,absent
189,Leela Sankar,unreliable,Site_4,2026-06-20,present
189,Leela Sankar,unreliable,Site_4,2026-06-22,present
189,Leela Sankar,unreliable,Site_4,2026-06-23,absent
189,Leela Sankar,unreliable,Site_4,2026-06-24,absent
189,Leela Sankar,unreliable,Site_4,2026-06-25,present
189,Leela Sankar,unreliable,Site_4,2026-06-26,present
189,Leela Sankar,unreliable,Site_4,2026-06-27,absent
189,Leela Sankar,unreliable,Site_4,2026-06-29,present
189,Leela Sankar,unreliable,Site_4,2026-06-30,absent
189,Leela Sankar,unreliable,Site_4,2026-07-01,absent
189,Leela Sankar,unreliable,Site_4,2026-07-02,present
189,Leela Sankar,unreliable,Site_4,2026-07-03,absent
189,Leela Sankar,unreliable,Site_4,2026-07-04,absent
189,Leela Sankar,unreliable,Site_4,2026-07-06,present
189,Leela Sankar,unreliable,Site_4,2026-07-07,absent
189,Leela Sankar,unreliable,Site_4,2026-07-08,absent
189,Leela Sankar,unreliable,Site_4,2026-07-09,present
189,Leela Sankar,unreliable,Site_4,2026-07-10,absent
190,Aarav Gulati,moderate,Site_2,2026-05-06,absent
190,Aarav Gulati,moderate,Site_2,2026-05-07,absent
190,Aarav Gulati,moderate,Site_2,2026-05-08,present
190,Aarav Gulati,moderate,Site_2,2026-05-09,absent
190,Aarav Gulati,moderate,Site_2,2026-05-11,present
190,Aarav Gulati,moderate,Site_2,2026-05-12,present
190,Aarav Gulati,moderate,Site_2,2026-05-13,present
190,Aarav Gulati,moderate,Site_2,2026-05-14,present
190,Aarav Gulati,moderate,Site_2,2026-05-15,absent
190,Aarav Gulati,moderate,Site_2,2026-05-16,present
190,Aarav Gulati,moderate,Site_2,2026-05-18,absent
190,Aarav Gulati,moderate,Site_2,2026-05-19,present
190,Aarav Gulati,moderate,Site_2,2026-05-20,present
190,Aarav Gulati,moderate,Site_2,2026-05-21,present
190,Aarav Gulati,moderate,Site_2,2026-05-22,absent
190,Aarav Gulati,moderate,Site_2,2026-05-23,present
190,Aarav Gulati,moderate,Site_2,2026-05-25,present
190,Aarav Gulati,moderate,Site_2,2026-05-26,absent
190,Aarav Gulati,moderate,Site_2,2026-05-27,present
190,Aarav Gulati,moderate,Site_2,2026-05-28,present
190,Aarav Gulati,moderate,Site_2,2026-05-29,present
190,Aarav Gulati,moderate,Site_2,2026-05-30,present
190,Aarav Gulati,moderate,Site_2,2026-06-01,present
190,Aarav Gulati,moderate,Site_2,2026-06-02,present
190,Aarav Gulati,moderate,Site_2,2026-06-03,present
190,Aarav Gulati,moderate,Site_2,2026-06-04,absent
190,Aarav Gulati,moderate,Site_2,2026-06-05,present
190,Aarav Gulati,moderate,Site_2,2026-06-06,absent
190,Aarav Gulati,moderate,Site_2,2026-06-08,present
190,Aarav Gulati,moderate,Site_2,2026-06-09,present
190,Aarav Gulati,moderate,Site_2,2026-06-10,present
190,Aarav Gulati,moderate,Site_2,2026-06-11,present
190,Aarav Gulati,moderate,Site_2,2026-06-12,present
190,Aarav Gulati,moderate,Site_2,2026-06-13,absent
190,Aarav Gulati,moderate,Site_2,2026-06-15,absent
190,Aarav Gulati,moderate,Site_2,2026-06-16,absent
190,Aarav Gulati,moderate,Site_2,2026-06-17,absent
190,Aarav Gulati,moderate,Site_2,2026-06-18,present
190,Aarav Gulati,moderate,Site_2,2026-06-19,present
190,Aarav Gulati,moderate,Site_2,2026-06-20,present
190,Aarav Gulati,moderate,Site_2,2026-06-22,present
190,Aarav Gulati,moderate,Site_2,2026-06-23,present
190,Aarav Gulati,moderate,Site_2,2026-06-24,present
190,Aarav Gulati,moderate,Site_2,2026-06-25,present
190,Aarav Gulati,moderate,Site_2,2026-06-26,present
190,Aarav Gulati,moderate,Site_2,2026-06-27,absent
190,Aarav Gulati,moderate,Site_2,2026-06-29,absent
190,Aarav Gulati,moderate,Site_2,2026-06-30,present
190,Aarav Gulati,moderate,Site_2,2026-07-01,present
190,Aarav Gulati,moderate,Site_2,2026-07-02,present
190,Aarav Gulati,moderate,Site_2,2026-07-03,absent
190,Aarav Gulati,moderate,Site_2,2026-07-04,present
190,Aarav Gulati,moderate,Site_2,2026-07-06,absent
190,Aarav Gulati,moderate,Site_2,2026-07-07,absent
190,Aarav Gulati,moderate,Site_2,2026-07-08,present
190,Aarav Gulati,moderate,Site_2,2026-07-09,present
190,Aarav Gulati,moderate,Site_2,2026-07-10,present
191,Frado Dash,unreliable,Site_4,2026-05-29,present
191,Frado Dash,unreliable,Site_4,2026-05-30,absent
191,Frado Dash,unreliable,Site_4,2026-06-01,present
191,Frado Dash,unreliable,Site_4,2026-06-02,present
191,Frado Dash,unreliable,Site_4,2026-06-03,absent
191,Frado Dash,unreliable,Site_4,2026-06-04,present
191,Frado Dash,unreliable,Site_4,2026-06-05,absent
191,Frado Dash,unreliable,Site_4,2026-06-06,present
191,Frado Dash,unreliable,Site_4,2026-06-08,present
191,Frado Dash,unreliable,Site_4,2026-06-09,absent
191,Frado Dash,unreliable,Site_4,2026-06-10,present
191,Frado Dash,unreliable,Site_4,2026-06-11,present
191,Frado Dash,unreliable,Site_4,2026-06-12,present
191,Frado Dash,unreliable,Site_4,2026-06-13,absent
191,Frado Dash,unreliable,Site_4,2026-06-15,absent
191,Frado Dash,unreliable,Site_4,2026-06-16,absent
191,Frado Dash,unreliable,Site_4,2026-06-17,present
191,Frado Dash,unreliable,Site_4,2026-06-18,absent
191,Frado Dash,unreliable,Site_4,2026-06-19,absent
191,Frado Dash,unreliable,Site_4,2026-06-20,present
191,Frado Dash,unreliable,Site_4,2026-06-22,present
191,Frado Dash,unreliable,Site_4,2026-06-23,present
191,Frado Dash,unreliable,Site_4,2026-06-24,absent
191,Frado Dash,unreliable,Site_4,2026-06-25,present
191,Frado Dash,unreliable,Site_4,2026-06-26,present
191,Frado Dash,unreliable,Site_4,2026-06-27,absent
191,Frado Dash,unreliable,Site_4,2026-06-29,absent
191,Frado Dash,unreliable,Site_4,2026-06-30,present
191,Frado Dash,unreliable,Site_4,2026-07-01,present
191,Frado Dash,unreliable,Site_4,2026-07-02,absent
191,Frado Dash,unreliable,Site_4,2026-07-03,absent
191,Frado Dash,unreliable,Site_4,2026-07-04,present
191,Frado Dash,unreliable,Site_4,2026-07-06,present
191,Frado Dash,unreliable,Site_4,2026-07-07,present
191,Frado Dash,unreliable,Site_4,2026-07-08,present
191,Frado Dash,unreliable,Site_4,2026-07-09,present
191,Frado Dash,unreliable,Site_4,2026-07-10,present
192,Bahadurjit Bahri,reliable,Site_2,2026-01-27,present
192,Bahadurjit Bahri,reliable,Site_1,2026-01-28,present
192,Bahadurjit Bahri,reliable,Site_1,2026-01-29,present
192,Bahadurjit Bahri,reliable,Site_6,2026-01-30,present
192,Bahadurjit Bahri,reliable,Site_5,2026-01-31,present
192,Bahadurjit Bahri,reliable,Site_5,2026-02-02,present
192,Bahadurjit Bahri,reliable,Site_2,2026-02-03,absent
192,Bahadurjit Bahri,reliable,Site_5,2026-02-04,present
192,Bahadurjit Bahri,reliable,Site_1,2026-02-05,present
192,Bahadurjit Bahri,reliable,Site_1,2026-02-06,present
192,Bahadurjit Bahri,reliable,Site_1,2026-02-07,present
192,Bahadurjit Bahri,reliable,Site_5,2026-02-09,present
192,Bahadurjit Bahri,reliable,Site_6,2026-02-10,present
192,Bahadurjit Bahri,reliable,Site_5,2026-02-11,present
192,Bahadurjit Bahri,reliable,Site_2,2026-02-12,present
192,Bahadurjit Bahri,reliable,Site_1,2026-02-13,present
192,Bahadurjit Bahri,reliable,Site_1,2026-02-14,present
192,Bahadurjit Bahri,reliable,Site_5,2026-02-16,present
192,Bahadurjit Bahri,reliable,Site_1,2026-02-17,present
192,Bahadurjit Bahri,reliable,Site_2,2026-02-18,present
192,Bahadurjit Bahri,reliable,Site_6,2026-02-19,absent
192,Bahadurjit Bahri,reliable,Site_5,2026-02-20,present
192,Bahadurjit Bahri,reliable,Site_2,2026-02-21,present
192,Bahadurjit Bahri,reliable,Site_1,2026-02-23,present
192,Bahadurjit Bahri,reliable,Site_2,2026-02-24,present
192,Bahadurjit Bahri,reliable,Site_1,2026-02-25,absent
192,Bahadurjit Bahri,reliable,Site_1,2026-02-26,absent
192,Bahadurjit Bahri,reliable,Site_2,2026-02-27,present
192,Bahadurjit Bahri,reliable,Site_6,2026-02-28,present
192,Bahadurjit Bahri,reliable,Site_6,2026-03-02,present
192,Bahadurjit Bahri,reliable,Site_5,2026-03-03,present
192,Bahadurjit Bahri,reliable,Site_6,2026-03-04,absent
192,Bahadurjit Bahri,reliable,Site_5,2026-03-05,absent
192,Bahadurjit Bahri,reliable,Site_6,2026-03-06,present
192,Bahadurjit Bahri,reliable,Site_1,2026-03-07,present
192,Bahadurjit Bahri,reliable,Site_2,2026-03-09,present
192,Bahadurjit Bahri,reliable,Site_5,2026-03-10,present
192,Bahadurjit Bahri,reliable,Site_5,2026-03-11,present
192,Bahadurjit Bahri,reliable,Site_5,2026-03-12,present
192,Bahadurjit Bahri,reliable,Site_6,2026-03-13,present
192,Bahadurjit Bahri,reliable,Site_1,2026-03-14,present
192,Bahadurjit Bahri,reliable,Site_1,2026-03-16,present
192,Bahadurjit Bahri,reliable,Site_6,2026-03-17,present
192,Bahadurjit Bahri,reliable,Site_1,2026-03-18,absent
192,Bahadurjit Bahri,reliable,Site_1,2026-03-19,present
192,Bahadurjit Bahri,reliable,Site_6,2026-03-20,present
192,Bahadurjit Bahri,reliable,Site_2,2026-03-21,present
192,Bahadurjit Bahri,reliable,Site_1,2026-03-23,present
192,Bahadurjit Bahri,reliable,Site_2,2026-03-24,present
192,Bahadurjit Bahri,reliable,Site_1,2026-03-25,present
192,Bahadurjit Bahri,reliable,Site_5,2026-03-26,absent
192,Bahadurjit Bahri,reliable,Site_5,2026-03-27,present
192,Bahadurjit Bahri,reliable,Site_5,2026-03-28,present
192,Bahadurjit Bahri,reliable,Site_6,2026-03-30,present
192,Bahadurjit Bahri,reliable,Site_2,2026-03-31,present
192,Bahadurjit Bahri,reliable,Site_5,2026-04-01,present
192,Bahadurjit Bahri,reliable,Site_5,2026-04-02,present
192,Bahadurjit Bahri,reliable,Site_2,2026-04-03,present
192,Bahadurjit Bahri,reliable,Site_5,2026-04-04,present
192,Bahadurjit Bahri,reliable,Site_2,2026-04-06,absent
192,Bahadurjit Bahri,reliable,Site_6,2026-04-07,present
192,Bahadurjit Bahri,reliable,Site_5,2026-04-08,present
192,Bahadurjit Bahri,reliable,Site_2,2026-04-09,present
192,Bahadurjit Bahri,reliable,Site_1,2026-04-10,present
192,Bahadurjit Bahri,reliable,Site_2,2026-04-11,present
192,Bahadurjit Bahri,reliable,Site_6,2026-04-13,present
192,Bahadurjit Bahri,reliable,Site_2,2026-04-14,present
192,Bahadurjit Bahri,reliable,Site_6,2026-04-15,present
192,Bahadurjit Bahri,reliable,Site_6,2026-04-16,absent
192,Bahadurjit Bahri,reliable,Site_6,2026-04-17,present
192,Bahadurjit Bahri,reliable,Site_5,2026-04-18,present
192,Bahadurjit Bahri,reliable,Site_6,2026-04-20,present
192,Bahadurjit Bahri,reliable,Site_2,2026-04-21,present
192,Bahadurjit Bahri,reliable,Site_6,2026-04-22,present
192,Bahadurjit Bahri,reliable,Site_6,2026-04-23,present
192,Bahadurjit Bahri,reliable,Site_5,2026-04-24,present
192,Bahadurjit Bahri,reliable,Site_5,2026-04-25,present
192,Bahadurjit Bahri,reliable,Site_6,2026-04-27,present
192,Bahadurjit Bahri,reliable,Site_5,2026-04-28,present
192,Bahadurjit Bahri,reliable,Site_2,2026-04-29,present
192,Bahadurjit Bahri,reliable,Site_5,2026-04-30,present
192,Bahadurjit Bahri,reliable,Site_1,2026-05-01,present
192,Bahadurjit Bahri,reliable,Site_2,2026-05-02,present
192,Bahadurjit Bahri,reliable,Site_5,2026-05-04,present
192,Bahadurjit Bahri,reliable,Site_6,2026-05-05,absent
192,Bahadurjit Bahri,reliable,Site_5,2026-05-06,present
192,Bahadurjit Bahri,reliable,Site_5,2026-05-07,present
192,Bahadurjit Bahri,reliable,Site_2,2026-05-08,present
192,Bahadurjit Bahri,reliable,Site_5,2026-05-09,present
192,Bahadurjit Bahri,reliable,Site_6,2026-05-11,present
192,Bahadurjit Bahri,reliable,Site_1,2026-05-12,present
192,Bahadurjit Bahri,reliable,Site_2,2026-05-13,present
192,Bahadurjit Bahri,reliable,Site_5,2026-05-14,present
192,Bahadurjit Bahri,reliable,Site_5,2026-05-15,present
192,Bahadurjit Bahri,reliable,Site_6,2026-05-16,present
192,Bahadurjit Bahri,reliable,Site_5,2026-05-18,absent
192,Bahadurjit Bahri,reliable,Site_6,2026-05-19,present
192,Bahadurjit Bahri,reliable,Site_1,2026-05-20,present
192,Bahadurjit Bahri,reliable,Site_2,2026-05-21,present
192,Bahadurjit Bahri,reliable,Site_1,2026-05-22,present
192,Bahadurjit Bahri,reliable,Site_1,2026-05-23,present
192,Bahadurjit Bahri,reliable,Site_6,2026-05-25,present
192,Bahadurjit Bahri,reliable,Site_2,2026-05-26,present
192,Bahadurjit Bahri,reliable,Site_6,2026-05-27,present
192,Bahadurjit Bahri,reliable,Site_1,2026-05-28,present
192,Bahadurjit Bahri,reliable,Site_1,2026-05-29,present
192,Bahadurjit Bahri,reliable,Site_1,2026-05-30,absent
192,Bahadurjit Bahri,reliable,Site_2,2026-06-01,present
192,Bahadurjit Bahri,reliable,Site_2,2026-06-02,present
192,Bahadurjit Bahri,reliable,Site_2,2026-06-03,present
192,Bahadurjit Bahri,reliable,Site_1,2026-06-04,present
192,Bahadurjit Bahri,reliable,Site_6,2026-06-05,present
192,Bahadurjit Bahri,reliable,Site_1,2026-06-06,present
192,Bahadurjit Bahri,reliable,Site_2,2026-06-08,present
192,Bahadurjit Bahri,reliable,Site_6,2026-06-09,present
192,Bahadurjit Bahri,reliable,Site_6,2026-06-10,absent
192,Bahadurjit Bahri,reliable,Site_2,2026-06-11,present
192,Bahadurjit Bahri,reliable,Site_5,2026-06-12,absent
192,Bahadurjit Bahri,reliable,Site_5,2026-06-13,present
192,Bahadurjit Bahri,reliable,Site_6,2026-06-15,present
192,Bahadurjit Bahri,reliable,Site_5,2026-06-16,present
192,Bahadurjit Bahri,reliable,Site_5,2026-06-17,present
192,Bahadurjit Bahri,reliable,Site_6,2026-06-18,present
192,Bahadurjit Bahri,reliable,Site_2,2026-06-19,present
192,Bahadurjit Bahri,reliable,Site_2,2026-06-20,present
192,Bahadurjit Bahri,reliable,Site_1,2026-06-22,present
192,Bahadurjit Bahri,reliable,Site_2,2026-06-23,present
192,Bahadurjit Bahri,reliable,Site_2,2026-06-24,present
192,Bahadurjit Bahri,reliable,Site_2,2026-06-25,present
192,Bahadurjit Bahri,reliable,Site_2,2026-06-26,present
192,Bahadurjit Bahri,reliable,Site_6,2026-06-27,present
192,Bahadurjit Bahri,reliable,Site_6,2026-06-29,present
192,Bahadurjit Bahri,reliable,Site_2,2026-06-30,present
192,Bahadurjit Bahri,reliable,Site_2,2026-07-01,present
192,Bahadurjit Bahri,reliable,Site_1,2026-07-02,absent
192,Bahadurjit Bahri,reliable,Site_5,2026-07-03,present
192,Bahadurjit Bahri,reliable,Site_5,2026-07-04,present
192,Bahadurjit Bahri,reliable,Site_5,2026-07-06,present
192,Bahadurjit Bahri,reliable,Site_1,2026-07-07,present
192,Bahadurjit Bahri,reliable,Site_1,2026-07-08,present
192,Bahadurjit Bahri,reliable,Site_1,2026-07-09,present
192,Bahadurjit Bahri,reliable,Site_1,2026-07-10,present
193,Hardik Karnik,reliable,Site_2,2026-03-12,absent
193,Hardik Karnik,reliable,Site_2,2026-03-13,present
193,Hardik Karnik,reliable,Site_10,2026-03-14,present
193,Hardik Karnik,reliable,Site_2,2026-03-16,present
193,Hardik Karnik,reliable,Site_10,2026-03-17,present
193,Hardik Karnik,reliable,Site_10,2026-03-18,present
193,Hardik Karnik,reliable,Site_10,2026-03-19,present
193,Hardik Karnik,reliable,Site_10,2026-03-20,present
193,Hardik Karnik,reliable,Site_2,2026-03-21,present
193,Hardik Karnik,reliable,Site_10,2026-03-23,present
193,Hardik Karnik,reliable,Site_2,2026-03-24,present
193,Hardik Karnik,reliable,Site_2,2026-03-25,present
193,Hardik Karnik,reliable,Site_10,2026-03-26,present
193,Hardik Karnik,reliable,Site_2,2026-03-27,present
193,Hardik Karnik,reliable,Site_10,2026-03-28,present
193,Hardik Karnik,reliable,Site_10,2026-03-30,present
193,Hardik Karnik,reliable,Site_10,2026-03-31,present
193,Hardik Karnik,reliable,Site_2,2026-04-01,present
193,Hardik Karnik,reliable,Site_10,2026-04-02,present
193,Hardik Karnik,reliable,Site_2,2026-04-03,present
193,Hardik Karnik,reliable,Site_10,2026-04-04,present
193,Hardik Karnik,reliable,Site_10,2026-04-06,present
193,Hardik Karnik,reliable,Site_2,2026-04-07,present
193,Hardik Karnik,reliable,Site_10,2026-04-08,present
193,Hardik Karnik,reliable,Site_10,2026-04-09,present
193,Hardik Karnik,reliable,Site_10,2026-04-10,present
193,Hardik Karnik,reliable,Site_10,2026-04-11,present
193,Hardik Karnik,reliable,Site_10,2026-04-13,absent
193,Hardik Karnik,reliable,Site_2,2026-04-14,present
193,Hardik Karnik,reliable,Site_2,2026-04-15,present
193,Hardik Karnik,reliable,Site_2,2026-04-16,present
193,Hardik Karnik,reliable,Site_2,2026-04-17,present
193,Hardik Karnik,reliable,Site_2,2026-04-18,present
193,Hardik Karnik,reliable,Site_2,2026-04-20,present
193,Hardik Karnik,reliable,Site_2,2026-04-21,present
193,Hardik Karnik,reliable,Site_10,2026-04-22,present
193,Hardik Karnik,reliable,Site_2,2026-04-23,present
193,Hardik Karnik,reliable,Site_2,2026-04-24,present
193,Hardik Karnik,reliable,Site_10,2026-04-25,present
193,Hardik Karnik,reliable,Site_10,2026-04-27,present
193,Hardik Karnik,reliable,Site_10,2026-04-28,present
193,Hardik Karnik,reliable,Site_10,2026-04-29,present
193,Hardik Karnik,reliable,Site_10,2026-04-30,present
193,Hardik Karnik,reliable,Site_2,2026-05-01,absent
193,Hardik Karnik,reliable,Site_10,2026-05-02,present
193,Hardik Karnik,reliable,Site_10,2026-05-04,present
193,Hardik Karnik,reliable,Site_2,2026-05-05,present
193,Hardik Karnik,reliable,Site_2,2026-05-06,present
193,Hardik Karnik,reliable,Site_2,2026-05-07,present
193,Hardik Karnik,reliable,Site_10,2026-05-08,present
193,Hardik Karnik,reliable,Site_2,2026-05-09,present
193,Hardik Karnik,reliable,Site_10,2026-05-11,present
193,Hardik Karnik,reliable,Site_2,2026-05-12,present
193,Hardik Karnik,reliable,Site_10,2026-05-13,present
193,Hardik Karnik,reliable,Site_2,2026-05-14,present
193,Hardik Karnik,reliable,Site_10,2026-05-15,present
193,Hardik Karnik,reliable,Site_2,2026-05-16,present
193,Hardik Karnik,reliable,Site_2,2026-05-18,present
193,Hardik Karnik,reliable,Site_10,2026-05-19,present
193,Hardik Karnik,reliable,Site_10,2026-05-20,present
193,Hardik Karnik,reliable,Site_10,2026-05-21,present
193,Hardik Karnik,reliable,Site_2,2026-05-22,absent
193,Hardik Karnik,reliable,Site_10,2026-05-23,present
193,Hardik Karnik,reliable,Site_10,2026-05-25,present
193,Hardik Karnik,reliable,Site_2,2026-05-26,present
193,Hardik Karnik,reliable,Site_2,2026-05-27,present
193,Hardik Karnik,reliable,Site_2,2026-05-28,present
193,Hardik Karnik,reliable,Site_2,2026-05-29,present
193,Hardik Karnik,reliable,Site_10,2026-05-30,present
193,Hardik Karnik,reliable,Site_2,2026-06-01,present
193,Hardik Karnik,reliable,Site_10,2026-06-02,present
193,Hardik Karnik,reliable,Site_10,2026-06-03,present
193,Hardik Karnik,reliable,Site_10,2026-06-04,present
193,Hardik Karnik,reliable,Site_2,2026-06-05,present
193,Hardik Karnik,reliable,Site_10,2026-06-06,present
193,Hardik Karnik,reliable,Site_2,2026-06-08,absent
193,Hardik Karnik,reliable,Site_2,2026-06-09,present
193,Hardik Karnik,reliable,Site_2,2026-06-10,present
193,Hardik Karnik,reliable,Site_10,2026-06-11,present
193,Hardik Karnik,reliable,Site_2,2026-06-12,present
193,Hardik Karnik,reliable,Site_2,2026-06-13,present
193,Hardik Karnik,reliable,Site_10,2026-06-15,present
193,Hardik Karnik,reliable,Site_2,2026-06-16,present
193,Hardik Karnik,reliable,Site_10,2026-06-17,present
193,Hardik Karnik,reliable,Site_10,2026-06-18,present
193,Hardik Karnik,reliable,Site_10,2026-06-19,present
193,Hardik Karnik,reliable,Site_10,2026-06-20,present
193,Hardik Karnik,reliable,Site_2,2026-06-22,present
193,Hardik Karnik,reliable,Site_2,2026-06-23,present
193,Hardik Karnik,reliable,Site_2,2026-06-24,present
193,Hardik Karnik,reliable,Site_10,2026-06-25,present
193,Hardik Karnik,reliable,Site_2,2026-06-26,present
193,Hardik Karnik,reliable,Site_10,2026-06-27,present
193,Hardik Karnik,reliable,Site_2,2026-06-29,present
193,Hardik Karnik,reliable,Site_10,2026-06-30,present
193,Hardik Karnik,reliable,Site_10,2026-07-01,present
193,Hardik Karnik,reliable,Site_2,2026-07-02,absent
193,Hardik Karnik,reliable,Site_2,2026-07-03,present
193,Hardik Karnik,reliable,Site_2,2026-07-04,present
193,Hardik Karnik,reliable,Site_2,2026-07-06,present
193,Hardik Karnik,reliable,Site_10,2026-07-07,present
193,Hardik Karnik,reliable,Site_2,2026-07-08,present
193,Hardik Karnik,reliable,Site_2,2026-07-09,absent
193,Hardik Karnik,reliable,Site_2,2026-07-10,present
194,Ekavir Bava,unreliable,Site_5,2026-06-16,present
194,Ekavir Bava,unreliable,Site_5,2026-06-17,present
194,Ekavir Bava,unreliable,Site_5,2026-06-18,present
194,Ekavir Bava,unreliable,Site_5,2026-06-19,present
194,Ekavir Bava,unreliable,Site_5,2026-06-20,present
194,Ekavir Bava,unreliable,Site_5,2026-06-22,present
194,Ekavir Bava,unreliable,Site_5,2026-06-23,present
194,Ekavir Bava,unreliable,Site_5,2026-06-24,present
194,Ekavir Bava,unreliable,Site_5,2026-06-25,absent
194,Ekavir Bava,unreliable,Site_5,2026-06-26,present
194,Ekavir Bava,unreliable,Site_5,2026-06-27,present
194,Ekavir Bava,unreliable,Site_5,2026-06-29,absent
194,Ekavir Bava,unreliable,Site_5,2026-06-30,present
194,Ekavir Bava,unreliable,Site_5,2026-07-01,present
194,Ekavir Bava,unreliable,Site_5,2026-07-02,absent
194,Ekavir Bava,unreliable,Site_5,2026-07-03,present
194,Ekavir Bava,unreliable,Site_5,2026-07-04,absent
194,Ekavir Bava,unreliable,Site_5,2026-07-06,present
194,Ekavir Bava,unreliable,Site_5,2026-07-07,present
194,Ekavir Bava,unreliable,Site_5,2026-07-08,absent
194,Ekavir Bava,unreliable,Site_5,2026-07-09,present
194,Ekavir Bava,unreliable,Site_5,2026-07-10,present
195,Arjun Dhillon,reliable,Site_8,2026-01-19,present
195,Arjun Dhillon,reliable,Site_5,2026-01-20,present
195,Arjun Dhillon,reliable,Site_9,2026-01-21,absent
195,Arjun Dhillon,reliable,Site_9,2026-01-22,present
195,Arjun Dhillon,reliable,Site_10,2026-01-23,present
195,Arjun Dhillon,reliable,Site_10,2026-01-24,present
195,Arjun Dhillon,reliable,Site_5,2026-01-26,present
195,Arjun Dhillon,reliable,Site_9,2026-01-27,present
195,Arjun Dhillon,reliable,Site_9,2026-01-28,present
195,Arjun Dhillon,reliable,Site_8,2026-01-29,present
195,Arjun Dhillon,reliable,Site_8,2026-01-30,present
195,Arjun Dhillon,reliable,Site_5,2026-01-31,absent
195,Arjun Dhillon,reliable,Site_10,2026-02-02,present
195,Arjun Dhillon,reliable,Site_9,2026-02-03,present
195,Arjun Dhillon,reliable,Site_8,2026-02-04,present
195,Arjun Dhillon,reliable,Site_5,2026-02-05,present
195,Arjun Dhillon,reliable,Site_9,2026-02-06,present
195,Arjun Dhillon,reliable,Site_10,2026-02-07,present
195,Arjun Dhillon,reliable,Site_9,2026-02-09,present
195,Arjun Dhillon,reliable,Site_9,2026-02-10,present
195,Arjun Dhillon,reliable,Site_10,2026-02-11,present
195,Arjun Dhillon,reliable,Site_9,2026-02-12,present
195,Arjun Dhillon,reliable,Site_8,2026-02-13,present
195,Arjun Dhillon,reliable,Site_5,2026-02-14,present
195,Arjun Dhillon,reliable,Site_5,2026-02-16,present
195,Arjun Dhillon,reliable,Site_5,2026-02-17,present
195,Arjun Dhillon,reliable,Site_5,2026-02-18,present
195,Arjun Dhillon,reliable,Site_10,2026-02-19,present
195,Arjun Dhillon,reliable,Site_9,2026-02-20,present
195,Arjun Dhillon,reliable,Site_5,2026-02-21,present
195,Arjun Dhillon,reliable,Site_9,2026-02-23,present
195,Arjun Dhillon,reliable,Site_8,2026-02-24,present
195,Arjun Dhillon,reliable,Site_8,2026-02-25,present
195,Arjun Dhillon,reliable,Site_9,2026-02-26,present
195,Arjun Dhillon,reliable,Site_9,2026-02-27,present
195,Arjun Dhillon,reliable,Site_8,2026-02-28,present
195,Arjun Dhillon,reliable,Site_5,2026-03-02,present
195,Arjun Dhillon,reliable,Site_10,2026-03-03,present
195,Arjun Dhillon,reliable,Site_5,2026-03-04,present
195,Arjun Dhillon,reliable,Site_9,2026-03-05,present
195,Arjun Dhillon,reliable,Site_5,2026-03-06,present
195,Arjun Dhillon,reliable,Site_8,2026-03-07,present
195,Arjun Dhillon,reliable,Site_8,2026-03-09,present
195,Arjun Dhillon,reliable,Site_8,2026-03-10,present
195,Arjun Dhillon,reliable,Site_10,2026-03-11,present
195,Arjun Dhillon,reliable,Site_8,2026-03-12,absent
195,Arjun Dhillon,reliable,Site_5,2026-03-13,present
195,Arjun Dhillon,reliable,Site_5,2026-03-14,present
195,Arjun Dhillon,reliable,Site_10,2026-03-16,present
195,Arjun Dhillon,reliable,Site_10,2026-03-17,present
195,Arjun Dhillon,reliable,Site_9,2026-03-18,present
195,Arjun Dhillon,reliable,Site_10,2026-03-19,present
195,Arjun Dhillon,reliable,Site_10,2026-03-20,present
195,Arjun Dhillon,reliable,Site_10,2026-03-21,present
195,Arjun Dhillon,reliable,Site_9,2026-03-23,present
195,Arjun Dhillon,reliable,Site_8,2026-03-24,present
195,Arjun Dhillon,reliable,Site_9,2026-03-25,present
195,Arjun Dhillon,reliable,Site_9,2026-03-26,present
195,Arjun Dhillon,reliable,Site_10,2026-03-27,present
195,Arjun Dhillon,reliable,Site_8,2026-03-28,present
195,Arjun Dhillon,reliable,Site_10,2026-03-30,present
195,Arjun Dhillon,reliable,Site_9,2026-03-31,present
195,Arjun Dhillon,reliable,Site_10,2026-04-01,absent
195,Arjun Dhillon,reliable,Site_9,2026-04-02,present
195,Arjun Dhillon,reliable,Site_10,2026-04-03,present
195,Arjun Dhillon,reliable,Site_9,2026-04-04,present
195,Arjun Dhillon,reliable,Site_5,2026-04-06,absent
195,Arjun Dhillon,reliable,Site_10,2026-04-07,present
195,Arjun Dhillon,reliable,Site_8,2026-04-08,present
195,Arjun Dhillon,reliable,Site_8,2026-04-09,present
195,Arjun Dhillon,reliable,Site_8,2026-04-10,present
195,Arjun Dhillon,reliable,Site_8,2026-04-11,present
195,Arjun Dhillon,reliable,Site_10,2026-04-13,present
195,Arjun Dhillon,reliable,Site_10,2026-04-14,present
195,Arjun Dhillon,reliable,Site_9,2026-04-15,present
195,Arjun Dhillon,reliable,Site_5,2026-04-16,present
195,Arjun Dhillon,reliable,Site_8,2026-04-17,present
195,Arjun Dhillon,reliable,Site_8,2026-04-18,present
195,Arjun Dhillon,reliable,Site_9,2026-04-20,present
195,Arjun Dhillon,reliable,Site_10,2026-04-21,present
195,Arjun Dhillon,reliable,Site_10,2026-04-22,present
195,Arjun Dhillon,reliable,Site_10,2026-04-23,present
195,Arjun Dhillon,reliable,Site_8,2026-04-24,present
195,Arjun Dhillon,reliable,Site_9,2026-04-25,present
195,Arjun Dhillon,reliable,Site_5,2026-04-27,present
195,Arjun Dhillon,reliable,Site_10,2026-04-28,present
195,Arjun Dhillon,reliable,Site_5,2026-04-29,present
195,Arjun Dhillon,reliable,Site_10,2026-04-30,present
195,Arjun Dhillon,reliable,Site_8,2026-05-01,present
195,Arjun Dhillon,reliable,Site_9,2026-05-02,present
195,Arjun Dhillon,reliable,Site_10,2026-05-04,present
195,Arjun Dhillon,reliable,Site_9,2026-05-05,absent
195,Arjun Dhillon,reliable,Site_9,2026-05-06,present
195,Arjun Dhillon,reliable,Site_8,2026-05-07,present
195,Arjun Dhillon,reliable,Site_9,2026-05-08,present
195,Arjun Dhillon,reliable,Site_5,2026-05-09,present
195,Arjun Dhillon,reliable,Site_9,2026-05-11,present
195,Arjun Dhillon,reliable,Site_8,2026-05-12,present
195,Arjun Dhillon,reliable,Site_9,2026-05-13,present
195,Arjun Dhillon,reliable,Site_9,2026-05-14,present
195,Arjun Dhillon,reliable,Site_8,2026-05-15,present
195,Arjun Dhillon,reliable,Site_5,2026-05-16,present
195,Arjun Dhillon,reliable,Site_8,2026-05-18,present
195,Arjun Dhillon,reliable,Site_8,2026-05-19,present
195,Arjun Dhillon,reliable,Site_9,2026-05-20,present
195,Arjun Dhillon,reliable,Site_10,2026-05-21,present
195,Arjun Dhillon,reliable,Site_10,2026-05-22,present
195,Arjun Dhillon,reliable,Site_5,2026-05-23,present
195,Arjun Dhillon,reliable,Site_10,2026-05-25,present
195,Arjun Dhillon,reliable,Site_8,2026-05-26,present
195,Arjun Dhillon,reliable,Site_9,2026-05-27,present
195,Arjun Dhillon,reliable,Site_9,2026-05-28,present
195,Arjun Dhillon,reliable,Site_9,2026-05-29,present
195,Arjun Dhillon,reliable,Site_10,2026-05-30,present
195,Arjun Dhillon,reliable,Site_8,2026-06-01,present
195,Arjun Dhillon,reliable,Site_8,2026-06-02,present
195,Arjun Dhillon,reliable,Site_9,2026-06-03,present
195,Arjun Dhillon,reliable,Site_9,2026-06-04,present
195,Arjun Dhillon,reliable,Site_8,2026-06-05,present
195,Arjun Dhillon,reliable,Site_5,2026-06-06,present
195,Arjun Dhillon,reliable,Site_5,2026-06-08,present
195,Arjun Dhillon,reliable,Site_10,2026-06-09,present
195,Arjun Dhillon,reliable,Site_5,2026-06-10,present
195,Arjun Dhillon,reliable,Site_10,2026-06-11,present
195,Arjun Dhillon,reliable,Site_9,2026-06-12,present
195,Arjun Dhillon,reliable,Site_9,2026-06-13,present
195,Arjun Dhillon,reliable,Site_10,2026-06-15,present
195,Arjun Dhillon,reliable,Site_9,2026-06-16,present
195,Arjun Dhillon,reliable,Site_5,2026-06-17,present
195,Arjun Dhillon,reliable,Site_5,2026-06-18,present
195,Arjun Dhillon,reliable,Site_5,2026-06-19,present
195,Arjun Dhillon,reliable,Site_8,2026-06-20,present
195,Arjun Dhillon,reliable,Site_10,2026-06-22,present
195,Arjun Dhillon,reliable,Site_10,2026-06-23,present
195,Arjun Dhillon,reliable,Site_9,2026-06-24,present
195,Arjun Dhillon,reliable,Site_9,2026-06-25,present
195,Arjun Dhillon,reliable,Site_9,2026-06-26,present
195,Arjun Dhillon,reliable,Site_8,2026-06-27,present
195,Arjun Dhillon,reliable,Site_8,2026-06-29,present
195,Arjun Dhillon,reliable,Site_8,2026-06-30,present
195,Arjun Dhillon,reliable,Site_8,2026-07-01,present
195,Arjun Dhillon,reliable,Site_9,2026-07-02,present
195,Arjun Dhillon,reliable,Site_8,2026-07-03,present
195,Arjun Dhillon,reliable,Site_8,2026-07-04,present
195,Arjun Dhillon,reliable,Site_5,2026-07-06,absent
195,Arjun Dhillon,reliable,Site_8,2026-07-07,present
195,Arjun Dhillon,reliable,Site_10,2026-07-08,present
195,Arjun Dhillon,reliable,Site_9,2026-07-09,present
195,Arjun Dhillon,reliable,Site_5,2026-07-10,present
196,Dalbir Guha,moderate,Site_9,2026-04-20,present
196,Dalbir Guha,moderate,Site_9,2026-04-21,absent
196,Dalbir Guha,moderate,Site_9,2026-04-22,present
196,Dalbir Guha,moderate,Site_2,2026-04-23,present
196,Dalbir Guha,moderate,Site_2,2026-04-24,absent
196,Dalbir Guha,moderate,Site_2,2026-04-25,absent
196,Dalbir Guha,moderate,Site_9,2026-04-27,present
196,Dalbir Guha,moderate,Site_2,2026-04-28,present
196,Dalbir Guha,moderate,Site_2,2026-04-29,present
196,Dalbir Guha,moderate,Site_9,2026-04-30,present
196,Dalbir Guha,moderate,Site_9,2026-05-01,present
196,Dalbir Guha,moderate,Site_2,2026-05-02,present
196,Dalbir Guha,moderate,Site_2,2026-05-04,absent
196,Dalbir Guha,moderate,Site_2,2026-05-05,absent
196,Dalbir Guha,moderate,Site_9,2026-05-06,present
196,Dalbir Guha,moderate,Site_9,2026-05-07,absent
196,Dalbir Guha,moderate,Site_2,2026-05-08,present
196,Dalbir Guha,moderate,Site_2,2026-05-09,present
196,Dalbir Guha,moderate,Site_2,2026-05-11,present
196,Dalbir Guha,moderate,Site_9,2026-05-12,present
196,Dalbir Guha,moderate,Site_2,2026-05-13,present
196,Dalbir Guha,moderate,Site_2,2026-05-14,present
196,Dalbir Guha,moderate,Site_9,2026-05-15,absent
196,Dalbir Guha,moderate,Site_9,2026-05-16,absent
196,Dalbir Guha,moderate,Site_2,2026-05-18,present
196,Dalbir Guha,moderate,Site_9,2026-05-19,present
196,Dalbir Guha,moderate,Site_2,2026-05-20,present
196,Dalbir Guha,moderate,Site_2,2026-05-21,present
196,Dalbir Guha,moderate,Site_2,2026-05-22,present
196,Dalbir Guha,moderate,Site_2,2026-05-23,absent
196,Dalbir Guha,moderate,Site_2,2026-05-25,present
196,Dalbir Guha,moderate,Site_9,2026-05-26,present
196,Dalbir Guha,moderate,Site_2,2026-05-27,present
196,Dalbir Guha,moderate,Site_9,2026-05-28,present
196,Dalbir Guha,moderate,Site_9,2026-05-29,absent
196,Dalbir Guha,moderate,Site_9,2026-05-30,present
196,Dalbir Guha,moderate,Site_2,2026-06-01,present
196,Dalbir Guha,moderate,Site_9,2026-06-02,absent
196,Dalbir Guha,moderate,Site_2,2026-06-03,present
196,Dalbir Guha,moderate,Site_2,2026-06-04,present
196,Dalbir Guha,moderate,Site_2,2026-06-05,absent
196,Dalbir Guha,moderate,Site_9,2026-06-06,present
196,Dalbir Guha,moderate,Site_2,2026-06-08,present
196,Dalbir Guha,moderate,Site_9,2026-06-09,present
196,Dalbir Guha,moderate,Site_2,2026-06-10,present
196,Dalbir Guha,moderate,Site_9,2026-06-11,present
196,Dalbir Guha,moderate,Site_9,2026-06-12,present
196,Dalbir Guha,moderate,Site_9,2026-06-13,present
196,Dalbir Guha,moderate,Site_9,2026-06-15,present
196,Dalbir Guha,moderate,Site_2,2026-06-16,present
196,Dalbir Guha,moderate,Site_2,2026-06-17,present
196,Dalbir Guha,moderate,Site_2,2026-06-18,present
196,Dalbir Guha,moderate,Site_2,2026-06-19,present
196,Dalbir Guha,moderate,Site_2,2026-06-20,present
196,Dalbir Guha,moderate,Site_9,2026-06-22,present
196,Dalbir Guha,moderate,Site_9,2026-06-23,present
196,Dalbir Guha,moderate,Site_2,2026-06-24,present
196,Dalbir Guha,moderate,Site_2,2026-06-25,present
196,Dalbir Guha,moderate,Site_2,2026-06-26,present
196,Dalbir Guha,moderate,Site_9,2026-06-27,present
196,Dalbir Guha,moderate,Site_9,2026-06-29,present
196,Dalbir Guha,moderate,Site_2,2026-06-30,present
196,Dalbir Guha,moderate,Site_2,2026-07-01,absent
196,Dalbir Guha,moderate,Site_2,2026-07-02,present
196,Dalbir Guha,moderate,Site_2,2026-07-03,present
196,Dalbir Guha,moderate,Site_2,2026-07-04,present
196,Dalbir Guha,moderate,Site_2,2026-07-06,present
196,Dalbir Guha,moderate,Site_2,2026-07-07,present
196,Dalbir Guha,moderate,Site_9,2026-07-08,present
196,Dalbir Guha,moderate,Site_9,2026-07-09,absent
196,Dalbir Guha,moderate,Site_9,2026-07-10,present
197,Osha Bahri,new,Site_8,2026-06-27,present
197,Osha Bahri,new,Site_8,2026-06-29,present
197,Osha Bahri,new,Site_8,2026-06-30,present
197,Osha Bahri,new,Site_8,2026-07-01,present
197,Osha Bahri,new,Site_8,2026-07-02,present
197,Osha Bahri,new,Site_8,2026-07-03,present
197,Osha Bahri,new,Site_8,2026-07-04,present
197,Osha Bahri,new,Site_8,2026-07-06,present
197,Osha Bahri,new,Site_8,2026-07-07,present
197,Osha Bahri,new,Site_8,2026-07-08,present
197,Osha Bahri,new,Site_8,2026-07-09,present
197,Osha Bahri,new,Site_8,2026-07-10,present
198,Ethan Venkataraman,unreliable,Site_6,2026-05-27,absent
198,Ethan Venkataraman,unreliable,Site_6,2026-05-28,present
198,Ethan Venkataraman,unreliable,Site_6,2026-05-29,present
198,Ethan Venkataraman,unreliable,Site_6,2026-05-30,absent
198,Ethan Venkataraman,unreliable,Site_6,2026-06-01,present
198,Ethan Venkataraman,unreliable,Site_6,2026-06-02,absent
198,Ethan Venkataraman,unreliable,Site_6,2026-06-03,absent
198,Ethan Venkataraman,unreliable,Site_6,2026-06-04,present
198,Ethan Venkataraman,unreliable,Site_6,2026-06-05,present
198,Ethan Venkataraman,unreliable,Site_6,2026-06-06,absent
198,Ethan Venkataraman,unreliable,Site_6,2026-06-08,absent
198,Ethan Venkataraman,unreliable,Site_6,2026-06-09,absent
198,Ethan Venkataraman,unreliable,Site_6,2026-06-10,present
198,Ethan Venkataraman,unreliable,Site_6,2026-06-11,absent
198,Ethan Venkataraman,unreliable,Site_6,2026-06-12,present
198,Ethan Venkataraman,unreliable,Site_6,2026-06-13,present
198,Ethan Venkataraman,unreliable,Site_6,2026-06-15,present
198,Ethan Venkataraman,unreliable,Site_6,2026-06-16,absent
198,Ethan Venkataraman,unreliable,Site_6,2026-06-17,absent
198,Ethan Venkataraman,unreliable,Site_6,2026-06-18,present
198,Ethan Venkataraman,unreliable,Site_6,2026-06-19,present
198,Ethan Venkataraman,unreliable,Site_6,2026-06-20,present
198,Ethan Venkataraman,unreliable,Site_6,2026-06-22,absent
198,Ethan Venkataraman,unreliable,Site_6,2026-06-23,absent
198,Ethan Venkataraman,unreliable,Site_6,2026-06-24,absent
198,Ethan Venkataraman,unreliable,Site_6,2026-06-25,present
198,Ethan Venkataraman,unreliable,Site_6,2026-06-26,absent
198,Ethan Venkataraman,unreliable,Site_6,2026-06-27,present
198,Ethan Venkataraman,unreliable,Site_6,2026-06-29,present
198,Ethan Venkataraman,unreliable,Site_6,2026-06-30,absent
198,Ethan Venkataraman,unreliable,Site_6,2026-07-01,present
198,Ethan Venkataraman,unreliable,Site_6,2026-07-02,present
198,Ethan Venkataraman,unreliable,Site_6,2026-07-03,absent
198,Ethan Venkataraman,unreliable,Site_6,2026-07-04,present
198,Ethan Venkataraman,unreliable,Site_6,2026-07-06,absent
198,Ethan Venkataraman,unreliable,Site_6,2026-07-07,absent
198,Ethan Venkataraman,unreliable,Site_6,2026-07-08,present
198,Ethan Venkataraman,unreliable,Site_6,2026-07-09,absent
198,Ethan Venkataraman,unreliable,Site_6,2026-07-10,absent
199,Aarnav Goda,unreliable,Site_10,2026-06-20,absent
199,Aarnav Goda,unreliable,Site_10,2026-06-22,absent
199,Aarnav Goda,unreliable,Site_10,2026-06-23,absent
199,Aarnav Goda,unreliable,Site_10,2026-06-24,absent
199,Aarnav Goda,unreliable,Site_10,2026-06-25,present
199,Aarnav Goda,unreliable,Site_10,2026-06-26,absent
199,Aarnav Goda,unreliable,Site_10,2026-06-27,present
199,Aarnav Goda,unreliable,Site_10,2026-06-29,present
199,Aarnav Goda,unreliable,Site_10,2026-06-30,absent
199,Aarnav Goda,unreliable,Site_10,2026-07-01,present
199,Aarnav Goda,unreliable,Site_10,2026-07-02,present
199,Aarnav Goda,unreliable,Site_10,2026-07-03,present
199,Aarnav Goda,unreliable,Site_10,2026-07-04,present
199,Aarnav Goda,unreliable,Site_10,2026-07-06,absent
199,Aarnav Goda,unreliable,Site_10,2026-07-07,absent
199,Aarnav Goda,unreliable,Site_10,2026-07-08,present
199,Aarnav Goda,unreliable,Site_10,2026-07-09,absent
199,Aarnav Goda,unreliable,Site_10,2026-07-10,present
200,Fitan Vala,reliable,Site_10,2026-02-19,present
200,Fitan Vala,reliable,Site_8,2026-02-20,present
200,Fitan Vala,reliable,Site_10,2026-02-21,present
200,Fitan Vala,reliable,Site_10,2026-02-23,present
200,Fitan Vala,reliable,Site_8,2026-02-24,present
200,Fitan Vala,reliable,Site_10,2026-02-25,present
200,Fitan Vala,reliable,Site_10,2026-02-26,present
200,Fitan Vala,reliable,Site_8,2026-02-27,present
200,Fitan Vala,reliable,Site_8,2026-02-28,present
200,Fitan Vala,reliable,Site_10,2026-03-02,present
200,Fitan Vala,reliable,Site_8,2026-03-03,present
200,Fitan Vala,reliable,Site_8,2026-03-04,present
200,Fitan Vala,reliable,Site_10,2026-03-05,present
200,Fitan Vala,reliable,Site_8,2026-03-06,present
200,Fitan Vala,reliable,Site_10,2026-03-07,present
200,Fitan Vala,reliable,Site_10,2026-03-09,present
200,Fitan Vala,reliable,Site_8,2026-03-10,present
200,Fitan Vala,reliable,Site_8,2026-03-11,present
200,Fitan Vala,reliable,Site_8,2026-03-12,present
200,Fitan Vala,reliable,Site_10,2026-03-13,present
200,Fitan Vala,reliable,Site_10,2026-03-14,present
200,Fitan Vala,reliable,Site_8,2026-03-16,present
200,Fitan Vala,reliable,Site_10,2026-03-17,present
200,Fitan Vala,reliable,Site_10,2026-03-18,present
200,Fitan Vala,reliable,Site_10,2026-03-19,absent
200,Fitan Vala,reliable,Site_8,2026-03-20,present
200,Fitan Vala,reliable,Site_8,2026-03-21,present
200,Fitan Vala,reliable,Site_8,2026-03-23,present
200,Fitan Vala,reliable,Site_8,2026-03-24,present
200,Fitan Vala,reliable,Site_8,2026-03-25,present
200,Fitan Vala,reliable,Site_10,2026-03-26,present
200,Fitan Vala,reliable,Site_10,2026-03-27,absent
200,Fitan Vala,reliable,Site_8,2026-03-28,present
200,Fitan Vala,reliable,Site_10,2026-03-30,present
200,Fitan Vala,reliable,Site_10,2026-03-31,present
200,Fitan Vala,reliable,Site_8,2026-04-01,absent
200,Fitan Vala,reliable,Site_8,2026-04-02,present
200,Fitan Vala,reliable,Site_10,2026-04-03,present
200,Fitan Vala,reliable,Site_8,2026-04-04,present
200,Fitan Vala,reliable,Site_10,2026-04-06,present
200,Fitan Vala,reliable,Site_10,2026-04-07,present
200,Fitan Vala,reliable,Site_10,2026-04-08,present
200,Fitan Vala,reliable,Site_8,2026-04-09,absent
200,Fitan Vala,reliable,Site_8,2026-04-10,present
200,Fitan Vala,reliable,Site_10,2026-04-11,present
200,Fitan Vala,reliable,Site_10,2026-04-13,present
200,Fitan Vala,reliable,Site_8,2026-04-14,present
200,Fitan Vala,reliable,Site_10,2026-04-15,present
200,Fitan Vala,reliable,Site_8,2026-04-16,present
200,Fitan Vala,reliable,Site_8,2026-04-17,present
200,Fitan Vala,reliable,Site_10,2026-04-18,present
200,Fitan Vala,reliable,Site_8,2026-04-20,present
200,Fitan Vala,reliable,Site_10,2026-04-21,present
200,Fitan Vala,reliable,Site_8,2026-04-22,present
200,Fitan Vala,reliable,Site_10,2026-04-23,present
200,Fitan Vala,reliable,Site_8,2026-04-24,present
200,Fitan Vala,reliable,Site_8,2026-04-25,present
200,Fitan Vala,reliable,Site_8,2026-04-27,present
200,Fitan Vala,reliable,Site_8,2026-04-28,present
200,Fitan Vala,reliable,Site_10,2026-04-29,present
200,Fitan Vala,reliable,Site_10,2026-04-30,present
200,Fitan Vala,reliable,Site_8,2026-05-01,present
200,Fitan Vala,reliable,Site_8,2026-05-02,present
200,Fitan Vala,reliable,Site_8,2026-05-04,present
200,Fitan Vala,reliable,Site_10,2026-05-05,present
200,Fitan Vala,reliable,Site_8,2026-05-06,absent
200,Fitan Vala,reliable,Site_8,2026-05-07,present
200,Fitan Vala,reliable,Site_10,2026-05-08,present
200,Fitan Vala,reliable,Site_10,2026-05-09,present
200,Fitan Vala,reliable,Site_10,2026-05-11,present
200,Fitan Vala,reliable,Site_10,2026-05-12,present
200,Fitan Vala,reliable,Site_8,2026-05-13,present
200,Fitan Vala,reliable,Site_8,2026-05-14,present
200,Fitan Vala,reliable,Site_8,2026-05-15,present
200,Fitan Vala,reliable,Site_8,2026-05-16,present
200,Fitan Vala,reliable,Site_10,2026-05-18,present
200,Fitan Vala,reliable,Site_10,2026-05-19,present
200,Fitan Vala,reliable,Site_10,2026-05-20,present
200,Fitan Vala,reliable,Site_10,2026-05-21,present
200,Fitan Vala,reliable,Site_8,2026-05-22,present
200,Fitan Vala,reliable,Site_10,2026-05-23,present
200,Fitan Vala,reliable,Site_8,2026-05-25,present
200,Fitan Vala,reliable,Site_10,2026-05-26,present
200,Fitan Vala,reliable,Site_8,2026-05-27,present
200,Fitan Vala,reliable,Site_8,2026-05-28,present
200,Fitan Vala,reliable,Site_10,2026-05-29,present
200,Fitan Vala,reliable,Site_10,2026-05-30,present
200,Fitan Vala,reliable,Site_8,2026-06-01,present
200,Fitan Vala,reliable,Site_8,2026-06-02,present
200,Fitan Vala,reliable,Site_10,2026-06-03,present
200,Fitan Vala,reliable,Site_8,2026-06-04,present
200,Fitan Vala,reliable,Site_10,2026-06-05,present
200,Fitan Vala,reliable,Site_8,2026-06-06,present
200,Fitan Vala,reliable,Site_10,2026-06-08,present
200,Fitan Vala,reliable,Site_8,2026-06-09,present
200,Fitan Vala,reliable,Site_8,2026-06-10,present
200,Fitan Vala,reliable,Site_8,2026-06-11,present
200,Fitan Vala,reliable,Site_10,2026-06-12,present
200,Fitan Vala,reliable,Site_10,2026-06-13,present
200,Fitan Vala,reliable,Site_8,2026-06-15,present
200,Fitan Vala,reliable,Site_8,2026-06-16,present
200,Fitan Vala,reliable,Site_8,2026-06-17,present
200,Fitan Vala,reliable,Site_8,2026-06-18,absent
200,Fitan Vala,reliable,Site_10,2026-06-19,present
200,Fitan Vala,reliable,Site_10,2026-06-20,present
200,Fitan Vala,reliable,Site_10,2026-06-22,present
200,Fitan Vala,reliable,Site_8,2026-06-23,present
200,Fitan Vala,reliable,Site_8,2026-06-24,absent
200,Fitan Vala,reliable,Site_10,2026-06-25,present
200,Fitan Vala,reliable,Site_10,2026-06-26,present
200,Fitan Vala,reliable,Site_8,2026-06-27,present
200,Fitan Vala,reliable,Site_8,2026-06-29,present
200,Fitan Vala,reliable,Site_8,2026-06-30,present
200,Fitan Vala,reliable,Site_10,2026-07-01,present
200,Fitan Vala,reliable,Site_10,2026-07-02,absent
200,Fitan Vala,reliable,Site_8,2026-07-03,present
200,Fitan Vala,reliable,Site_8,2026-07-04,present
200,Fitan Vala,reliable,Site_8,2026-07-06,present
200,Fitan Vala,reliable,Site_8,2026-07-07,present
200,Fitan Vala,reliable,Site_8,2026-07-08,present
200,Fitan Vala,reliable,Site_10,2026-07-09,absent
200,Fitan Vala,reliable,Site_8,2026-07-10,present
